atleta_id,nome,clube,posicao,status_id,preco,variacao,media,jogos,pontos_rodada,entrou_em_campo,mandante,adversario,residuo_z,armadilha_label,media_bayesiana,pb_media,confiabilidade,prob_vitoria,prob_gols
99789,Brenner,VAS,Atacante,5,6.94,0.0,2.9,14,0.0,False,False,PAL,-0.293,neutro,3.602,2.33,1.0,0.351,0.504
104134,Fabri,VIT,Atacante,6,4.67,0.0,2.33,8,0.0,False,True,BAH,-0.554,armadilha_leve,2.367,1.71,1.0,0.377,0.479
107075,Yuri Sena,VIT,Goleiro,6,1.0,0.0,0.0,0,0.0,False,True,BAH,0.281,neutro,0.0,0.0,0.0,0.377,0.479
130608,Riquelme Fillipi,PAL,Atacante,6,1.46,0.0,1.37,3,0.0,False,True,VAS,1.084,valor_bom,1.054,1.37,0.375,0.575,0.504
147088,Cissé,CAM,Meia,6,2.34,0.05,1.71,12,1.7,True,False,INT,0.555,valor_bom,1.425,1.29,1.0,0.174,0.479
146623,Luis Pacheco,PAL,Meia,6,1.98,0.0,0.0,3,0.0,False,True,VAS,0.079,neutro,0.725,0.0,0.375,0.575,0.504
101729,Fabinho,CFC,Atacante,6,1.43,0.0,-0.03,7,0.0,False,True,COR,0.39,neutro,0.485,0.0,0.875,0.307,0.384
130906,Riquelme,CAP,Meia,6,1.53,0.0,1.06,5,0.0,False,False,BOT,0.991,valor_bom,1.021,1.06,0.625,0.281,0.461
141551,Índio,CAM,Meia,5,1.0,0.0,0.0,0,0.0,False,False,INT,0.526,valor_bom,0.0,0.0,0.0,0.174,0.479
145404,Arthur,PAL,Lateral,6,4.38,0.16,4.05,15,2.5,True,True,VAS,1.103,valor_bom,3.852,2.85,1.0,0.575,0.504
87552,Vitor Bueno,REM,Meia,6,7.85,0.24,3.86,16,8.4,True,False,FLU,0.367,neutro,3.936,1.98,1.0,0.313,0.527
145436,Belé,PAL,Atacante,6,3.0,0.0,0.0,0,0.0,False,True,VAS,-2.245,armadilha_forte,0.0,0.0,0.0,0.575,0.504
146632,Alisson,INT,Lateral,6,1.0,0.0,0.0,0,0.0,False,True,CAM,0.265,neutro,0.0,0.0,0.0,0.442,0.479
124270,Allex,INT,Meia,2,2.2,-0.18,1.38,9,0.0,True,True,CAM,0.422,neutro,1.2,1.38,1.0,0.442,0.479
147202,João Bezerra,INT,Atacante,6,1.19,0.0,0.6,2,0.0,False,True,CAM,1.309,valor_bom,0.869,0.6,0.25,0.442,0.479
142638,João Victor,INT,Atacante,5,1.0,0.0,0.0,0,0.0,False,True,CAM,0.539,valor_bom,0.0,0.0,0.0,0.442,0.479
141615,Pedro Ferreira,SAO,Meia,6,1.51,0.0,1.2,2,0.0,False,False,CHA,1.038,valor_bom,1.038,1.2,0.25,0.27,0.458
94930,Lucas Paquetá,FLA,Meia,2,14.34,0.8,6.28,13,9.0,True,False,CRU,0.374,neutro,5.445,5.13,1.0,0.157,0.469
130698,Kadu,BOT,Lateral,6,1.0,0.0,0.0,0,0.0,False,True,CAP,0.265,neutro,0.0,0.0,0.0,0.414,0.461
145036,Fernando Pradella,SAN,Atacante,6,0.82,0.0,0.0,1,0.0,False,True,MIR,2.004,valor_oculto,0.832,0.0,0.125,0.499,0.5
142086,Kauan Toledo,BOT,Atacante,6,2.87,0.0,2.18,5,0.0,False,True,CAP,-0.265,neutro,1.414,2.18,0.625,0.414,0.461
147788,Arthur Izaque,BOT,Atacante,6,1.0,0.0,0.0,0,0.0,False,True,CAP,0.539,valor_bom,0.0,0.0,0.0,0.414,0.461
118844,Kaio César,COR,Atacante,7,10.09,-0.1,6.15,11,3.9,True,False,CFC,0.968,valor_bom,5.594,4.24,1.0,0.211,0.384
147883,João Vitor,VAS,Atacante,6,3.49,0.0,3.13,4,0.0,False,False,PAL,-0.531,armadilha_leve,1.667,3.13,0.5,0.351,0.504
141406,Andrey Fernandes,VAS,Atacante,6,1.41,0.0,1.7,1,0.0,False,False,PAL,1.123,valor_bom,1.021,1.7,0.125,0.351,0.504
147782,Arthur Novaes,BOT,Meia,6,1.0,0.0,0.0,0,0.0,False,True,CAP,0.526,valor_bom,0.0,0.0,0.0,0.414,0.461
90608,Chico da Costa,CRU,Atacante,6,3.81,0.0,1.24,7,0.0,False,True,FLA,-0.554,armadilha_leve,1.861,0.53,0.875,0.311,0.469
101715,Alerrandro,INT,Atacante,2,6.18,-0.15,3.45,21,0.3,True,True,CAM,0.411,neutro,3.831,1.59,1.0,0.442,0.479
123738,Herrera,RBB,Atacante,7,4.56,-1.13,2.48,16,0.8,True,True,GRE,-0.36,neutro,2.455,1.98,1.0,0.539,0.504
112939,Catarozzi,REM,Meia,6,5.41,0.0,0.9,1,0.0,False,False,FLU,-1.031,armadilha_leve,1.914,0.9,0.125,0.313,0.527
148103,Rafael Soares,REM,Meia,6,1.0,0.0,0.0,0,0.0,False,False,FLU,0.526,valor_bom,0.0,0.0,0.0,0.313,0.527
108131,Garcez,CHA,Atacante,5,3.12,0.0,1.22,8,0.0,False,True,SAO,-0.955,armadilha_leve,1.078,1.22,1.0,0.264,0.458
147546,Roger,GRE,Meia,6,1.5,0.0,1.2,2,0.0,False,False,RBB,1.051,valor_bom,1.038,1.2,0.25,0.145,0.504
127969,Matheus Reis,FLU,Atacante,5,1.0,0.0,0.0,0,0.0,False,True,REM,0.539,valor_bom,0.0,0.0,0.0,0.666,0.527
141126,Pedro Cobra,CAM,Goleiro,6,1.0,0.0,0.0,0,0.0,False,False,INT,0.281,neutro,0.0,0.0,0.0,0.174,0.479
141991,Tico,REM,Atacante,6,1.1,0.0,0.5,1,0.0,False,False,FLU,1.503,valor_oculto,0.888,0.5,0.125,0.313,0.527
51413,Walter,MIR,Goleiro,7,4.51,-0.66,2.47,18,-2.4,True,False,SAN,-0.047,neutro,2.505,2.19,1.0,0.477,0.5
148124,Vinicius,CHA,Zagueiro,5,1.63,0.0,0.1,2,0.0,False,True,SAO,0.865,valor_bom,1.104,0.1,0.25,0.264,0.458
146410,Marquinhos,BOT,Meia,6,0.85,0.0,0.0,1,0.0,False,True,CAP,1.875,valor_oculto,0.886,0.0,0.125,0.414,0.461
130438,Diego,INT,Goleiro,6,1.0,0.0,0.0,0,0.0,False,True,CAM,0.281,neutro,0.0,0.0,0.0,0.442,0.479
148109,Filipe Lima,REM,Atacante,6,1.0,0.0,0.0,0,0.0,False,False,FLU,0.539,valor_bom,0.0,0.0,0.0,0.313,0.527
141165,Enzo Vagner,CFC,Atacante,6,1.04,0.0,0.5,1,0.0,False,True,COR,1.619,valor_oculto,0.888,0.5,0.125,0.307,0.384
116065,Cuiabano,VAS,Lateral,7,13.58,0.0,7.66,13,0.0,False,False,PAL,0.752,valor_bom,6.724,5.43,1.0,0.351,0.504
143463,Wesley Natã,FLU,Atacante,6,0.8,0.0,-0.3,1,0.0,False,True,REM,2.005,valor_oculto,0.799,0.0,0.125,0.666,0.527
108162,Nardoni,GRE,Meia,5,5.95,-0.41,1.93,14,0.2,True,False,RBB,-0.32,neutro,2.715,1.57,1.0,0.145,0.504
148152,Ararat,CFC,Meia,6,4.0,0.0,0.0,0,0.0,False,True,COR,-2.546,armadilha_forte,0.0,0.0,0.0,0.307,0.384
93371,Rodrigo Rodrigues,CFC,Atacante,6,3.28,0.0,-0.9,1,0.0,False,True,COR,-1.56,armadilha_forte,0.732,0.0,0.125,0.307,0.384
97911,Lucas Silva,VIT,Atacante,6,2.8,0.0,-0.17,3,0.0,False,True,BAH,-1.211,armadilha_leve,0.634,0.0,0.375,0.377,0.479
99815,Arias,PAL,Meia,7,13.91,-1.26,7.58,18,0.9,True,True,VAS,1.77,valor_oculto,6.506,5.91,1.0,0.575,0.504
148206,Nadson,SAN,Atacante,6,1.0,0.0,0.0,0,0.0,False,True,MIR,0.539,valor_bom,0.0,0.0,0.0,0.499,0.5
124386,Kainã,CHA,Goleiro,6,1.0,0.0,0.0,0,0.0,False,True,SAO,0.281,neutro,0.0,0.0,0.0,0.264,0.458
148215,Djhordney,SAO,Meia,6,0.79,0.0,-0.2,2,0.0,False,False,CHA,1.828,valor_oculto,0.758,0.0,0.25,0.27,0.458
146430,Justino,BOT,Zagueiro,7,3.24,0.0,2.74,8,0.0,False,True,CAP,0.422,neutro,2.048,1.62,1.0,0.414,0.461
110144,Spinelli,VAS,Atacante,2,5.75,0.14,3.05,15,2.1,True,False,PAL,-0.656,armadilha_leve,2.825,2.52,1.0,0.351,0.504
131964,Jhoan Hernández,BOT,Lateral,6,3.69,0.0,0.0,1,0.0,False,True,CAP,-0.972,armadilha_leve,1.664,0.0,0.125,0.414,0.461
97899,Matheus Bahia,INT,Lateral,3,8.06,0.52,4.72,15,10.3,True,True,CAM,0.368,neutro,4.888,3.25,1.0,0.442,0.479
130393,Luiz Gustavo,BAH,Zagueiro,6,1.0,0.0,0.0,0,0.0,False,False,VIT,0.395,neutro,0.0,0.0,0.0,0.239,0.479
143465,Keven Samuel,FLU,Atacante,6,1.0,0.0,0.0,0,0.0,False,True,REM,0.539,valor_bom,0.0,0.0,0.0,0.666,0.527
145563,João Ananias,SAN,Zagueiro,6,3.43,0.64,2.5,6,4.7,True,True,MIR,0.01,neutro,1.846,2.0,0.75,0.499,0.5
104666,Moisés,SAN,Atacante,5,4.78,0.0,2.35,13,0.0,False,True,MIR,-0.626,armadilha_leve,2.371,0.73,1.0,0.499,0.5
126189,Tomás Pérez,CAM,Meia,6,4.13,0.0,1.54,12,0.0,False,False,INT,-0.498,neutro,1.74,1.54,1.0,0.174,0.479
141595,Gabriel Mec,GRE,Atacante,6,3.17,-1.28,2.89,15,3.8,True,False,RBB,0.475,neutro,2.21,1.82,1.0,0.145,0.504
139200,Pedro Kauã,INT,Zagueiro,6,1.0,0.0,0.0,0,0.0,False,True,CAM,0.395,neutro,0.0,0.0,0.0,0.442,0.479
104036,Labyad,COR,Meia,5,4.52,0.0,2.05,11,0.0,False,False,CFC,-0.368,neutro,2.046,0.69,1.0,0.211,0.384
147545,Jefinho,GRE,Meia,6,1.46,0.0,1.5,1,0.0,False,False,RBB,1.124,valor_bom,1.053,1.5,0.125,0.145,0.504
109987,Medina,BOT,Meia,7,7.08,0.03,3.86,13,4.2,True,True,CAP,0.686,valor_bom,3.947,3.48,1.0,0.414,0.461
105048,Jajá,REM,Atacante,7,6.23,-1.4,5.32,19,0.4,True,False,FLU,2.138,valor_oculto,5.175,2.53,1.0,0.313,0.527
133671,Gustavo Reis,RBB,Goleiro,6,1.0,0.0,0.0,0,0.0,False,True,GRE,0.281,neutro,0.0,0.0,0.0,0.539,0.504
92747,Eduardo Domínguez,CAM,Técnico,7,10.7,0.4,5.4,18,8.21,True,False,INT,-0.475,neutro,5.614,5.4,1.0,0.174,0.479
101807,Oliva,SAN,Meia,7,6.1,-0.07,2.83,14,1.4,True,True,MIR,0.311,neutro,3.288,2.12,1.0,0.499,0.5
142261,Jeferson,GRE,Atacante,6,1.0,0.0,0.0,0,0.0,False,False,RBB,0.539,valor_bom,0.0,0.0,0.0,0.145,0.504
142275,Luiz Felipe,FLA,Meia,6,1.0,0.0,0.0,0,0.0,False,False,CRU,0.526,valor_bom,0.0,0.0,0.0,0.157,0.469
93368,Lucas Veríssimo,SAN,Zagueiro,5,8.63,0.0,4.01,12,0.0,False,True,MIR,0.069,neutro,3.987,3.01,1.0,0.499,0.5
141400,Huguinho,BOT,Meia,7,4.48,-1.51,3.74,5,-2.1,True,True,CAP,0.451,neutro,2.694,2.74,0.625,0.414,0.461
147875,Daniel Silva,FLA,Zagueiro,6,1.0,0.0,0.0,0,0.0,False,False,CRU,0.395,neutro,0.0,0.0,0.0,0.157,0.469
93834,Keiller,CFC,Goleiro,6,4.0,0.0,0.0,0,0.0,False,True,COR,-2.153,armadilha_forte,0.0,0.0,0.0,0.307,0.384
88963,Leonardo Jardim,FLA,Técnico,7,13.84,0.3,7.33,19,11.64,True,False,CRU,0.699,valor_bom,6.964,7.33,1.0,0.157,0.469
81720,Lingard,COR,Atacante,6,3.96,-0.24,1.78,13,0.6,True,False,CFC,-0.472,neutro,2.018,1.4,1.0,0.211,0.384
147268,Anderson Pato,VIT,Atacante,5,3.12,0.0,1.38,4,0.0,False,True,BAH,-0.947,armadilha_leve,1.084,1.38,0.5,0.377,0.479
124219,Millán,FLU,Zagueiro,6,4.11,-0.75,0.75,4,0.0,True,True,REM,-1.376,armadilha_leve,1.153,0.75,0.5,0.666,0.527
100804,Tchamba,REM,Zagueiro,7,4.58,-0.53,2.19,15,3.8,True,False,FLU,-0.086,neutro,2.394,1.79,1.0,0.313,0.527
124424,Rodrigo Castillo,FLU,Atacante,6,7.87,0.0,3.86,13,0.0,False,True,REM,0.082,neutro,4.229,1.63,1.0,0.666,0.527
142260,Bernardo Zortea,GRE,Meia,6,0.77,0.0,0.13,3,0.0,False,False,RBB,1.87,valor_oculto,0.761,0.13,0.375,0.145,0.504
133690,Bruno Lopes,VAS,Atacante,6,1.57,0.0,1.7,1,0.0,False,False,PAL,0.865,valor_bom,1.021,1.7,0.125,0.351,0.504
37457,Léo Condé,REM,Técnico,7,7.83,-0.14,4.67,19,3.8,True,False,FLU,0.108,neutro,4.678,4.67,1.0,0.313,0.527
140726,David Martins,BAH,Meia,6,0.65,0.0,-0.1,3,0.0,False,False,VIT,2.028,valor_oculto,0.698,0.0,0.375,0.239,0.479
110605,Vinícius Balieiro,CHA,Meia,7,3.62,0.0,1.84,5,0.0,False,True,SAO,0.128,neutro,1.964,1.84,0.625,0.264,0.458
121823,Kauê,COR,Goleiro,6,5.52,0.0,8.7,2,0.0,False,False,CFC,1.893,valor_oculto,5.035,6.2,0.25,0.211,0.384
129661,Wendel,BAH,Meia,6,1.0,0.0,0.0,0,0.0,False,False,VIT,0.526,valor_bom,0.0,0.0,0.0,0.239,0.479
84268,Georgemy,MIR,Goleiro,6,3.0,0.0,0.0,0,0.0,False,False,SAN,-1.56,armadilha_forte,0.0,0.0,0.0,0.477,0.5
115537,Marcos Victor,BAH,Zagueiro,6,4.18,0.0,2.67,3,0.0,False,False,VIT,0.627,valor_bom,2.748,1.67,0.375,0.239,0.479
145659,Nicolas,SAO,Lateral,6,2.79,0.0,5.0,1,0.0,False,False,CHA,0.489,neutro,2.22,2.0,0.125,0.27,0.458
130232,Caio Roque,BOT,Lateral,6,5.72,0.0,4.0,3,0.0,False,True,CAP,-0.007,neutro,3.622,2.33,0.375,0.414,0.461
141752,Caio Valle,BOT,Meia,6,1.0,0.0,0.0,0,0.0,False,True,CAP,0.526,valor_bom,0.0,0.0,0.0,0.414,0.461
148125,Ryan Augusto,RBB,Lateral,6,3.78,0.0,3.7,5,0.0,False,True,GRE,0.036,neutro,2.575,3.1,0.625,0.539,0.504
107256,Zé Vitor,VIT,Meia,7,6.21,0.92,4.16,13,7.4,True,True,BAH,1.296,valor_bom,4.133,3.78,1.0,0.377,0.479
141184,Walace Falcão,VAS,Zagueiro,6,1.0,0.0,0.0,0,0.0,False,False,PAL,0.395,neutro,0.0,0.0,0.0,0.351,0.504
95131,Gabriel Taliari,REM,Atacante,7,8.86,-1.2,5.4,11,2.4,True,False,FLU,0.873,valor_bom,5.16,2.49,1.0,0.313,0.527
107093,Luciano Juba,BAH,Lateral,7,10.35,-0.91,6.92,19,0.0,True,False,VIT,1.324,valor_bom,6.411,3.5,1.0,0.239,0.479
142257,Luis Eduardo,GRE,Zagueiro,6,1.45,0.0,-0.3,2,0.0,False,False,RBB,1.008,valor_bom,1.024,0.0,0.25,0.145,0.504
143153,Tarzia,VIT,Atacante,6,4.67,0.98,3.3,16,8.2,True,True,BAH,0.274,neutro,3.001,1.99,1.0,0.377,0.479
143252,Gean,VIT,Lateral,6,1.0,0.0,0.0,0,0.0,False,True,BAH,0.265,neutro,0.0,0.0,0.0,0.377,0.479
147560,Caio Suassuna,BAH,Atacante,6,2.64,0.0,2.0,1,0.0,False,False,VIT,-0.489,neutro,1.054,2.0,0.125,0.239,0.479
147192,Claudinho,CAP,Lateral,5,7.84,0.0,7.52,6,0.0,False,False,BOT,2.009,valor_oculto,6.195,5.19,0.75,0.281,0.461
103347,Matheus Alexandre,REM,Lateral,7,4.19,0.0,1.92,11,0.0,False,False,FLU,-1.074,armadilha_leve,1.9,1.1,1.0,0.313,0.527
127273,Artur Jorge,CRU,Técnico,7,11.92,-0.08,6.43,15,7.23,True,True,FLA,0.419,neutro,6.313,6.43,1.0,0.311,0.469
102877,Gabriel Poveda,REM,Atacante,6,2.68,0.0,0.66,11,0.0,False,False,FLU,-0.896,armadilha_leve,0.776,0.66,1.0,0.313,0.527
123005,Sidney,BAH,Meia,6,1.0,0.0,0.0,0,0.0,False,False,VIT,0.526,valor_bom,0.0,0.0,0.0,0.239,0.479
97905,Matheus Aurélio,CHA,Goleiro,6,2.61,0.0,1.7,2,0.0,False,True,SAO,0.985,valor_bom,2.408,1.7,0.25,0.264,0.458
42411,Cuca,SAN,Técnico,7,10.71,0.89,5.86,14,10.31,True,True,MIR,0.501,valor_bom,5.945,5.86,1.0,0.499,0.5
149715,Rafael Gonzaga,SAN,Lateral,6,2.79,0.0,2.4,1,0.0,False,True,MIR,0.146,neutro,1.931,2.4,0.125,0.499,0.5
141405,Avellar,VAS,Lateral,6,1.49,0.0,1.5,1,0.0,False,False,PAL,1.609,valor_oculto,1.831,1.5,0.125,0.351,0.504
101820,Mayk,REM,Lateral,5,5.75,0.0,3.27,14,0.0,False,False,FLU,-0.349,neutro,3.347,2.27,1.0,0.313,0.527
121811,Da Silva,CHA,Meia,6,3.0,0.0,0.0,0,0.0,False,True,SAO,-1.798,armadilha_forte,0.0,0.0,0.0,0.264,0.458
124264,Kauan Jesus,INT,Goleiro,6,1.0,0.0,0.0,0,0.0,False,True,CAM,0.281,neutro,0.0,0.0,0.0,0.442,0.479
130282,Anthony,BOT,Zagueiro,6,3.0,0.0,0.0,0,0.0,False,True,CAP,-2.009,armadilha_forte,0.0,0.0,0.0,0.414,0.461
148717,Tetê,SAO,Atacante,6,0.65,0.0,-0.4,4,0.0,False,False,CHA,1.952,valor_oculto,0.491,0.0,0.5,0.27,0.458
130209,Renê,VIT,Atacante,7,8.41,-0.03,6.23,14,2.3,True,True,BAH,1.793,valor_oculto,5.721,3.02,1.0,0.377,0.479
147089,Cauã Soares,CAM,Atacante,6,1.24,0.0,0.64,5,0.0,False,False,INT,1.157,valor_bom,0.822,0.64,0.625,0.174,0.479
94034,Kevin Ramírez,CHA,Atacante,6,4.21,-0.62,3.18,5,3.5,True,True,SAO,0.224,neutro,2.702,2.18,0.625,0.264,0.458
123016,David Braga,REM,Meia,6,2.82,-0.21,1.12,9,0.0,True,False,FLU,-0.341,neutro,1.062,1.12,1.0,0.313,0.527
149991,David,CFC,Atacante,6,0.92,0.0,0.0,1,0.0,False,True,COR,1.789,valor_oculto,0.832,0.0,0.125,0.307,0.384
149994,Jhuan Nunes,RBB,Atacante,6,1.83,0.0,2.3,1,0.0,False,True,GRE,0.566,valor_bom,1.088,2.3,0.125,0.539,0.504
149990,Franclim Carvalho,BOT,Técnico,7,10.72,-0.5,5.01,11,2.87,True,True,CAP,-0.934,armadilha_leve,5.467,5.01,1.0,0.414,0.461
141795,Kauan Coutinho,VIT,Zagueiro,6,1.0,0.0,0.0,0,0.0,False,True,BAH,0.395,neutro,0.0,0.0,0.0,0.377,0.479
130309,Rodrigo Falcão,SAN,Goleiro,6,1.0,0.0,0.0,0,0.0,False,True,MIR,0.281,neutro,0.0,0.0,0.0,0.499,0.5
132750,João Pedro,SAN,Goleiro,6,1.0,0.0,0.0,0,0.0,False,True,MIR,0.281,neutro,0.0,0.0,0.0,0.499,0.5
130399,Igor Felisberto,SAO,Lateral,6,1.0,0.0,0.0,0,0.0,False,False,CHA,0.265,neutro,0.0,0.0,0.0,0.27,0.458
149993,Iago Machado,COR,Zagueiro,6,1.0,0.0,0.0,0,0.0,False,False,CFC,0.395,neutro,0.0,0.0,0.0,0.211,0.384
150197,Osorio,SAO,Zagueiro,6,2.24,0.0,2.32,5,0.0,False,False,CHA,0.941,valor_bom,1.726,1.32,0.625,0.27,0.458
85465,Alex Santana,COR,Meia,6,4.02,0.0,0.8,1,0.0,False,False,CFC,-0.225,neutro,1.903,0.8,0.125,0.211,0.384
143255,Kauan Vitor,VIT,Lateral,6,1.0,0.0,0.0,0,0.0,False,True,BAH,0.265,neutro,0.0,0.0,0.0,0.377,0.479
150826,Nícollas,COR,Atacante,6,1.0,0.0,0.0,0,0.0,False,False,CFC,0.539,valor_bom,0.0,0.0,0.0,0.211,0.384
146701,Benjamin Arhin,INT,Meia,5,1.73,0.0,-0.3,1,0.0,False,True,CAM,0.529,valor_bom,0.853,0.0,0.125,0.442,0.479
150757,Samuel Pierri,SAN,Meia,6,1.88,0.0,0.45,2,0.0,False,True,MIR,0.393,neutro,0.888,0.45,0.25,0.499,0.5
143253,Wendell,VIT,Meia,6,2.0,0.0,0.0,0,0.0,False,True,BAH,-0.833,armadilha_leve,0.0,0.0,0.0,0.377,0.479
150825,Breno,RBB,Zagueiro,6,2.8,0.0,3.35,2,0.0,False,True,GRE,0.424,neutro,1.754,1.85,0.25,0.539,0.504
129665,Pablo,VAS,Goleiro,6,1.0,0.0,0.0,0,0.0,False,False,PAL,0.281,neutro,0.0,0.0,0.0,0.351,0.504
147877,Cauan Farias,VIT,Zagueiro,6,1.0,0.0,0.0,0,0.0,False,True,BAH,0.395,neutro,0.0,0.0,0.0,0.377,0.479
150952,Arthur Monteiro,CAP,Lateral,6,1.0,0.0,0.0,0,0.0,False,False,BOT,0.265,neutro,0.0,0.0,0.0,0.281,0.461
142868,Johnny,FLA,Lateral,6,0.89,-0.11,0.0,1,0.0,True,False,CRU,2.449,valor_oculto,1.664,0.0,0.125,0.157,0.469
150180,Ramon Rique,VAS,Meia,6,2.93,0.0,2.83,4,0.0,False,False,PAL,0.234,neutro,1.608,1.58,0.5,0.351,0.504
145660,Luiz Felipe,INT,Lateral,6,1.65,0.0,1.45,2,0.0,False,True,CAM,1.324,valor_bom,1.788,1.45,0.25,0.442,0.479
141606,Hugo Leonardo,SAO,Meia,6,0.91,0.0,0.0,1,0.0,False,False,CHA,1.768,valor_oculto,0.886,0.0,0.125,0.27,0.458
141382,Gustavo Santana,SAO,Atacante,6,1.81,0.0,0.0,1,0.0,False,False,CHA,0.26,neutro,0.832,0.0,0.125,0.27,0.458
148092,Vitor Ramon,GRE,Lateral,6,1.0,0.0,0.2,1,0.0,False,False,RBB,2.263,valor_oculto,1.687,0.2,0.125,0.145,0.504
147792,Koné,PAL,Zagueiro,6,2.0,0.0,0.0,0,0.0,False,True,VAS,-1.011,armadilha_leve,0.0,0.0,0.0,0.575,0.504
144898,Vitinho,CAP,Lateral,6,1.0,0.0,0.0,0,0.0,False,False,BOT,0.265,neutro,0.0,0.0,0.0,0.281,0.461
144255,João Alencar,SAN,Zagueiro,6,1.0,0.0,0.0,0,0.0,False,True,MIR,0.395,neutro,0.0,0.0,0.0,0.499,0.5
150959,Davizinho,SAN,Lateral,6,0.81,0.0,0.0,2,0.0,False,True,MIR,2.415,valor_oculto,1.498,0.0,0.25,0.499,0.5
130279,Lukas Zuccarello,VAS,Meia,6,2.32,0.0,1.3,1,0.0,False,False,PAL,0.092,neutro,1.031,1.3,0.125,0.351,0.504
145703,Kaio Nóbrega,FLA,Meia,6,1.0,0.0,0.0,0,0.0,False,False,CRU,0.526,valor_bom,0.0,0.0,0.0,0.157,0.469
150995,Sayago,FLA,Meia,6,2.0,0.0,0.0,0,0.0,False,False,CRU,-0.833,armadilha_leve,0.0,0.0,0.0,0.157,0.469
131766,Filipinho,RBB,Atacante,6,1.0,0.0,0.0,0,0.0,False,True,GRE,0.539,valor_bom,0.0,0.0,0.0,0.539,0.504
132553,Jemmes,FLU,Zagueiro,6,6.64,-0.18,3.57,16,2.9,True,True,REM,0.499,neutro,3.697,2.69,1.0,0.666,0.527
148126,Weimar Palacios,RBB,Zagueiro,6,1.0,0.0,0.0,0,0.0,False,True,GRE,0.395,neutro,0.0,0.0,0.0,0.539,0.504
141125,Robert,CAM,Goleiro,6,1.0,0.0,0.0,0,0.0,False,False,INT,0.281,neutro,0.0,0.0,0.0,0.174,0.479
97101,Gabriel Rojas,CRU,Lateral,7,6.83,0.0,3.85,4,0.0,False,True,FLA,0.755,valor_bom,4.751,3.1,0.5,0.311,0.469
151003,Eduardo,PAL,Atacante,6,1.0,0.0,0.0,0,0.0,False,True,VAS,0.539,valor_bom,0.0,0.0,0.0,0.575,0.504
147544,Gabriel Menegon,GRE,Goleiro,6,1.81,0.0,0.0,1,0.0,False,False,RBB,2.557,valor_oculto,3.369,0.0,0.125,0.145,0.504
144889,Victor Gabriel,PAL,Meia,6,1.0,0.0,0.0,0,0.0,False,True,VAS,0.526,valor_bom,0.0,0.0,0.0,0.575,0.504
151120,Jorge Rivaldo,CAP,Atacante,6,3.86,-0.56,-0.15,2,0.0,True,False,BOT,-0.554,armadilha_leve,1.893,0.0,0.25,0.281,0.461
141536,Yuri Alves,RBB,Meia,6,1.41,-0.07,1.0,2,0.5,True,True,GRE,1.125,valor_bom,0.998,1.0,0.25,0.539,0.504
145413,Rafael Coutinho,PAL,Meia,6,1.0,0.0,0.0,0,0.0,False,True,VAS,0.526,valor_bom,0.0,0.0,0.0,0.575,0.504
106907,Rafael Lacerda,CHA,Técnico,7,8.13,0.41,4.15,4,6.56,True,True,SAO,-0.781,armadilha_leve,4.514,4.15,0.5,0.264,0.458
37715,Thiago Silva,FLU,Zagueiro,7,7.07,0.0,2.5,2,0.0,False,True,REM,0.263,neutro,3.661,1.0,0.25,0.666,0.527
146663,Kauan Lima,PAL,Goleiro,6,1.0,0.0,0.0,0,0.0,False,True,VAS,0.281,neutro,0.0,0.0,0.0,0.575,0.504
130307,Wallace,GRE,Zagueiro,7,5.12,-0.96,4.3,2,-0.1,True,False,RBB,0.478,neutro,3.082,1.3,0.25,0.145,0.504
114208,Alejo Véliz,BAH,Atacante,7,5.8,1.79,2.9,4,9.6,True,False,VIT,-1.02,armadilha_leve,2.569,0.9,0.5,0.239,0.479
98617,Maripán,INT,Zagueiro,7,4.12,-0.62,1.88,5,1.7,True,True,CAM,-0.864,armadilha_leve,1.557,1.28,0.625,0.442,0.479
120681,Marco Moreno,BAH,Zagueiro,6,4.0,0.0,0.0,0,0.0,False,False,VIT,-2.783,armadilha_forte,0.0,0.0,0.0,0.239,0.479
107203,Max,CHA,Meia,5,4.39,0.0,1.85,2,0.0,False,True,SAO,-0.341,neutro,2.003,1.85,0.25,0.264,0.458
141763,Fabiano Souza,VIT,Lateral,7,3.85,0.0,0.23,3,0.0,False,True,BAH,-1.381,armadilha_leve,1.425,0.23,0.375,0.377,0.479
94214,Léo Duarte,CAM,Zagueiro,5,5.0,0.0,0.0,0,0.0,False,False,INT,-3.415,armadilha_forte,0.0,0.0,0.0,0.174,0.479
103626,Ocampo,CFC,Atacante,5,4.51,0.0,1.1,3,0.0,False,True,COR,-0.855,armadilha_leve,2.048,1.1,0.375,0.307,0.384
151294,Juan Ferreira,CHA,Meia,6,1.0,0.0,0.0,0,0.0,False,True,SAO,0.526,valor_bom,0.0,0.0,0.0,0.264,0.458
108946,Victor Sá,SAO,Atacante,6,6.08,1.76,2.7,4,9.9,True,False,CHA,0.844,valor_bom,4.12,1.45,0.5,0.27,0.458
102310,Matheus Felipe,REM,Zagueiro,6,4.14,0.0,2.7,2,0.0,False,False,FLU,0.672,valor_bom,2.762,1.2,0.25,0.313,0.527
124369,Léo Aragão,CRU,Goleiro,5,2.0,0.0,0.0,0,0.0,False,True,FLA,-0.796,armadilha_leve,0.0,0.0,0.0,0.311,0.469
130443,Luciano,CHA,Zagueiro,6,1.0,0.0,0.0,0,0.0,False,True,SAO,0.395,neutro,0.0,0.0,0.0,0.264,0.458
105901,Edson Fernando,REM,Meia,6,2.62,0.0,-0.3,1,0.0,False,False,FLU,-0.417,neutro,0.853,0.0,0.125,0.313,0.527
113558,Bruninho,RBB,Meia,6,4.0,0.0,0.0,0,0.0,False,True,GRE,-2.546,armadilha_forte,0.0,0.0,0.0,0.539,0.504
106199,Gabriel Pec,CRU,Atacante,5,7.94,0.0,4.1,1,0.0,False,True,FLA,0.729,valor_bom,4.749,4.1,0.125,0.311,0.469
123445,Dantas,CAP,Zagueiro,6,5.1,0.0,1.5,1,0.0,False,False,BOT,-0.085,neutro,2.635,1.5,0.125,0.281,0.461
109114,Matheus Nascimento,GRE,Atacante,6,4.0,0.0,0.0,0,0.0,False,False,RBB,-3.141,armadilha_forte,0.0,0.0,0.0,0.145,0.504
117061,Gabriel Knesowitsch,MIR,Zagueiro,6,2.25,0.0,-0.03,3,0.0,False,False,SAN,-0.033,neutro,0.977,0.0,0.375,0.477,0.5
126996,Paulinho,VAS,Lateral,6,4.0,0.0,0.0,0,0.0,False,False,PAL,-3.184,armadilha_forte,0.0,0.0,0.0,0.351,0.504
99267,Pochettino,VIT,Meia,6,4.69,-0.52,1.12,4,0.8,True,True,BAH,-0.853,armadilha_leve,1.734,1.12,0.5,0.377,0.479
112985,Peralta,CRU,Meia,5,4.0,0.0,0.0,0,0.0,False,True,FLA,-2.546,armadilha_forte,0.0,0.0,0.0,0.311,0.469
101995,Brítez,VIT,Zagueiro,6,5.88,0.62,3.3,3,5.7,True,True,BAH,-0.136,neutro,2.92,2.3,0.375,0.377,0.479
91130,Fernandinho,MIR,Atacante,7,4.61,-0.33,3.4,3,1.9,True,False,SAN,-0.107,neutro,2.676,3.4,0.375,0.477,0.5
103967,Bruno Santos,MIR,Atacante,7,3.45,0.13,1.18,4,2.9,True,False,SAN,-1.344,armadilha_leve,1.017,1.18,0.5,0.477,0.5
103562,Guido Herrera,BAH,Goleiro,6,6.0,0.0,0.0,0,0.0,False,False,VIT,-3.047,armadilha_forte,0.0,0.0,0.0,0.239,0.479
128177,Pedro Emanuel,VAS,Técnico,7,10.27,-1.1,4.77,3,2.7,True,False,PAL,-1.669,armadilha_forte,5.063,4.77,0.375,0.351,0.504
99034,Elias,MIR,Lateral,6,3.41,0.0,1.8,1,0.0,False,False,SAN,-0.503,armadilha_leve,1.864,1.8,0.125,0.477,0.5
124483,Lucas Monzón,BOT,Zagueiro,6,3.42,-0.58,-0.4,1,-0.4,True,True,CAP,-0.864,armadilha_leve,1.16,0.0,0.125,0.414,0.461
146833,Cléber Lucas,BOT,Goleiro,6,1.0,0.0,0.0,0,0.0,False,True,CAP,0.281,neutro,0.0,0.0,0.0,0.414,0.461
151406,Herick,BOT,Zagueiro,6,1.0,0.0,0.0,0,0.0,False,True,CAP,0.395,neutro,0.0,0.0,0.0,0.414,0.461
151405,Victor Hugo,BOT,Meia,6,1.0,0.0,0.0,0,0.0,False,True,CAP,0.526,valor_bom,0.0,0.0,0.0,0.414,0.461
101352,Bruno Matias,CHA,Meia,6,2.63,-0.58,1.12,4,0.8,True,True,SAO,-0.199,neutro,1.038,1.12,0.5,0.264,0.458
122121,Túlio Eduardo,CHA,Atacante,7,7.38,1.03,8.2,2,7.0,True,True,SAO,1.975,valor_oculto,5.504,0.2,0.25,0.264,0.458
151404,Lucas Emanuel,BOT,Atacante,6,1.45,0.0,1.4,1,0.0,False,True,CAP,1.014,valor_bom,0.988,1.4,0.125,0.414,0.461
122321,Lorran,FLA,Meia,6,8.0,0.0,5.93,3,0.0,False,False,CRU,1.114,valor_bom,4.591,4.26,0.375,0.157,0.469
98333,Gabriel Batista,BOT,Goleiro,6,3.0,0.0,0.0,0,0.0,False,True,CAP,-1.56,armadilha_forte,0.0,0.0,0.0,0.414,0.461
151436,Miguel Bilong,PAL,Atacante,6,2.0,0.0,0.0,0,0.0,False,True,VAS,-1.09,armadilha_leve,0.0,0.0,0.0,0.575,0.504
91204,Warleson,BOT,Goleiro,7,6.12,-0.2,5.67,3,2.1,True,True,CAP,1.194,valor_bom,4.542,4.0,0.375,0.414,0.461
97450,Gustavo Mosquito,MIR,Atacante,6,4.35,-0.64,1.37,3,0.8,True,False,SAN,-0.64,armadilha_leve,2.122,1.37,0.375,0.477,0.5
146964,Filipe Sirio,INT,Goleiro,6,1.0,0.0,0.0,0,0.0,False,True,CAM,0.281,neutro,0.0,0.0,0.0,0.442,0.479
91626,Paulinho,BOT,Lateral,5,4.4,0.0,-0.3,1,0.0,False,True,CAP,0.152,neutro,3.061,0.0,0.125,0.414,0.461
118806,Buta,SAO,Lateral,6,5.0,0.0,0.0,0,0.0,False,False,CHA,-3.87,armadilha_forte,0.0,0.0,0.0,0.27,0.458
146624,Heittor,PAL,Atacante,6,1.17,0.0,0.55,2,0.0,False,True,VAS,1.333,valor_bom,0.859,0.55,0.25,0.575,0.504
150841,Fabricio Prado,INT,Atacante,6,1.0,0.0,0.0,0,0.0,False,True,CAM,0.539,valor_bom,0.0,0.0,0.0,0.442,0.479
141339,Paulo Roberto,CFC,Atacante,6,3.89,0.35,3.4,3,2.0,True,True,COR,0.444,neutro,2.676,0.73,0.375,0.307,0.384
109097,Jovane Cabral,GRE,Atacante,2,8.34,0.0,4.35,2,0.0,False,False,RBB,0.534,valor_bom,4.734,1.85,0.25,0.145,0.504
115247,Kaique,PAL,Goleiro,6,1.0,0.0,0.0,0,0.0,False,True,VAS,0.281,neutro,0.0,0.0,0.0,0.575,0.504
131762,Isac,SAO,Zagueiro,6,1.0,0.0,0.0,0,0.0,False,False,CHA,0.395,neutro,0.0,0.0,0.0,0.27,0.458
150842,Gabriel Vinicius,INT,Meia,6,1.0,0.0,0.0,0,0.0,False,True,CAM,0.526,valor_bom,0.0,0.0,0.0,0.442,0.479
147468,Wellington,CHA,Goleiro,6,1.0,0.0,0.0,0,0.0,False,True,SAO,0.281,neutro,0.0,0.0,0.0,0.264,0.458
95541,Gustavo Cazonatti,MIR,Meia,7,3.35,-0.53,2.03,3,1.0,True,False,SAN,0.421,neutro,2.038,2.03,0.375,0.477,0.5
151440,Gutte,CAM,Meia,6,1.0,0.0,0.0,0,0.0,False,False,INT,0.526,valor_bom,0.0,0.0,0.0,0.174,0.479
109573,Martinelli,FLU,Meia,7,5.67,0.4,1.96,15,4.7,True,True,REM,-1.074,armadilha_leve,1.988,1.29,1.0,0.666,0.527
93637,Bruno Tubarão,CHA,Lateral,5,3.17,0.0,1.1,1,0.0,False,True,SAO,-0.384,neutro,1.787,1.1,0.125,0.264,0.458
151412,Kássio,CHA,Atacante,6,1.49,0.0,1.5,1,0.0,False,True,SAO,0.964,valor_bom,0.999,1.5,0.125,0.264,0.458
109461,Calebe,INT,Meia,6,5.41,-0.22,1.15,2,1.8,True,True,CAM,-1.094,armadilha_leve,1.863,1.15,0.25,0.442,0.479
106950,Fernando,CHA,Lateral,7,5.37,0.99,4.03,3,5.9,True,True,SAO,0.205,neutro,3.631,4.03,0.375,0.264,0.458
122670,Diego Caito,GRE,Lateral,7,5.88,0.06,4.47,3,2.7,True,False,RBB,0.058,neutro,3.751,2.47,0.375,0.145,0.504
144976,Domingos Andrade,BOT,Meia,6,5.04,0.04,1.5,1,1.5,True,True,CAP,-0.75,armadilha_leve,1.981,1.5,0.125,0.414,0.461
117314,Thiago Borbas,CAM,Atacante,6,3.5,0.0,-0.3,1,0.0,False,False,INT,0.031,neutro,2.104,0.0,0.125,0.174,0.479
141160,Zé Lucas,CRU,Meia,6,6.15,-0.39,2.3,2,1.7,True,True,FLA,0.831,valor_bom,3.731,2.3,0.25,0.311,0.469
100596,Krovinovic,GRE,Meia,7,5.34,0.34,2.3,1,2.3,True,False,RBB,-0.803,armadilha_leve,2.07,2.3,0.125,0.145,0.504
141344,Vitor Tissi,CFC,Meia,7,1.65,0.64,1.3,3,3.2,True,True,COR,0.908,valor_bom,1.08,1.3,0.375,0.307,0.384
127871,Vargas,CAP,Atacante,6,8.98,1.75,4.65,2,9.3,True,False,BOT,0.346,neutro,4.794,0.65,0.25,0.281,0.461
114801,Danilo Pereira,BOT,Atacante,6,5.33,0.35,2.35,2,3.5,True,True,CAP,-0.962,armadilha_leve,2.393,2.35,0.25,0.414,0.461
106313,Domingos Duarte,SAO,Zagueiro,7,6.72,1.72,5.9,1,5.9,True,False,CHA,1.069,valor_bom,4.168,5.9,0.125,0.27,0.458
151292,Felipe Morais,CRU,Meia,6,2.26,0.3,2.4,2,2.1,True,True,FLA,0.456,neutro,1.278,2.4,0.25,0.311,0.469
123795,Lucho Rodríguez,CRU,Atacante,6,8.92,1.92,7.0,1,7.0,True,True,FLA,0.732,valor_bom,5.071,2.0,0.125,0.311,0.469
147201,João Kempes,INT,Meia,6,2.0,0.0,0.0,0,0.0,False,True,CAM,-0.833,armadilha_leve,0.0,0.0,0.0,0.442,0.479
130121,João Costa,CRU,Atacante,6,4.45,0.05,0.9,2,2.1,True,True,FLA,-0.74,armadilha_leve,2.103,0.9,0.25,0.311,0.469
147878,Alejandro,VIT,Meia,6,2.0,0.0,0.0,0,0.0,False,True,BAH,-0.833,armadilha_leve,0.0,0.0,0.0,0.377,0.479
117909,Wesley,CRU,Atacante,7,10.9,0.0,9.5,1,0.0,False,True,FLA,0.365,neutro,5.349,1.5,0.125,0.311,0.469
142764,Franco Rossi,CHA,Atacante,7,3.69,0.52,2.25,2,3.3,True,True,SAO,0.216,neutro,2.373,2.25,0.25,0.264,0.458
102255,Santiago Sosa,VAS,Meia,7,8.06,0.06,2.4,1,2.4,True,False,PAL,0.247,neutro,3.902,2.4,0.125,0.351,0.504
73476,Marcão,FLU,Técnico,7,12.13,2.06,8.23,1,8.23,True,True,REM,0.283,neutro,6.332,8.23,0.125,0.666,0.527
114323,Colidio,VAS,Atacante,7,7.51,0.51,3.3,1,3.3,True,False,PAL,0.811,valor_bom,4.66,3.3,0.125,0.351,0.504
151492,Marquinhos,RBB,Lateral,6,1.0,0.0,0.0,0,0.0,False,True,GRE,0.265,neutro,0.0,0.0,0.0,0.539,0.504
104649,Heitor,CHA,Lateral,6,4.91,0.91,3.5,1,3.5,True,True,SAO,0.312,neutro,3.483,3.5,0.125,0.264,0.458
101237,Eliasson,INT,Atacante,6,5.0,0.0,0.0,0,0.0,False,True,CAM,-3.873,armadilha_forte,0.0,0.0,0.0,0.442,0.479
87747,Yago Felipe,CHA,Meia,6,7.94,2.94,9.1,1,9.1,True,True,SAO,1.204,valor_bom,4.646,4.1,0.125,0.264,0.458
130444,Rodrigo,CHA,Atacante,6,1.0,0.0,0.0,0,0.0,False,True,SAO,0.539,valor_bom,0.0,0.0,0.0,0.264,0.458
77510,Fred,CAM,Meia,6,9.0,0.0,0.0,0,0.0,False,False,INT,-4.87,armadilha_forte,0.0,0.0,0.0,0.174,0.479
86777,Danilo Barbosa,GRE,Meia,6,6.0,0.0,0.0,0,0.0,False,False,RBB,-3.674,armadilha_forte,0.0,0.0,0.0,0.145,0.504
82407,Chico Kim,MIR,Meia,6,2.91,0.0,0.43,4,0.0,False,False,SAN,-0.73,armadilha_leve,0.808,0.43,0.5,0.477,0.5
141594,Pedro Gabriel,GRE,Lateral,6,5.09,0.39,3.54,11,3.7,True,False,RBB,0.237,neutro,3.515,1.99,1.0,0.145,0.504
86864,Marlon,REM,Lateral,7,4.54,-0.46,0.2,1,0.2,True,False,FLU,0.121,neutro,3.116,0.2,0.125,0.313,0.527
147736,Pepê Fermino,SAN,Meia,5,1.0,0.0,0.0,0,0.0,False,True,MIR,0.526,valor_bom,0.0,0.0,0.0,0.499,0.5
124961,Castaño,CAM,Meia,6,6.02,-0.98,-0.6,1,-0.6,True,False,INT,0.693,valor_bom,3.568,0.0,0.125,0.174,0.479
106593,Villalba,CRU,Zagueiro,7,6.1,-0.91,2.43,12,-0.4,True,True,FLA,-0.092,neutro,3.039,1.26,1.0,0.311,0.469
68685,Alan Patrick,INT,Meia,7,7.04,-0.24,3.73,18,1.5,True,True,CAM,0.572,valor_bom,3.841,2.9,1.0,0.442,0.479
104758,Enzo Díaz,SAO,Lateral,6,9.04,0.0,3.9,13,0.0,False,False,CHA,-0.601,armadilha_leve,4.396,3.28,1.0,0.27,0.458
144424,Vitor Lamounier,CRU,Goleiro,6,2.0,0.0,0.0,0,0.0,False,True,FLA,-0.796,armadilha_leve,0.0,0.0,0.0,0.311,0.469
92171,Arthur Cabral,BOT,Atacante,3,9.89,-0.34,6.16,17,3.5,True,True,CAP,1.224,valor_bom,5.734,2.57,1.0,0.414,0.461
101254,Alef Manga,REM,Atacante,6,7.72,-0.63,4.62,23,0.7,True,False,FLU,0.731,valor_bom,4.674,2.23,1.0,0.313,0.527
97810,Erick,VIT,Atacante,7,8.28,0.3,4.3,18,4.5,True,True,BAH,0.206,neutro,4.463,2.3,1.0,0.377,0.479
68928,Rafael,SAO,Goleiro,7,6.81,-0.58,3.19,22,-1.0,True,False,CHA,-0.093,neutro,3.438,2.28,1.0,0.27,0.458
103056,Gabriel Brazão,SAN,Goleiro,7,6.34,1.23,2.77,18,9.4,True,True,MIR,-0.167,neutro,3.185,1.66,1.0,0.499,0.5
63007,Neymar,SAN,Meia,7,19.51,-2.34,9.86,10,8.4,True,True,MIR,1.669,valor_oculto,7.295,6.36,1.0,0.499,0.5
72294,Everson,CAM,Goleiro,7,9.36,0.5,4.4,22,6.3,True,False,INT,-0.007,neutro,4.325,3.04,1.0,0.174,0.479
69012,Santos,CAP,Goleiro,6,8.38,-0.84,4.25,20,4.2,True,False,BOT,0.152,neutro,4.213,2.5,1.0,0.281,0.461
105949,Rochet,INT,Goleiro,5,6.28,0.0,3.33,11,0.0,False,True,CAM,0.305,neutro,3.662,1.97,1.0,0.442,0.479
87008,Léo Jardim,VAS,Goleiro,7,5.79,-1.18,2.79,21,-0.4,True,False,PAL,0.013,neutro,3.157,2.31,1.0,0.351,0.504
105531,Matheus Bidu,COR,Lateral,7,12.32,-0.6,7.6,17,4.2,True,False,CFC,1.221,valor_bom,6.833,5.36,1.0,0.211,0.384
100898,Vitinho,BOT,Lateral,7,9.06,-0.74,4.96,17,1.2,True,True,CAP,0.151,neutro,5.037,4.02,1.0,0.414,0.461
101727,Matheuzinho,COR,Lateral,7,11.15,-1.47,6.49,18,7.4,True,False,CFC,0.692,valor_bom,6.094,4.43,1.0,0.211,0.384
42234,Cássio,CRU,Goleiro,5,6.89,0.0,1.32,5,0.0,False,True,FLA,-0.493,neutro,3.043,1.32,0.625,0.311,0.469
99274,Alexander Barboza,PAL,Zagueiro,7,10.94,0.0,5.1,14,0.0,False,True,VAS,0.217,neutro,4.682,3.31,1.0,0.575,0.504
90768,Fabrício Bruno,CRU,Zagueiro,7,6.89,0.0,2.29,20,0.0,False,True,FLA,-0.811,armadilha_leve,2.765,1.69,1.0,0.311,0.469
61987,Alex Sandro,FLA,Lateral,5,8.2,0.0,3.53,15,0.0,False,False,CRU,-0.61,armadilha_leve,4.111,2.33,1.0,0.157,0.469
37656,Fábio,FLU,Goleiro,7,9.01,-1.2,4.54,22,1.9,True,True,REM,0.182,neutro,4.428,3.63,1.0,0.666,0.527
85425,João Paulo,SAN,Goleiro,6,6.94,1.74,-0.35,2,-1.0,False,True,MIR,-0.338,neutro,3.225,0.0,0.25,0.499,0.5
91101,Ronaldo,BAH,Goleiro,7,6.92,-1.89,5.01,13,-3.0,True,False,VIT,1.033,valor_bom,4.671,3.09,1.0,0.239,0.479
68996,Willian José,BAH,Atacante,7,7.29,0.0,2.45,20,0.0,False,False,VIT,-1.082,armadilha_leve,3.13,0.75,1.0,0.239,0.479
80313,Gilberto,CAP,Lateral,7,7.82,-0.09,4.84,12,6.9,True,False,BOT,0.584,valor_bom,4.985,3.67,1.0,0.281,0.461
80196,Yago Pikachu,REM,Meia,7,4.76,-0.01,2.11,22,1.2,True,False,FLU,-0.455,neutro,2.092,1.43,1.0,0.313,0.527
123717,Zé Guilherme,BAH,Lateral,6,4.29,-0.45,2.88,5,2.8,True,False,VIT,0.453,neutro,3.25,2.28,0.625,0.239,0.479
105436,Carrascal,FLA,Meia,6,13.34,1.89,6.26,15,24.9,True,False,CRU,0.673,valor_bom,5.505,3.93,1.0,0.157,0.469
109401,Erick Pulga,BAH,Atacante,7,7.31,0.08,3.64,21,3.4,True,False,VIT,0.003,neutro,3.968,3.02,1.0,0.239,0.479
97868,Iago,SAO,Lateral,6,4.01,-0.49,1.76,5,0.0,True,False,CHA,-1.025,armadilha_leve,1.829,1.16,0.625,0.27,0.458
106323,Caio Alexandre,BAH,Meia,6,3.58,-0.43,1.08,13,-0.6,True,False,VIT,-0.478,neutro,1.446,1.08,1.0,0.239,0.479
113397,Cristian Olivera,BAH,Atacante,6,7.16,0.0,4.1,16,0.0,False,False,VIT,0.566,valor_bom,4.343,3.29,1.0,0.239,0.479
98517,Jean Lucas,BAH,Meia,7,10.1,0.73,5.34,19,9.3,True,False,VIT,0.875,valor_bom,4.969,4.02,1.0,0.239,0.479
91772,David Duarte,BAH,Zagueiro,7,6.23,-0.8,4.25,15,2.5,True,False,VIT,1.268,valor_bom,4.146,2.65,1.0,0.239,0.479
101314,Ademir,BAH,Atacante,5,5.59,0.0,2.35,21,0.0,False,False,VIT,-1.16,armadilha_leve,2.365,1.73,1.0,0.239,0.479
104783,Acevedo,BAH,Meia,7,8.76,1.74,4.94,20,15.4,True,False,VIT,0.972,valor_bom,4.697,4.69,1.0,0.239,0.479
105990,Santiago Mingo,BAH,Zagueiro,7,4.77,-0.1,2.32,20,4.3,True,False,VIT,-0.129,neutro,2.451,1.42,1.0,0.239,0.479
98022,Erick,BAH,Meia,6,5.84,-0.2,3.56,16,1.3,True,False,VIT,0.986,valor_bom,3.736,2.94,1.0,0.239,0.479
98484,Kanu,BAH,Zagueiro,6,3.68,0.0,0.83,3,0.0,False,False,VIT,-0.995,armadilha_leve,1.212,0.0,0.375,0.239,0.479
106822,Rodrigo Nestor,BAH,Meia,7,5.9,-0.2,3.55,15,5.3,True,False,VIT,0.959,valor_bom,3.738,2.88,1.0,0.239,0.479
107173,Michel Araújo,BAH,Meia,6,2.57,-0.26,0.93,15,0.5,True,False,VIT,-0.248,neutro,0.953,0.93,1.0,0.239,0.479
111829,Kayky,INT,Atacante,5,3.63,0.0,1.27,6,0.0,False,True,CAM,-0.327,neutro,1.918,1.27,0.75,0.442,0.479
123360,Cauly,SAO,Meia,6,6.08,0.0,2.79,13,0.0,False,False,CHA,0.317,neutro,3.285,2.41,1.0,0.27,0.458
129663,Ruan Pablo,BAH,Atacante,6,1.81,0.0,0.0,1,0.0,False,False,VIT,0.26,neutro,0.832,0.0,0.125,0.239,0.479
136955,Sanabria,BAH,Atacante,6,5.44,-0.57,2.69,14,-0.5,True,False,VIT,-0.779,armadilha_leve,2.586,1.19,1.0,0.239,0.479
72493,Alex Telles,BOT,Lateral,7,9.12,-1.15,4.39,17,2.7,True,True,CAP,-0.33,neutro,4.65,2.1,1.0,0.414,0.461
122994,Victor Nascimento,BAH,Goleiro,6,1.0,0.0,0.0,0,0.0,False,False,VIT,0.281,neutro,0.0,0.0,0.0,0.239,0.479
97468,Marçal,BOT,Lateral,6,5.85,0.0,2.62,5,0.0,False,True,CAP,-0.638,armadilha_leve,3.15,1.42,0.625,0.414,0.461
124481,Mateo Ponte,BOT,Lateral,6,5.53,0.0,2.8,8,0.0,False,True,CAP,-0.469,neutro,3.14,1.8,1.0,0.414,0.461
141419,Fredi Lippert,BAH,Zagueiro,6,2.0,0.0,0.0,0,0.0,False,False,VIT,-1.011,armadilha_leve,0.0,0.0,0.0,0.239,0.479
145379,Kauê Furquim,BAH,Atacante,6,2.24,0.24,1.28,5,2.7,True,False,VIT,-0.003,neutro,1.068,1.28,0.625,0.239,0.479
97341,Rogério Ceni,BAH,Técnico,7,10.37,-0.24,5.45,22,5.21,True,False,VIT,-0.842,armadilha_leve,5.376,5.45,1.0,0.239,0.479
129930,Cristhian Loor,BOT,Goleiro,6,2.0,0.0,0.0,0,0.0,False,True,CAP,-0.796,armadilha_leve,0.0,0.0,0.0,0.414,0.461
69140,Allan,BOT,Meia,6,4.48,0.0,2.03,10,0.0,False,True,CAP,-0.357,neutro,2.035,2.03,1.0,0.414,0.461
126013,Ythallo,BOT,Zagueiro,6,3.5,0.0,0.2,1,0.0,False,True,CAP,-0.84,armadilha_leve,1.227,0.2,0.125,0.414,0.461
111831,Matheus Martins,BOT,Atacante,7,6.76,-0.25,4.27,17,1.3,True,True,CAP,0.906,valor_bom,4.449,2.39,1.0,0.414,0.461
107231,Danilo,BOT,Meia,7,14.19,-0.81,8.05,15,3.5,True,True,CAP,1.912,valor_oculto,6.672,5.05,1.0,0.414,0.461
105214,Santi Rodríguez,BOT,Meia,6,5.79,0.11,2.14,11,2.2,True,True,CAP,0.06,neutro,2.961,2.14,1.0,0.414,0.461
98672,Savarino,FLU,Meia,5,9.02,0.0,4.67,17,0.0,False,True,REM,0.623,valor_bom,4.484,3.2,1.0,0.666,0.527
95799,Artur,SAO,Atacante,7,8.45,-0.53,5.2,17,0.0,True,False,CHA,0.942,valor_bom,5.082,3.2,1.0,0.27,0.458
146375,Kadir,BOT,Atacante,6,4.15,0.0,2.12,9,0.0,False,True,CAP,-0.315,neutro,2.254,1.56,1.0,0.414,0.461
91158,Kaio,BOT,Zagueiro,5,7.0,0.0,0.0,0,0.0,False,True,CAP,-4.413,armadilha_forte,0.0,0.0,0.0,0.414,0.461
104693,Newton,SAO,Meia,6,4.77,0.59,2.17,8,3.8,True,False,CHA,-0.444,neutro,2.105,2.17,1.0,0.27,0.458
142890,Montoro,BOT,Meia,7,6.5,-0.79,2.67,17,-0.9,True,True,CAP,-0.074,neutro,3.124,1.79,1.0,0.414,0.461
143072,Gabriel Abdias,BOT,Lateral,6,3.0,0.0,0.0,0,0.0,False,True,CAP,-2.344,armadilha_forte,0.0,0.0,0.0,0.414,0.461
70360,Eduardo Sasha,RBB,Atacante,7,3.95,-0.14,0.99,17,0.5,True,True,GRE,-1.217,armadilha_leve,1.442,0.99,1.0,0.539,0.504
87225,Pedro Henrique,RBB,Zagueiro,6,7.72,0.99,3.92,14,10.7,True,True,GRE,0.341,neutro,3.931,2.42,1.0,0.539,0.504
39850,Vagner Mancini,RBB,Técnico,7,8.63,0.29,5.47,21,5.91,True,True,GRE,0.791,valor_bom,5.256,5.47,1.0,0.539,0.504
142877,Villalba,BOT,Atacante,6,4.33,0.0,1.61,10,0.0,False,True,CAP,-0.833,armadilha_leve,1.963,0.81,1.0,0.414,0.461
93882,Cleiton,RBB,Goleiro,6,6.19,0.0,2.56,7,0.0,False,True,GRE,0.083,neutro,3.392,1.13,0.875,0.539,0.504
78605,Gabriel,RBB,Meia,7,5.15,-0.02,3.08,17,1.7,True,True,GRE,0.129,neutro,2.747,2.49,1.0,0.539,0.504
103295,Eric Ramires,RBB,Meia,6,2.18,-0.41,0.54,14,0.0,True,True,GRE,-0.163,neutro,0.706,0.54,1.0,0.539,0.504
104588,Fabrício,RBB,Goleiro,6,2.0,0.0,0.0,0,0.0,False,True,GRE,-0.796,armadilha_leve,0.0,0.0,0.0,0.539,0.504
142484,Barrera,BOT,Meia,5,4.93,0.0,2.46,11,0.0,False,True,CAP,-0.318,neutro,2.283,2.01,1.0,0.414,0.461
94067,Matheus Fernandes,RBB,Meia,6,5.4,0.98,2.88,13,8.0,True,True,GRE,-0.234,neutro,2.56,2.5,1.0,0.539,0.504
94968,Juninho Capixaba,RBB,Lateral,7,13.27,0.06,7.32,19,7.5,True,True,GRE,0.795,valor_bom,6.692,4.74,1.0,0.539,0.504
100695,Fernando,RBB,Atacante,6,5.37,0.0,4.89,9,0.0,False,True,GRE,0.746,valor_bom,3.72,2.56,1.0,0.539,0.504
107908,Hugo,COR,Lateral,6,4.0,0.0,0.0,0,0.0,False,False,CFC,-3.184,armadilha_forte,0.0,0.0,0.0,0.211,0.384
105213,Sant'Anna,RBB,Lateral,7,9.7,0.82,6.65,8,9.6,True,True,GRE,0.972,valor_bom,5.926,3.53,1.0,0.539,0.504
108133,Isidro Pitta,RBB,Atacante,6,5.77,0.37,3.85,20,4.0,True,True,GRE,0.132,neutro,3.437,1.35,1.0,0.539,0.504
111760,Fabinho,RBB,Meia,6,1.83,-0.21,-0.12,6,-0.3,True,True,GRE,-0.002,neutro,0.518,0.0,0.75,0.539,0.504
107744,Praxedes,RBB,Meia,6,4.0,0.0,0.0,0,0.0,False,True,GRE,-2.546,armadilha_forte,0.0,0.0,0.0,0.539,0.504
124239,Henry Mosquera,RBB,Atacante,7,5.62,0.0,3.63,16,0.0,False,True,GRE,-0.06,neutro,3.221,2.69,1.0,0.539,0.504
110750,Gustavo Marques,RBB,Zagueiro,7,7.16,-0.2,4.28,18,3.7,True,True,GRE,0.891,valor_bom,4.179,3.11,1.0,0.539,0.504
106434,Eduardo Santos,RBB,Zagueiro,6,4.6,0.0,1.4,3,0.0,False,True,GRE,-0.088,neutro,2.402,1.4,0.375,0.539,0.504
111246,Alix Vinicius,RBB,Zagueiro,7,5.15,0.0,3.0,17,0.0,False,True,GRE,0.264,neutro,2.929,1.76,1.0,0.539,0.504
112886,Lucas Barbosa,RBB,Atacante,7,9.95,0.42,6.31,19,6.8,True,True,GRE,1.381,valor_bom,5.871,4.1,1.0,0.539,0.504
113157,Nathan Mendes,VIT,Lateral,5,7.52,0.0,5.02,12,0.0,False,True,BAH,0.842,valor_bom,5.093,3.35,1.0,0.377,0.479
107236,Vanderlan,RBB,Lateral,5,4.41,0.0,-0.3,1,0.0,False,True,GRE,0.145,neutro,3.061,0.0,0.125,0.539,0.504
110715,Andrés Hurtado,RBB,Lateral,6,5.43,0.0,3.51,14,0.0,False,True,GRE,0.014,neutro,3.499,2.22,1.0,0.539,0.504
122755,Lucas Cunha,RBB,Zagueiro,6,3.0,0.0,0.0,0,0.0,False,True,GRE,-2.009,armadilha_forte,0.0,0.0,0.0,0.539,0.504
122394,Gustavinho,RBB,Meia,6,5.55,0.0,2.59,15,0.0,False,True,GRE,-0.509,armadilha_leve,2.399,1.92,1.0,0.539,0.504
122897,Guzmán Rodríguez,RBB,Zagueiro,6,5.54,0.0,-1.0,0,0.0,False,True,GRE,-3.714,armadilha_forte,0.0,0.0,0.0,0.539,0.504
132274,Ignacio Sosa,RBB,Meia,6,3.41,0.0,1.5,15,0.0,False,True,GRE,-0.055,neutro,1.688,1.5,1.0,0.539,0.504
39656,Alan Franco,CAM,Meia,7,4.61,-0.27,2.21,17,0.2,True,False,INT,-0.288,neutro,2.156,1.92,1.0,0.174,0.479
68920,Dudu,CAM,Atacante,6,5.92,-0.24,2.39,14,0.0,True,False,INT,-0.165,neutro,3.277,1.25,1.0,0.174,0.479
92087,Lyanco,CAM,Zagueiro,5,7.8,0.0,3.04,9,0.0,False,False,INT,-0.284,neutro,3.469,2.04,1.0,0.174,0.479
87999,Gustavo Scarpa,CAM,Meia,5,7.06,0.0,3.09,10,0.0,False,False,INT,0.188,neutro,3.534,2.09,1.0,0.174,0.479
132580,Vinicinho,RBB,Atacante,6,4.38,0.06,2.38,11,3.4,True,True,GRE,-0.313,neutro,2.39,2.38,1.0,0.539,0.504
91607,R. Rústico,SAN,Atacante,6,5.4,0.25,2.2,16,3.4,True,True,MIR,-1.169,armadilha_leve,2.268,2.2,1.0,0.499,0.5
140906,Davi Gomes,RBB,Atacante,5,5.19,0.0,4.25,2,0.0,False,True,GRE,-0.376,neutro,2.773,4.25,0.25,0.539,0.504
138021,Palacios,RBB,Zagueiro,6,3.0,0.0,0.0,0,0.0,False,True,GRE,-2.009,armadilha_forte,0.0,0.0,0.0,0.539,0.504
72605,Vitor Hugo,CAM,Zagueiro,7,8.29,2.09,4.34,9,12.7,True,False,INT,0.412,neutro,4.157,2.01,1.0,0.174,0.479
105068,Reinier,CAM,Meia,2,5.39,0.0,2.97,16,0.0,False,False,INT,-0.106,neutro,2.66,2.03,1.0,0.174,0.479
98909,Cuello,CAM,Atacante,7,11.49,2.71,6.45,20,20.5,True,False,INT,1.004,valor_bom,5.987,4.6,1.0,0.174,0.479
100842,Ruan,CAM,Zagueiro,7,6.33,0.89,3.5,19,9.2,True,False,INT,0.562,valor_bom,3.634,2.39,1.0,0.174,0.479
100084,Igor Gomes,CAM,Meia,5,5.13,0.55,1.96,8,5.2,True,False,INT,-0.776,armadilha_leve,2.0,0.71,1.0,0.174,0.479
107554,Natanael,CAM,Lateral,7,8.48,0.0,4.85,13,0.0,False,False,INT,0.311,neutro,4.984,3.62,1.0,0.174,0.479
72460,Bernard,CAM,Meia,7,4.62,-0.98,3.13,19,0.5,True,False,INT,0.505,valor_bom,2.807,1.81,1.0,0.174,0.479
122990,Patrick,CAM,Meia,5,4.0,0.0,0.0,0,0.0,False,False,INT,-2.546,armadilha_forte,0.0,0.0,0.0,0.174,0.479
77485,Carrillo,COR,Meia,7,4.28,0.24,1.42,18,2.0,True,False,CFC,-0.753,armadilha_leve,1.611,1.14,1.0,0.211,0.384
101002,Júnior Santos,BOT,Atacante,7,4.71,0.16,2.28,9,2.6,True,True,CAP,-0.62,armadilha_leve,2.338,1.39,1.0,0.414,0.461
40990,Dorival Júnior,SAO,Técnico,7,9.14,-0.07,4.02,15,3.47,True,False,CHA,-2.316,armadilha_forte,4.421,4.02,1.0,0.27,0.458
103767,Gabriel Menino,SAN,Meia,2,9.92,0.0,5.45,9,0.0,False,True,MIR,0.734,valor_bom,4.81,4.89,1.0,0.499,0.5
118774,Alexsander,CAM,Meia,6,4.85,0.0,0.84,5,0.0,False,False,INT,-1.136,armadilha_leve,1.579,0.84,0.625,0.174,0.479
115674,Gabriel Delfim,CAM,Goleiro,6,2.0,0.0,0.0,0,0.0,False,False,INT,-0.796,armadilha_leve,0.0,0.0,0.0,0.174,0.479
95556,Raniele,COR,Meia,7,7.8,0.0,4.23,18,0.0,False,False,CFC,0.694,valor_bom,4.187,3.95,1.0,0.211,0.384
101574,Hugo Souza,COR,Goleiro,7,8.95,-0.72,4.21,20,3.2,True,False,CFC,-0.032,neutro,4.184,2.21,1.0,0.211,0.384
102340,Cacá,VIT,Zagueiro,7,5.99,1.15,2.79,15,6.2,True,True,BAH,-0.363,neutro,2.786,1.19,1.0,0.377,0.479
78248,Gustavo Henrique,COR,Zagueiro,7,9.27,0.68,4.12,18,10.0,True,False,CFC,-0.05,neutro,4.068,2.62,1.0,0.211,0.384
96342,Charles,COR,Meia,6,3.53,0.0,1.03,3,0.0,False,False,CFC,-0.05,neutro,1.765,1.03,0.375,0.211,0.384
97642,Félix Torres,INT,Zagueiro,6,4.35,-1.2,3.47,17,0.0,True,True,CAM,1.158,valor_bom,3.248,2.41,1.0,0.442,0.479
78435,Vitinho,COR,Atacante,5,5.06,0.0,2.13,7,0.0,False,False,CFC,-0.94,armadilha_leve,2.276,2.13,0.875,0.211,0.384
85048,Memphis Depay,COR,Atacante,6,9.56,0.0,1.99,7,0.0,False,False,CFC,-1.564,armadilha_forte,3.505,0.85,0.875,0.211,0.384
92440,André Ramalho,COR,Zagueiro,6,5.73,0.0,2.55,6,0.0,False,False,CFC,-0.368,neutro,2.68,1.55,0.75,0.211,0.384
93790,Marlon Freitas,PAL,Meia,7,6.15,-0.16,2.83,22,4.2,True,True,VAS,0.138,neutro,3.166,2.15,1.0,0.575,0.504
98225,Pedro Raul,COR,Atacante,7,3.54,-0.89,1.35,10,2.9,True,False,CFC,-0.378,neutro,1.818,0.55,1.0,0.211,0.384
98720,Angileri,COR,Lateral,6,6.1,0.0,3.99,8,0.0,False,False,CFC,-0.08,neutro,3.735,2.12,1.0,0.211,0.384
141995,Dieguinho,COR,Meia,6,3.03,-0.21,1.29,11,0.0,True,False,CFC,-0.391,neutro,1.167,0.84,1.0,0.211,0.384
100848,Luan Cândido,VIT,Lateral,7,6.8,1.65,3.88,12,9.0,True,True,BAH,-0.451,neutro,3.72,2.05,1.0,0.377,0.479
117632,Garro,COR,Meia,3,11.23,0.1,5.29,21,10.2,True,False,CFC,0.537,valor_bom,4.959,3.39,1.0,0.211,0.384
104085,Bruno Fuchs,PAL,Zagueiro,6,8.5,0.0,4.21,7,0.0,False,True,VAS,0.226,neutro,4.072,2.5,0.875,0.575,0.504
127242,Bahia,COR,Meia,6,2.0,0.0,0.0,0,0.0,False,False,CFC,-0.833,armadilha_leve,0.0,0.0,0.0,0.211,0.384
133543,Gui Negão,COR,Atacante,6,3.63,-0.34,1.48,5,2.0,True,False,CFC,-0.155,neutro,2.049,1.48,0.625,0.211,0.384
96591,Renan Lodi,CAM,Lateral,7,11.31,1.79,5.3,20,14.0,True,False,INT,-0.331,neutro,5.272,3.8,1.0,0.174,0.479
117910,Breno Bidon,COR,Meia,7,8.39,-0.19,3.6,21,2.7,True,False,CFC,-0.078,neutro,3.735,2.89,1.0,0.211,0.384
121824,Kayke,COR,Atacante,5,3.64,0.0,1.65,6,0.0,False,False,CFC,-0.122,neutro,2.081,1.65,0.75,0.211,0.384
125488,João Pedro,COR,Zagueiro,6,8.56,-0.28,6.53,3,4.2,True,False,CFC,0.953,valor_bom,4.655,3.53,0.375,0.211,0.384
131753,Felipe Longo,COR,Goleiro,6,2.0,0.0,0.0,0,0.0,False,False,CFC,-0.796,armadilha_leve,0.0,0.0,0.0,0.211,0.384
96610,Matheus Pereira,CRU,Meia,7,13.56,-0.24,6.56,20,2.8,True,True,FLA,1.05,valor_bom,5.854,4.81,1.0,0.311,0.469
84558,Lucas Romero,CRU,Meia,6,8.49,0.04,4.48,16,4.2,True,True,FLA,0.641,valor_bom,4.35,3.23,1.0,0.311,0.469
145744,André,COR,Meia,5,6.15,0.0,4.07,16,0.0,False,False,CFC,1.254,valor_bom,4.076,2.51,1.0,0.211,0.384
105047,João Marcelo,CRU,Zagueiro,6,4.47,-0.95,2.8,8,2.7,True,True,FLA,0.491,neutro,2.789,1.67,1.0,0.311,0.469
42500,Fagner,CRU,Lateral,6,6.44,-0.49,3.75,16,6.7,True,True,FLA,-0.345,neutro,3.66,2.12,1.0,0.311,0.469
79701,Lucas Silva,CRU,Meia,6,3.86,0.0,0.41,15,0.0,False,True,FLA,-1.253,armadilha_leve,0.977,0.41,1.0,0.311,0.469
132264,Arroyo,CRU,Atacante,7,5.38,0.29,3.02,19,3.3,True,True,FLA,-0.413,neutro,2.837,1.91,1.0,0.311,0.469
93478,Wanderson,CRU,Atacante,6,5.27,0.36,2.07,17,9.5,True,True,FLA,-1.206,armadilha_leve,2.177,1.13,1.0,0.311,0.469
100742,Matheus Henrique,CRU,Meia,7,4.54,0.0,1.88,20,0.0,False,True,FLA,-0.528,armadilha_leve,1.926,1.88,1.0,0.311,0.469
111690,Matheus Cunha,INT,Goleiro,7,4.34,-0.68,3.43,12,2.1,True,True,CAM,0.59,valor_bom,3.092,0.93,1.0,0.442,0.479
89275,William,CRU,Lateral,7,9.17,0.0,3.66,11,0.0,False,True,FLA,-0.752,armadilha_leve,4.309,2.84,1.0,0.311,0.469
88479,Walace,VIT,Meia,6,2.87,-0.5,0.55,4,0.2,True,True,BAH,-0.647,armadilha_leve,0.848,0.55,0.5,0.377,0.479
113158,Marquinhos,CRU,Atacante,6,3.54,0.0,0.45,2,0.0,False,True,FLA,-0.124,neutro,2.013,0.45,0.25,0.311,0.469
143600,Kauã Moraes,CRU,Lateral,6,6.81,0.0,4.83,10,0.0,False,True,FLA,0.148,neutro,4.23,2.53,1.0,0.311,0.469
124912,Jonathan Jesus,CRU,Zagueiro,3,6.66,0.46,4.27,15,5.9,True,True,FLA,1.084,valor_bom,4.159,3.67,1.0,0.311,0.469
131967,Villarreal,CRU,Atacante,5,8.62,0.0,5.65,12,0.0,False,True,FLA,1.184,valor_bom,5.322,3.23,1.0,0.311,0.469
114405,Sinisterra,CRU,Atacante,5,5.85,0.0,3.27,8,0.0,False,True,FLA,-0.699,armadilha_leve,2.837,2.27,1.0,0.311,0.469
137542,Kaique Kenji,CRU,Atacante,6,2.39,0.0,1.2,9,0.0,False,True,FLA,-0.175,neutro,1.076,0.31,1.0,0.311,0.469
122660,Japa,MIR,Meia,7,6.01,-0.52,4.7,6,1.6,True,False,SAN,1.658,valor_oculto,4.351,3.87,0.75,0.477,0.5
69783,Danilo,FLA,Zagueiro,6,5.39,0.09,1.63,7,3.0,True,False,CRU,-0.752,armadilha_leve,2.242,1.2,0.875,0.157,0.469
117404,Otávio,CRU,Goleiro,7,3.11,0.68,2.41,10,5.5,True,True,FLA,0.716,valor_bom,2.488,1.91,1.0,0.311,0.469
87863,Arrascaeta,FLA,Meia,7,14.11,-0.48,5.19,14,5.0,True,False,CRU,-0.379,neutro,4.79,3.4,1.0,0.157,0.469
146807,Rayan Lelis,CRU,Atacante,6,2.0,0.0,0.0,0,0.0,False,True,FLA,-1.09,armadilha_leve,0.0,0.0,0.0,0.311,0.469
82627,Luiz Araújo,FLA,Atacante,6,8.63,0.75,3.61,12,10.4,True,False,CRU,-0.419,neutro,4.098,1.86,1.0,0.157,0.469
137543,Tevis,CRU,Atacante,6,2.0,0.0,0.0,0,0.0,False,True,FLA,-1.09,armadilha_leve,0.0,0.0,0.0,0.311,0.469
80061,Saúl,FLA,Meia,6,6.28,0.0,2.43,6,0.0,False,False,CRU,0.338,neutro,3.378,1.6,0.75,0.157,0.469
84735,Jorginho,FLA,Meia,7,8.54,-0.76,3.96,16,0.0,True,False,CRU,0.198,neutro,4.003,3.02,1.0,0.157,0.469
88393,Ayrton Lucas,FLA,Lateral,7,9.56,0.92,5.2,12,10.3,True,False,CRU,0.162,neutro,5.201,2.62,1.0,0.157,0.469
83528,Léo Pereira,FLA,Zagueiro,7,8.96,-1.63,4.56,18,1.5,True,False,CRU,0.449,neutro,4.373,2.28,1.0,0.157,0.469
84816,Varela,FLA,Lateral,2,7.97,-0.98,4.65,17,2.0,True,False,CRU,0.334,neutro,4.827,2.83,1.0,0.157,0.469
96652,Allan,COR,Meia,7,3.26,0.0,1.19,17,3.6,True,False,CFC,-0.625,armadilha_leve,1.128,1.19,1.0,0.211,0.384
86757,Everton,FLA,Atacante,6,5.67,0.0,1.42,9,0.0,False,False,CRU,-1.838,armadilha_forte,1.883,1.42,1.0,0.157,0.469
96870,Emerson Royal,FLA,Lateral,2,7.39,0.0,5.48,10,0.0,False,False,CRU,1.212,valor_bom,5.356,3.48,1.0,0.157,0.469
90285,Bruno Henrique,FLA,Atacante,6,6.45,0.0,2.84,15,0.0,False,False,CRU,-0.128,neutro,3.532,1.31,1.0,0.157,0.469
91473,Erick Pulgar,FLA,Meia,7,5.97,-1.2,2.54,12,0.0,True,False,CRU,0.216,neutro,3.16,2.12,1.0,0.157,0.469
98873,Samuel Lino,FLA,Atacante,7,12.27,0.57,7.79,21,11.9,True,False,CRU,2.049,valor_oculto,6.973,3.84,1.0,0.157,0.469
99228,De la Cruz,FLA,Meia,5,4.41,0.0,0.82,10,0.0,False,False,CRU,-1.139,armadilha_leve,1.363,0.82,1.0,0.157,0.469
97867,Léo Ortiz,FLA,Zagueiro,7,9.41,0.0,4.28,17,0.0,False,False,CRU,0.041,neutro,4.175,2.52,1.0,0.157,0.469
122573,Wallace Yan,FLA,Atacante,6,2.44,0.0,0.1,7,0.0,False,False,CRU,-0.926,armadilha_leve,0.546,0.1,0.875,0.157,0.469
115914,Evertton Araújo,FLA,Meia,6,2.66,-0.37,1.24,17,0.0,True,False,CRU,-0.075,neutro,1.162,0.95,1.0,0.157,0.469
109096,Plata,FLA,Atacante,2,12.16,2.22,6.95,12,14.6,True,False,CRU,0.944,valor_bom,6.102,4.78,1.0,0.157,0.469
145705,Douglas Telles,FLA,Atacante,6,2.0,0.0,0.0,0,0.0,False,False,CRU,-1.09,armadilha_leve,0.0,0.0,0.0,0.157,0.469
122318,Dyogo Alves,FLA,Goleiro,6,3.0,0.0,0.0,0,0.0,False,False,CRU,-1.56,armadilha_forte,0.0,0.0,0.0,0.157,0.469
122320,Daniel Sales,FLA,Lateral,6,2.0,0.0,0.0,0,0.0,False,False,CRU,-1.261,armadilha_leve,0.0,0.0,0.0,0.157,0.469
78855,Thiago Santos,CFC,Zagueiro,6,4.55,0.19,3.2,16,3.8,True,True,COR,0.788,valor_bom,3.059,2.26,1.0,0.307,0.384
130189,Léo Nannetti,FLA,Goleiro,6,2.0,0.0,0.0,0,0.0,False,False,CRU,-0.796,armadilha_leve,0.0,0.0,0.0,0.157,0.469
79631,Cano,FLU,Atacante,6,5.89,1.82,2.61,7,11.5,True,True,REM,0.528,valor_bom,3.794,1.47,0.875,0.666,0.527
140492,João Victor,FLA,Zagueiro,6,4.34,0.0,6.5,1,0.0,False,False,CRU,1.091,valor_bom,3.191,3.5,0.125,0.157,0.469
78117,Everaldo,BAH,Atacante,6,6.29,0.0,4.04,15,0.0,False,False,VIT,0.982,valor_bom,4.315,1.91,1.0,0.239,0.479
143295,Joshua,FLA,Meia,6,2.6,0.0,-0.3,1,0.0,False,False,CRU,-0.398,neutro,0.853,0.0,0.125,0.157,0.469
73384,Samuel Xavier,FLU,Lateral,7,7.48,0.0,3.75,14,0.0,False,True,REM,-0.105,neutro,4.278,3.11,1.0,0.666,0.527
62977,Ganso,FLU,Meia,7,3.97,0.56,1.13,14,4.8,True,True,REM,-0.734,armadilha_leve,1.461,1.13,1.0,0.666,0.527
130382,Guilherme Gomes,FLA,Meia,6,3.0,0.0,0.0,0,0.0,False,False,CRU,-1.798,armadilha_forte,0.0,0.0,0.0,0.157,0.469
78445,Renê,FLU,Lateral,7,10.0,0.35,5.94,15,7.4,True,True,REM,0.58,valor_bom,5.683,4.67,1.0,0.666,0.527
87258,Soteldo,FLU,Atacante,7,4.28,0.32,1.74,16,4.4,True,True,REM,-0.798,armadilha_leve,1.961,1.74,1.0,0.666,0.527
105647,Maurício,PAL,Meia,6,7.74,0.81,4.08,20,8.5,True,True,VAS,0.589,valor_bom,4.083,2.58,1.0,0.575,0.504
89493,Igor Rabello,FLU,Zagueiro,5,8.06,0.11,6.65,2,4.5,True,True,REM,0.929,valor_bom,4.491,5.15,0.25,0.666,0.527
100987,Nonato,FLU,Meia,6,5.34,-0.6,2.34,10,0.0,True,True,REM,-0.635,armadilha_leve,2.207,1.34,1.0,0.666,0.527
86485,Keno,CFC,Atacante,6,3.09,-0.19,0.61,7,0.4,True,True,COR,-1.31,armadilha_leve,0.784,0.61,0.875,0.307,0.384
101478,Marcelo Pitaluga,FLU,Goleiro,6,3.0,0.0,0.0,0,0.0,False,True,REM,-1.56,armadilha_forte,0.0,0.0,0.0,0.666,0.527
102928,Canobbio,FLU,Atacante,7,11.26,0.81,7.12,15,8.8,True,True,REM,1.517,valor_oculto,6.323,3.99,1.0,0.666,0.527
87228,Guilherme Arana,FLU,Lateral,6,7.42,0.0,3.25,14,0.0,False,True,REM,-0.455,neutro,3.96,2.39,1.0,0.666,0.527
103523,Ignácio,FLU,Zagueiro,7,7.32,0.0,3.45,10,0.0,False,True,REM,0.173,neutro,3.673,2.55,1.0,0.666,0.527
102137,Vitor Eudes,FLU,Goleiro,6,2.0,0.0,0.0,0,0.0,False,True,REM,-0.796,armadilha_leve,0.0,0.0,0.0,0.666,0.527
101319,Guga,FLU,Lateral,3,6.24,0.69,3.23,13,5.9,True,True,REM,-0.638,armadilha_leve,3.326,2.0,1.0,0.666,0.527
110759,John Kennedy,FLU,Atacante,5,10.92,0.0,7.3,17,0.0,False,True,REM,1.875,valor_oculto,6.51,2.77,1.0,0.666,0.527
127932,Júlio Fidelis,FLU,Lateral,6,2.0,0.0,0.0,0,0.0,False,True,REM,-1.261,armadilha_leve,0.0,0.0,0.0,0.666,0.527
132071,Serna,FLU,Atacante,6,7.01,0.29,3.51,21,9.5,True,True,REM,0.028,neutro,3.874,2.27,1.0,0.666,0.527
63289,Edenílson,BOT,Meia,6,6.15,0.0,3.2,14,0.0,False,True,CAP,0.576,valor_bom,3.523,1.41,1.0,0.414,0.461
116447,Hércules,FLU,Meia,7,7.05,0.23,3.76,20,3.2,True,True,REM,0.584,valor_bom,3.854,3.01,1.0,0.666,0.527
72018,Tiago Volpi,RBB,Goleiro,7,10.21,1.07,5.75,14,8.1,True,True,GRE,0.569,valor_bom,5.157,3.11,1.0,0.539,0.504
113034,Freytes,FLU,Zagueiro,5,5.23,0.0,2.63,17,0.0,False,True,REM,-0.104,neutro,2.677,1.92,1.0,0.666,0.527
63013,Marcos Rocha,GRE,Lateral,6,5.95,0.0,0.8,4,0.0,False,False,RBB,-1.359,armadilha_leve,2.587,0.8,0.5,0.145,0.504
140484,Riquelme Felipe,FLU,Atacante,5,3.53,0.0,0.7,3,0.0,False,True,REM,-0.211,neutro,1.939,0.7,0.375,0.666,0.527
87342,Kannemann,GRE,Zagueiro,3,3.37,-0.41,-0.2,3,0.2,True,False,RBB,-1.119,armadilha_leve,0.931,0.0,0.375,0.145,0.504
87887,Balbuena,GRE,Zagueiro,6,6.98,0.0,3.94,7,0.0,False,False,RBB,0.668,valor_bom,3.946,3.08,0.875,0.145,0.504
88037,Luís Castro,GRE,Técnico,7,8.9,-0.58,4.64,21,2.6,True,False,RBB,-1.332,armadilha_leve,4.655,4.64,1.0,0.145,0.504
89273,João Pedro,GRE,Lateral,6,3.11,0.0,0.72,5,0.0,False,False,RBB,-0.753,armadilha_leve,1.429,0.72,0.625,0.145,0.504
91908,Pavón,GRE,Atacante,7,6.01,-1.43,4.04,19,0.9,True,False,RBB,1.085,valor_bom,4.274,3.09,1.0,0.145,0.504
89883,Dodi,GRE,Meia,6,2.3,-0.22,-0.01,8,-0.6,True,False,RBB,-0.547,armadilha_leve,0.494,0.0,1.0,0.145,0.504
97145,Villasanti,GRE,Meia,7,6.99,0.0,2.3,2,0.0,False,False,RBB,0.458,neutro,3.731,2.3,0.25,0.145,0.504
91706,Marlon,GRE,Lateral,7,8.97,0.0,5.49,8,0.0,False,False,RBB,0.551,valor_bom,5.346,3.74,1.0,0.145,0.504
102318,Caio Paulista,GRE,Lateral,6,5.54,-0.08,3.19,8,1.5,True,False,RBB,-0.244,neutro,3.335,2.44,1.0,0.145,0.504
104994,Wagner Leonardo,GRE,Zagueiro,7,5.36,0.0,2.78,9,0.0,False,False,RBB,-0.045,neutro,2.779,2.11,1.0,0.145,0.504
105563,Carlos Vinícius,GRE,Atacante,7,13.18,-1.29,5.37,20,0.6,True,False,RBB,-0.513,armadilha_leve,5.216,1.52,1.0,0.145,0.504
109966,Monsalve,GRE,Meia,6,3.12,0.0,0.64,7,0.0,False,False,RBB,-0.878,armadilha_leve,0.831,0.64,0.875,0.145,0.504
111309,Gustavo Martins,GRE,Zagueiro,5,5.66,0.16,2.66,14,1.3,True,False,RBB,-0.302,neutro,2.703,1.3,1.0,0.145,0.504
112616,Gabriel Grando,GRE,Goleiro,6,3.77,0.0,0.3,1,0.0,False,False,RBB,0.172,neutro,2.331,0.3,0.125,0.145,0.504
116067,Thiago Beltrame,GRE,Goleiro,6,2.08,0.0,0.7,1,0.0,False,False,RBB,1.376,valor_bom,2.376,0.7,0.125,0.145,0.504
86711,Richard,INT,Meia,6,4.0,0.0,0.0,0,0.0,False,True,CAM,-2.546,armadilha_forte,0.0,0.0,0.0,0.442,0.479
72951,Mercado,INT,Zagueiro,7,6.09,-0.29,3.76,14,2.7,True,True,CAM,0.929,valor_bom,3.83,2.69,1.0,0.442,0.479
118238,Ronald,GRE,Meia,6,3.0,0.0,0.0,0,0.0,False,False,RBB,-1.798,armadilha_forte,0.0,0.0,0.0,0.145,0.504
130889,Riquelme,GRE,Meia,6,2.42,0.0,-1.45,2,0.0,False,False,RBB,-0.649,armadilha_leve,0.508,0.0,0.25,0.145,0.504
142004,Amuzu,GRE,Atacante,2,7.53,0.32,4.08,19,5.5,True,False,RBB,0.334,neutro,4.302,2.87,1.0,0.145,0.504
88136,Ivan,REM,Goleiro,6,7.58,0.0,10.2,1,0.0,False,False,FLU,0.938,valor_bom,4.795,5.2,0.125,0.313,0.527
92182,Juninho,INT,Zagueiro,6,5.36,0.0,2.17,6,0.0,False,True,CAM,-0.382,neutro,2.517,1.17,0.75,0.442,0.479
70944,Bruno Henrique,INT,Meia,7,4.32,0.58,1.88,20,4.7,True,True,CAM,-0.392,neutro,1.926,1.63,1.0,0.442,0.479
92981,Ronaldo,INT,Meia,6,3.88,0.0,2.38,9,0.0,False,True,CAM,0.258,neutro,2.22,1.82,1.0,0.442,0.479
101960,Vitinho,INT,Atacante,7,7.19,-0.49,4.62,22,1.2,True,True,CAM,0.986,valor_bom,4.676,3.57,1.0,0.442,0.479
106202,Bruno Gomes,INT,Meia,7,6.4,0.03,3.38,23,2.7,True,True,CAM,0.51,valor_bom,3.563,3.38,1.0,0.442,0.479
111683,Anthoni,INT,Goleiro,6,3.91,0.0,2.55,9,0.0,False,True,CAM,0.317,neutro,2.566,1.99,1.0,0.442,0.479
89637,Thiago Maia,INT,Meia,6,3.6,0.0,0.92,10,0.0,False,True,CAM,-0.527,armadilha_leve,1.418,0.92,1.0,0.442,0.479
143488,Raykkonen,INT,Atacante,6,2.63,0.0,0.5,1,0.0,False,True,CAM,-0.695,armadilha_leve,0.888,0.5,0.125,0.442,0.479
111466,Victor Gabriel,INT,Zagueiro,3,3.51,0.0,2.16,16,0.0,False,True,CAM,0.007,neutro,1.892,1.6,1.0,0.442,0.479
71631,Weverton,GRE,Goleiro,7,7.21,-0.98,4.64,19,-0.4,True,False,RBB,0.763,valor_bom,4.486,3.06,1.0,0.145,0.504
70592,Felipe Anderson,PAL,Meia,6,6.18,-0.07,3.0,16,1.5,True,True,VAS,0.366,neutro,3.363,2.06,1.0,0.575,0.504
107989,Carbonero,INT,Atacante,7,9.9,1.22,5.46,22,12.0,True,True,CAM,0.643,valor_bom,5.292,2.6,1.0,0.442,0.479
137618,Clayton Sampaio,INT,Zagueiro,6,2.63,0.0,-1.0,0,0.0,False,True,CAM,-1.672,armadilha_forte,0.0,0.0,0.0,0.442,0.479
110510,Aguirre,INT,Lateral,6,5.86,0.0,3.62,15,0.0,False,True,CAM,-0.143,neutro,3.572,2.29,1.0,0.442,0.479
68872,Marcelo Lomba,PAL,Goleiro,6,7.08,0.0,8.9,1,0.0,False,True,VAS,0.96,valor_bom,4.65,3.9,0.125,0.575,0.504
115479,Paulo Pezzolano,INT,Técnico,7,7.56,-0.23,4.76,23,4.37,True,True,CAM,0.674,valor_bom,4.743,4.76,1.0,0.442,0.479
92811,Bruno Rodrigues,CRU,Atacante,6,4.72,1.16,2.4,15,11.6,True,True,FLA,-0.545,armadilha_leve,2.401,1.2,1.0,0.311,0.469
97653,Murilo,PAL,Zagueiro,7,6.84,-0.35,3.55,20,3.6,True,True,VAS,0.368,neutro,3.665,1.95,1.0,0.575,0.504
99818,Paulinho,PAL,Atacante,5,10.37,0.0,3.42,6,0.0,False,True,VAS,-0.919,armadilha_leve,4.226,0.75,0.75,0.575,0.504
104084,Carlos Miguel,PAL,Goleiro,7,7.8,-1.1,5.01,22,0.9,True,True,VAS,0.849,valor_bom,4.772,3.19,1.0,0.575,0.504
122396,Ryan,COR,Meia,6,3.0,0.0,0.0,0,0.0,False,False,CFC,-1.798,armadilha_forte,0.0,0.0,0.0,0.211,0.384
71684,Gustavo Gómez,PAL,Zagueiro,7,10.99,0.43,4.98,20,10.2,True,True,VAS,0.207,neutro,4.686,2.48,1.0,0.575,0.504
71227,Maicon,CFC,Zagueiro,6,3.86,0.0,1.93,14,0.0,False,True,COR,-0.472,neutro,1.721,1.07,1.0,0.307,0.384
110506,Abel Ferreira,PAL,Técnico,7,11.69,-0.39,6.54,23,4.73,True,True,VAS,0.968,valor_bom,6.425,6.54,1.0,0.575,0.504
108683,Emiliano Martínez,PAL,Meia,6,3.99,-0.9,2.19,11,0.0,True,True,VAS,0.07,neutro,2.127,2.19,1.0,0.575,0.504
84674,Lucas Evangelista,PAL,Meia,6,3.94,0.0,1.09,19,0.0,False,True,VAS,-0.823,armadilha_leve,1.372,0.83,1.0,0.575,0.504
102130,Piquerez,PAL,Lateral,7,11.05,-0.8,6.67,11,3.7,True,True,VAS,0.674,valor_bom,6.052,3.76,1.0,0.575,0.504
82463,Otávio,FLU,Meia,6,2.87,0.0,0.58,6,0.0,False,True,REM,-0.684,armadilha_leve,0.818,0.58,0.75,0.666,0.527
124526,Giay,PAL,Lateral,6,6.71,-0.58,4.52,18,2.0,True,True,VAS,0.161,neutro,4.2,3.35,1.0,0.575,0.504
105175,Khellven,PAL,Lateral,6,5.69,0.0,2.9,15,0.0,False,True,VAS,-0.606,armadilha_leve,3.102,2.1,1.0,0.575,0.504
113103,Flaco López,PAL,Atacante,7,13.77,0.85,6.29,20,8.5,True,True,VAS,0.182,neutro,5.873,3.14,1.0,0.575,0.504
72279,Thomazella,MIR,Goleiro,6,0.83,0.0,-1.35,2,0.0,False,False,SAN,3.123,valor_oculto,2.762,0.0,0.25,0.477,0.5
141451,Allan,PAL,Meia,7,12.25,-0.14,5.82,20,4.1,True,True,VAS,0.719,valor_bom,5.326,4.32,1.0,0.575,0.504
111832,Jefté,PAL,Lateral,5,4.16,0.0,2.47,7,0.0,False,True,VAS,-0.755,armadilha_leve,2.151,0.9,0.875,0.575,0.504
112863,Ramón Sosa,PAL,Atacante,6,5.87,0.18,3.31,19,2.0,True,True,VAS,-0.443,neutro,3.042,1.1,1.0,0.575,0.504
73318,Daniel Borges,MIR,Lateral,6,5.75,0.0,4.04,5,0.0,False,False,SAN,0.064,neutro,3.696,3.44,0.625,0.477,0.5
82775,Lucas Ramon,SAO,Lateral,7,9.38,-0.82,5.03,16,-0.8,True,False,CHA,0.092,neutro,5.087,4.16,1.0,0.27,0.458
79066,Alex Muralha,MIR,Goleiro,6,2.64,0.0,-1.0,0,0.0,False,False,SAN,-1.31,armadilha_leve,0.0,0.0,0.0,0.477,0.5
133679,Benedetti,PAL,Zagueiro,6,5.42,0.0,4.85,2,0.0,False,True,VAS,0.454,neutro,3.192,1.85,0.25,0.575,0.504
136156,Larson,PAL,Meia,6,2.1,0.0,0.48,4,0.0,False,True,VAS,0.069,neutro,0.825,0.48,0.5,0.575,0.504
90917,Carlos Eduardo,MIR,Atacante,6,4.97,0.0,3.06,12,0.0,False,False,SAN,-0.198,neutro,2.798,1.98,1.0,0.477,0.5
81005,André Luis,MIR,Atacante,6,3.05,0.0,1.02,11,0.0,False,False,SAN,-1.008,armadilha_leve,0.985,0.29,1.0,0.477,0.5
101708,Felipe Jonatan,CFC,Lateral,6,4.54,0.0,2.38,15,0.0,False,True,COR,-0.297,neutro,2.763,1.78,1.0,0.307,0.384
87742,Neto Moura,MIR,Meia,6,3.23,-0.08,1.45,12,0.2,True,False,SAN,-0.429,neutro,1.269,1.45,1.0,0.477,0.5
97321,Alesson,MIR,Atacante,7,8.06,-0.24,4.72,18,1.3,True,False,SAN,0.682,valor_bom,4.754,3.89,1.0,0.477,0.5
104027,Rafael Guanaes,MIR,Técnico,7,6.97,-0.02,4.1,20,3.2,True,False,SAN,0.12,neutro,4.27,4.1,1.0,0.477,0.5
104204,Edson Carioca,MIR,Atacante,6,4.14,0.09,2.11,14,1.5,True,False,SAN,-0.356,neutro,2.217,1.54,1.0,0.477,0.5
105903,Aldo Filho,MIR,Meia,5,3.8,0.0,2.09,15,0.0,False,False,SAN,0.134,neutro,2.073,1.76,1.0,0.477,0.5
117403,Renato Marques,CFC,Atacante,6,2.73,0.0,0.74,7,0.0,False,True,COR,-0.86,armadilha_leve,0.845,0.74,0.875,0.307,0.384
97460,João Victor,MIR,Zagueiro,7,5.64,0.74,2.86,20,7.9,True,False,SAN,-0.121,neutro,2.836,1.86,1.0,0.477,0.5
77777,João Schmidt,SAN,Meia,7,4.81,0.09,2.04,11,4.5,True,True,MIR,-0.547,armadilha_leve,2.04,2.04,1.0,0.499,0.5
98384,Negueba,MIR,Atacante,5,8.57,0.0,5.23,8,0.0,False,False,SAN,0.823,valor_bom,5.03,4.23,1.0,0.477,0.5
97520,Shaylon,MIR,Meia,6,3.48,0.0,1.63,15,0.0,False,False,SAN,-0.003,neutro,1.773,1.3,1.0,0.477,0.5
78478,Willian Arão,SAN,Meia,7,6.57,1.26,3.34,15,9.5,True,True,MIR,0.48,neutro,3.601,3.01,1.0,0.499,0.5
84847,Luan Peres,SAN,Zagueiro,7,6.11,2.04,2.76,15,13.5,True,True,MIR,0.076,neutro,3.174,1.56,1.0,0.499,0.5
102256,Rollheiser,SAN,Meia,2,5.92,0.58,2.67,16,5.5,True,True,MIR,0.219,neutro,3.143,1.42,1.0,0.499,0.5
108469,Adonis Frías,SAN,Zagueiro,6,5.64,0.0,3.4,8,0.0,False,True,MIR,0.204,neutro,3.089,2.27,1.0,0.499,0.5
113690,Diógenes,SAN,Goleiro,6,5.0,0.0,5.55,2,0.0,False,True,MIR,0.362,neutro,3.178,3.05,0.25,0.499,0.5
87470,Thaciano,SAN,Meia,6,5.82,-0.42,2.5,13,0.0,True,True,MIR,0.222,neutro,3.105,1.73,1.0,0.499,0.5
91866,Zé Ivaldo,REM,Zagueiro,6,5.67,0.19,2.51,8,2.8,True,False,FLU,-0.383,neutro,2.644,2.13,1.0,0.313,0.527
83257,Gabriel,SAN,Atacante,7,9.56,0.83,5.05,14,9.6,True,True,MIR,0.349,neutro,4.97,0.91,1.0,0.499,0.5
95466,Igor Vinícius,SAN,Lateral,2,10.68,1.35,6.25,14,11.9,True,True,MIR,0.574,valor_bom,5.869,4.82,1.0,0.499,0.5
102975,Escobar,SAN,Lateral,7,10.8,1.27,6.33,15,11.2,True,True,MIR,0.617,valor_bom,5.938,5.0,1.0,0.499,0.5
141868,Vini Lira,SAN,Lateral,5,3.79,0.0,2.42,4,0.0,False,True,MIR,-0.588,armadilha_leve,2.055,2.42,0.5,0.499,0.5
142867,Robinho Jr.,SAN,Atacante,6,2.76,0.0,0.62,4,0.0,False,True,MIR,-0.911,armadilha_leve,0.831,0.62,0.5,0.499,0.5
80570,Wendell,SAO,Lateral,7,7.96,-0.28,4.04,16,2.7,True,False,CHA,-0.136,neutro,4.427,2.54,1.0,0.27,0.458
118775,Lautaro Díaz,SAN,Atacante,6,5.26,0.0,2.28,8,0.0,False,True,MIR,-0.984,armadilha_leve,2.342,1.28,1.0,0.499,0.5
63008,Rafael Tolói,SAO,Zagueiro,5,6.92,0.0,4.1,6,0.0,False,False,CHA,0.783,valor_bom,4.015,3.1,0.75,0.27,0.458
141754,Gabriel Bontempo,SAN,Meia,2,5.38,0.0,3.7,17,0.0,False,True,MIR,0.524,valor_bom,3.169,3.11,1.0,0.499,0.5
70164,Lucas Moura,SAO,Meia,5,7.5,0.0,2.32,8,0.0,False,False,CHA,-0.394,neutro,3.205,1.07,1.0,0.27,0.458
85403,Danielzinho,SAO,Meia,7,6.34,0.0,2.68,19,0.0,False,False,CHA,-0.033,neutro,3.098,2.15,1.0,0.27,0.458
91573,Arboleda,SAO,Zagueiro,7,8.37,-0.18,3.77,10,1.5,True,False,CHA,-0.011,neutro,3.851,3.17,1.0,0.27,0.458
117818,Young,SAO,Goleiro,6,3.0,0.0,0.0,0,0.0,False,False,CHA,-1.56,armadilha_forte,0.0,0.0,0.0,0.27,0.458
81845,Alisson,FLU,Meia,6,3.52,0.0,0.96,8,0.0,False,True,REM,-0.368,neutro,1.5,0.33,1.0,0.666,0.527
77656,Cédric Soares,SAO,Lateral,6,3.73,0.0,0.94,8,0.0,False,False,CHA,-1.309,armadilha_leve,1.406,0.94,1.0,0.27,0.458
89840,Calleri,SAO,Atacante,7,11.04,-0.35,5.42,20,0.8,True,False,CHA,0.19,neutro,5.251,2.37,1.0,0.27,0.458
110708,Pedro Rangel,CFC,Goleiro,5,7.48,0.0,4.67,17,0.0,False,True,COR,0.685,valor_bom,4.494,2.91,1.0,0.307,0.384
105300,Ferraresi,BOT,Zagueiro,7,6.38,0.85,2.69,17,6.7,True,True,CAP,-0.156,neutro,3.094,1.98,1.0,0.414,0.461
107873,Bobadilla,SAO,Meia,5,8.06,0.0,3.94,16,0.0,False,False,CHA,0.355,neutro,3.99,3.31,1.0,0.27,0.458
101290,Ferreira,SAO,Atacante,6,6.63,-0.93,3.94,17,1.3,True,False,CHA,0.681,valor_bom,4.225,2.06,1.0,0.27,0.458
106028,Coronel,SAO,Goleiro,6,5.0,0.0,0.0,0,0.0,False,False,CHA,-2.637,armadilha_forte,0.0,0.0,0.0,0.27,0.458
141609,Lucca,SAO,Atacante,5,2.05,0.0,0.23,4,0.0,False,False,CHA,-0.24,neutro,0.701,0.23,0.5,0.27,0.458
118563,Rodriguinho,RBB,Meia,7,6.07,0.0,3.54,11,0.0,False,True,GRE,0.918,valor_bom,3.771,2.63,1.0,0.539,0.504
106294,Marcos Antônio,SAO,Meia,7,6.06,-0.33,2.59,16,1.5,True,False,CHA,0.087,neutro,3.09,1.96,1.0,0.27,0.458
72391,Fernando Diniz,COR,Técnico,7,9.19,-0.42,5.72,16,5.45,True,False,CFC,0.954,valor_bom,5.538,5.72,1.0,0.211,0.384
140542,Ryan Francisco,SAO,Atacante,6,4.35,-0.65,-0.3,1,-0.3,True,False,CHA,-0.664,armadilha_leve,2.104,0.0,0.125,0.27,0.458
113359,Pablo Maia,SAO,Meia,7,5.21,0.86,1.96,14,8.2,True,False,CHA,-0.833,armadilha_leve,1.989,1.6,1.0,0.27,0.458
131617,André Silva,SAO,Atacante,6,3.22,0.0,0.22,13,0.0,False,False,CHA,-1.816,armadilha_forte,0.493,0.22,1.0,0.27,0.458
86686,Tchê Tchê,VAS,Meia,7,4.24,-0.74,2.13,15,2.3,True,False,PAL,-0.129,neutro,2.099,1.8,1.0,0.351,0.504
141611,Maik,SAO,Lateral,6,5.52,0.0,3.48,5,0.0,False,False,CHA,-0.06,neutro,3.481,2.88,0.625,0.27,0.458
81091,Jair,VAS,Meia,5,6.37,-1.28,3.13,3,0.0,True,False,PAL,0.848,valor_bom,3.828,3.13,0.375,0.351,0.504
71123,Thiago Mendes,VAS,Meia,7,7.65,0.5,4.23,18,5.2,True,False,PAL,0.752,valor_bom,4.187,2.84,1.0,0.351,0.504
93716,Paulo Henrique,VAS,Lateral,7,7.31,-0.99,3.15,14,1.3,True,False,PAL,-0.481,neutro,3.896,2.22,1.0,0.351,0.504
95936,Daniel Fuzato,VAS,Goleiro,6,2.0,0.0,0.0,0,0.0,False,False,PAL,-0.796,armadilha_leve,0.0,0.0,0.0,0.351,0.504
86410,Victor Luis,MIR,Lateral,6,3.65,0.0,1.2,7,0.0,False,False,SAN,-1.064,armadilha_leve,1.559,0.77,0.875,0.477,0.5
90309,David,VAS,Atacante,6,3.99,-0.23,1.99,18,0.0,True,False,PAL,-0.367,neutro,2.117,0.82,1.0,0.351,0.504
97095,Carlos Cuesta,VAS,Zagueiro,7,5.26,-0.78,2.14,11,1.7,True,False,PAL,-0.467,neutro,2.408,1.14,1.0,0.351,0.504
122485,Barros,VAS,Meia,6,8.75,0.0,4.7,17,0.0,False,False,PAL,0.74,valor_bom,4.505,3.82,1.0,0.351,0.504
99213,Puma Rodríguez,VAS,Lateral,6,7.92,-0.07,5.05,14,3.8,True,False,PAL,0.684,valor_bom,5.105,2.55,1.0,0.351,0.504
105584,Lucas Piton,VAS,Lateral,6,5.1,0.14,2.03,15,2.4,True,False,PAL,-0.93,armadilha_leve,2.535,1.83,1.0,0.351,0.504
116706,Andrés Gómez,VAS,Atacante,7,11.84,-1.72,7.4,18,2.9,True,False,PAL,1.705,valor_oculto,6.609,5.07,1.0,0.351,0.504
117330,Robert Renan,VAS,Zagueiro,7,5.11,-0.94,2.61,21,1.7,True,False,PAL,-0.064,neutro,2.656,2.04,1.0,0.351,0.504
111682,Adson,VAS,Meia,6,6.63,0.0,3.69,10,0.0,False,False,PAL,0.78,valor_bom,3.867,3.69,1.0,0.351,0.504
118752,Mateus Carvalho,VAS,Meia,5,4.0,0.0,0.0,0,0.0,False,False,PAL,-2.546,armadilha_forte,0.0,0.0,0.0,0.351,0.504
115141,Lucas Freitas,VAS,Zagueiro,6,4.77,0.0,2.5,2,0.0,False,False,PAL,0.22,neutro,2.722,1.0,0.25,0.351,0.504
97645,Thiago Couto,VIT,Goleiro,6,3.0,0.0,0.0,0,0.0,False,True,BAH,-1.56,armadilha_forte,0.0,0.0,0.0,0.377,0.479
142279,Nuno Moreira,VAS,Meia,2,4.72,-0.05,1.95,17,0.0,True,False,PAL,-0.57,armadilha_leve,1.979,1.36,1.0,0.351,0.504
42222,Osvaldo,VIT,Atacante,6,4.07,0.0,0.4,2,0.0,False,True,BAH,-0.58,armadilha_leve,2.003,0.4,0.25,0.377,0.479
92180,Jair Ventura,VIT,Técnico,7,8.98,0.77,5.2,20,8.66,True,True,BAH,0.173,neutro,5.192,5.2,1.0,0.377,0.479
92696,Renato Kayzer,VIT,Atacante,6,6.7,0.07,3.23,13,2.7,True,True,BAH,0.14,neutro,3.839,1.0,1.0,0.377,0.479
90588,Caíque,VIT,Meia,5,4.64,0.0,2.5,17,0.0,False,True,BAH,-0.064,neutro,2.353,2.5,1.0,0.377,0.479
104330,Dudu,VIT,Meia,5,5.01,0.0,3.95,2,0.0,False,True,BAH,-0.191,neutro,2.423,1.45,0.25,0.377,0.479
90703,Matheuzinho,VIT,Meia,7,7.07,1.4,3.67,19,11.5,True,True,BAH,0.502,valor_bom,3.794,2.88,1.0,0.377,0.479
96793,Camutanga,VIT,Zagueiro,5,6.71,0.0,3.95,7,0.0,False,True,BAH,0.794,valor_bom,3.951,2.66,0.875,0.377,0.479
130620,Edenílson,VIT,Meia,6,3.1,0.0,1.55,9,0.0,False,True,BAH,-0.298,neutro,1.29,1.55,1.0,0.377,0.479
99440,Baralhas,VIT,Meia,7,9.25,0.0,5.24,15,0.0,False,True,BAH,0.984,valor_bom,4.84,3.91,1.0,0.377,0.479
145387,Rúben Ismael,VIT,Meia,5,4.0,0.0,0.0,0,0.0,False,True,BAH,-2.546,armadilha_forte,0.0,0.0,0.0,0.377,0.479
101597,Ramon,VIT,Lateral,7,8.19,0.47,4.84,16,4.9,True,True,BAH,0.401,neutro,4.961,2.96,1.0,0.377,0.479
104118,Lucas Arcanjo,VIT,Goleiro,7,9.76,0.88,5.62,17,8.9,True,True,BAH,0.662,valor_bom,5.14,3.86,1.0,0.377,0.479
80129,Jadson,CAP,Meia,7,6.22,1.29,3.48,16,10.7,True,False,BOT,0.739,valor_bom,3.683,3.17,1.0,0.281,0.461
111879,Mateus Silva,VIT,Lateral,6,4.95,0.0,4.85,2,0.0,False,True,BAH,0.609,valor_bom,3.755,3.35,0.25,0.377,0.479
116461,Jamerson,VIT,Lateral,6,6.24,0.45,3.74,10,5.5,True,True,BAH,-0.284,neutro,3.625,2.54,1.0,0.377,0.479
90031,Mendoza,CAP,Atacante,7,8.22,0.73,4.3,21,6.0,True,False,BOT,0.21,neutro,4.446,2.4,1.0,0.281,0.461
85626,Léo,CAP,Zagueiro,6,6.77,0.0,4.9,2,0.0,False,False,BOT,1.012,valor_bom,4.141,3.4,0.25,0.281,0.461
110668,Esquivel,CAP,Lateral,5,7.9,0.0,4.88,14,0.0,False,False,BOT,0.565,valor_bom,4.997,2.74,1.0,0.281,0.461
105518,Renan Peixoto,CAP,Atacante,6,2.73,0.0,0.9,7,0.0,False,False,BOT,-0.764,armadilha_leve,0.919,0.9,0.875,0.281,0.461
122316,Batata,CAP,Lateral,6,1.0,0.0,0.0,0,0.0,False,False,BOT,0.265,neutro,0.0,0.0,0.0,0.281,0.461
113113,Benavídez,CAP,Lateral,7,7.36,-0.4,4.77,17,4.7,True,False,BOT,0.695,valor_bom,4.908,2.36,1.0,0.281,0.461
107985,Terán,CAP,Zagueiro,6,6.98,0.0,4.09,13,0.0,False,False,BOT,0.785,valor_bom,4.037,2.94,1.0,0.281,0.461
115266,Renan Viana,CAP,Atacante,6,2.0,0.0,0.0,0,0.0,False,False,BOT,-1.09,armadilha_leve,0.0,0.0,0.0,0.281,0.461
92273,Odair Hellmann,CAP,Técnico,7,9.02,-0.42,5.88,21,5.75,True,False,BOT,1.594,valor_oculto,5.685,5.88,1.0,0.281,0.461
110698,Mycael,CAP,Goleiro,7,7.46,0.0,7.6,1,0.0,False,False,BOT,0.702,valor_bom,4.506,2.6,0.125,0.281,0.461
112017,Felipinho,CAP,Meia,6,4.79,0.0,2.99,8,0.0,False,False,BOT,0.047,neutro,2.515,2.99,1.0,0.281,0.461
123101,Leozinho,CAP,Atacante,7,5.74,-0.06,5.37,10,2.8,True,False,BOT,0.953,valor_bom,4.052,2.97,1.0,0.281,0.461
120433,Léo Derik,CAP,Lateral,6,5.81,0.0,3.65,9,0.0,False,False,BOT,-0.118,neutro,3.57,2.65,1.0,0.281,0.461
122439,Isaac,CAP,Atacante,6,1.66,0.0,0.4,3,0.0,False,False,BOT,0.425,neutro,0.79,0.4,0.375,0.281,0.461
128427,Alejandro García,CAP,Meia,6,4.0,0.0,0.0,0,0.0,False,False,BOT,-2.546,armadilha_forte,0.0,0.0,0.0,0.281,0.461
143193,Viveros,CAP,Atacante,7,12.88,-1.46,8.7,20,7.4,True,False,BOT,2.679,valor_oculto,7.594,3.15,1.0,0.281,0.461
125926,Zapelli,CAP,Meia,6,4.31,0.08,1.38,14,1.5,True,False,BOT,-0.761,armadilha_leve,1.62,1.02,1.0,0.281,0.461
127970,Felipe Chiqueti,CAP,Meia,6,2.07,0.0,1.35,7,0.0,False,False,BOT,0.515,valor_bom,1.162,1.35,0.875,0.281,0.461
128431,João Cruz,CAP,Meia,7,5.31,-0.84,3.25,16,3.2,True,False,BOT,0.166,neutro,2.847,2.0,1.0,0.281,0.461
130842,Matheus Soares,CAP,Goleiro,6,1.0,0.0,0.0,0,0.0,False,False,BOT,0.281,neutro,0.0,0.0,0.0,0.281,0.461
104811,Sebastián Gómez,CFC,Meia,7,3.73,-0.32,2.34,19,-0.3,True,True,COR,0.401,neutro,2.251,2.34,1.0,0.307,0.384
125746,Dudu,CAP,Meia,6,2.27,0.17,1.66,14,1.5,True,False,BOT,0.618,valor_bom,1.419,1.3,1.0,0.281,0.461
141628,Pablo Lúcio,FLA,Meia,6,2.0,0.0,0.0,0,0.0,False,False,CRU,-0.833,armadilha_leve,0.0,0.0,0.0,0.157,0.469
97878,Jacy,CFC,Zagueiro,7,6.39,1.03,4.19,20,9.3,True,True,COR,1.161,valor_bom,4.122,3.29,1.0,0.307,0.384
131832,Portilla,CAP,Meia,6,2.87,0.0,1.17,15,0.0,False,False,BOT,-0.326,neutro,1.11,1.17,1.0,0.281,0.461
143532,Carlos Eduardo,CAP,Goleiro,6,1.0,0.0,0.0,0,0.0,False,False,BOT,0.281,neutro,0.0,0.0,0.0,0.281,0.461
63354,Rodrigo Moledo,CFC,Zagueiro,6,6.53,0.0,5.57,3,0.0,False,True,COR,1.444,valor_bom,4.393,2.57,0.375,0.307,0.384
145609,Élan Ricardo,CAP,Meia,6,3.0,0.0,0.0,0,0.0,False,False,BOT,-1.798,armadilha_forte,0.0,0.0,0.0,0.281,0.461
82628,Tinga,CFC,Lateral,6,5.53,-0.85,3.59,16,0.0,True,True,COR,0.021,neutro,3.554,2.59,1.0,0.307,0.384
84626,Josué,CFC,Meia,5,6.56,0.0,4.24,21,0.0,False,True,COR,1.217,valor_bom,4.198,1.86,1.0,0.307,0.384
123869,Aguirre,CAP,Zagueiro,7,5.52,-1.07,3.68,18,0.6,True,False,BOT,0.67,valor_bom,3.402,2.51,1.0,0.281,0.461
84339,Bruno Melo,CFC,Lateral,7,5.81,0.6,3.39,21,4.3,True,True,COR,-0.302,neutro,3.415,2.01,1.0,0.307,0.384
84428,Fernando Sobral,CFC,Meia,7,3.94,-0.4,1.0,4,1.0,True,True,COR,-0.428,neutro,1.694,1.0,0.5,0.307,0.384
101405,Wallisson,MIR,Meia,7,4.73,0.02,2.48,14,3.5,True,False,SAN,-0.157,neutro,2.32,2.48,1.0,0.477,0.5
112576,Vini Paulista,CFC,Meia,6,3.71,-0.17,2.28,22,1.5,True,True,COR,0.372,neutro,2.216,2.28,1.0,0.307,0.384
90302,Pedro Rocha,CFC,Atacante,7,6.4,-1.45,3.66,22,-0.4,True,True,COR,0.474,neutro,3.972,1.61,1.0,0.307,0.384
115840,Benassi,CFC,Goleiro,6,1.0,0.0,0.0,0,0.0,False,True,COR,0.281,neutro,0.0,0.0,0.0,0.307,0.384
104075,Sabino,SAO,Zagueiro,6,6.86,0.0,3.89,16,0.0,False,False,CHA,0.675,valor_bom,3.91,2.95,1.0,0.27,0.458
117930,Lavega,CFC,Atacante,7,4.94,-1.16,3.41,21,0.4,True,True,COR,0.259,neutro,3.132,1.03,1.0,0.307,0.384
123648,Lucas Ronier,CFC,Atacante,5,10.77,0.0,6.7,18,0.0,False,True,COR,1.423,valor_bom,6.125,5.42,1.0,0.307,0.384
125803,Pedro Morisco,CFC,Goleiro,7,7.79,0.19,4.29,7,4.2,True,True,COR,0.311,neutro,4.199,4.29,0.875,0.307,0.384
131279,Thiago Azaf,CFC,Atacante,6,1.0,0.0,0.0,0,0.0,False,True,COR,0.539,valor_bom,0.0,0.0,0.0,0.307,0.384
126977,Fernando Seabra,CFC,Técnico,7,7.79,-0.25,5.08,23,4.41,True,True,COR,1.066,valor_bom,4.981,5.08,1.0,0.307,0.384
82730,Marcelo Rangel,REM,Goleiro,7,5.65,0.54,3.82,22,2.9,True,False,FLU,0.77,valor_bom,3.9,3.37,1.0,0.313,0.527
83074,Ygor Vinhas,REM,Goleiro,6,3.0,0.0,0.0,0,0.0,False,False,FLU,-1.56,armadilha_forte,0.0,0.0,0.0,0.313,0.527
141337,Lucas Taverna,CFC,Lateral,6,2.58,0.0,2.1,3,0.0,False,True,COR,0.366,neutro,1.935,1.1,0.375,0.307,0.384
130283,Matheus Dias,CFC,Meia,6,1.0,0.0,0.0,0,0.0,False,True,COR,0.526,valor_bom,0.0,0.0,0.0,0.307,0.384
124834,Ruan Assis,CFC,Atacante,6,1.0,0.0,0.0,0,0.0,False,True,COR,0.539,valor_bom,0.0,0.0,0.0,0.307,0.384
109127,Tiago Cóser,CFC,Zagueiro,7,4.78,0.39,3.02,20,9.9,True,True,COR,0.508,valor_bom,2.951,1.22,1.0,0.307,0.384
98224,Jáderson,REM,Meia,6,2.44,0.0,0.85,11,0.0,False,False,FLU,-0.173,neutro,0.912,0.85,1.0,0.313,0.527
124358,João Almeida,CFC,Lateral,6,0.92,0.0,0.0,1,0.0,False,True,COR,2.39,valor_oculto,1.664,0.0,0.125,0.307,0.384
97795,Marcelinho,REM,Lateral,6,5.8,-0.18,4.95,19,2.2,True,False,FLU,1.007,valor_bom,4.515,3.58,1.0,0.313,0.527
102911,Zé Ricardo,REM,Meia,7,4.72,0.41,2.67,21,4.7,True,False,FLU,0.064,neutro,2.496,2.43,1.0,0.313,0.527
143455,PH Gama,REM,Meia,6,2.0,0.0,0.0,0,0.0,False,False,FLU,-0.833,armadilha_leve,0.0,0.0,0.0,0.313,0.527
107700,Eduardo Melo,REM,Atacante,6,2.13,0.0,1.4,1,0.0,False,False,FLU,0.031,neutro,0.988,1.4,0.125,0.313,0.527
68938,Giovanni Augusto,CHA,Meia,7,7.19,3.38,3.4,14,23.2,True,True,SAO,0.277,neutro,3.651,1.97,1.0,0.264,0.458
104257,João Lucas,REM,Lateral,6,4.59,0.0,2.82,6,0.0,False,False,FLU,0.184,neutro,3.198,2.82,0.75,0.313,0.527
141386,Marcos Alexandre,REM,Goleiro,6,1.0,0.0,0.0,0,0.0,False,False,FLU,0.281,neutro,0.0,0.0,0.0,0.313,0.527
68822,Rafael Santos,CHA,Goleiro,6,4.94,0.0,3.75,4,0.0,False,True,SAO,0.195,neutro,2.973,3.75,0.5,0.264,0.458
141385,João Victor,REM,Goleiro,6,1.0,0.0,0.0,0,0.0,False,False,FLU,0.281,neutro,0.0,0.0,0.0,0.313,0.527
145782,Tassano,REM,Zagueiro,6,3.0,0.0,0.0,0,0.0,False,False,FLU,-2.009,armadilha_forte,0.0,0.0,0.0,0.313,0.527
71043,Léo Vieira,BAH,Goleiro,5,6.82,0.0,5.02,16,0.0,False,False,VIT,1.113,valor_bom,4.72,4.39,1.0,0.239,0.479
102906,Anderson,CHA,Goleiro,7,5.26,-0.1,2.83,8,1.4,True,True,SAO,0.529,valor_bom,3.475,2.83,1.0,0.264,0.458
83048,Rafael Thyere,CHA,Zagueiro,6,2.75,0.0,-0.1,3,0.0,False,True,SAO,-0.553,armadilha_leve,0.958,0.0,0.375,0.264,0.458
95332,Marcinho,CHA,Atacante,7,5.36,0.99,3.49,20,8.9,True,True,SAO,0.047,neutro,3.18,2.04,1.0,0.264,0.458
101393,Eduardo Doma,CHA,Zagueiro,7,4.18,0.16,2.37,19,3.0,True,True,SAO,0.297,neutro,2.491,1.9,1.0,0.264,0.458
97432,Victor Caetano,CHA,Zagueiro,3,3.16,-0.03,1.48,8,-1.0,False,True,SAO,-0.323,neutro,1.417,1.48,1.0,0.264,0.458
104470,Everton,CHA,Lateral,7,3.41,-0.11,1.77,17,0.0,True,True,SAO,-0.576,armadilha_leve,1.803,1.3,1.0,0.264,0.458
88293,Neto Pessoa,CHA,Atacante,6,4.74,0.0,3.49,9,0.0,False,True,SAO,0.196,neutro,2.979,1.16,1.0,0.264,0.458
104519,Camilo,CHA,Meia,7,5.09,0.37,3.07,18,3.1,True,True,SAO,0.169,neutro,2.753,3.07,1.0,0.264,0.458
107453,João Paulo,CHA,Zagueiro,5,4.8,0.0,3.3,6,0.0,False,True,SAO,0.56,valor_bom,3.001,1.47,0.75,0.264,0.458
111279,Mancha,CHA,Lateral,6,3.0,0.0,0.0,0,0.0,False,True,SAO,-2.344,armadilha_forte,0.0,0.0,0.0,0.264,0.458
97900,Vitão,FLA,Zagueiro,5,6.62,0.0,2.37,9,0.0,False,False,CRU,-0.241,neutro,3.114,1.04,1.0,0.157,0.469
130806,Kauan,CHA,Zagueiro,7,0.64,-0.03,-1.05,2,-1.5,True,True,SAO,2.207,valor_oculto,0.874,0.0,0.25,0.264,0.458
68708,Eduardo,MIR,Meia,6,5.93,0.52,2.51,15,5.0,True,False,SAN,0.111,neutro,3.059,1.84,1.0,0.477,0.5
107516,Ênio,CHA,Atacante,6,5.04,0.0,2.93,12,0.0,False,True,SAO,-0.346,neutro,2.72,2.26,1.0,0.264,0.458
140438,David,CHA,Meia,6,1.14,-0.26,0.83,7,0.0,True,True,SAO,1.427,valor_bom,0.919,0.83,0.875,0.264,0.458
121870,Gustavo Talles,CHA,Lateral,6,2.0,0.0,0.0,0,0.0,False,True,SAO,-1.261,armadilha_leve,0.0,0.0,0.0,0.264,0.458
109336,Rafael Carvalheira,CHA,Meia,5,5.7,0.0,2.72,14,0.0,False,True,SAO,0.42,neutro,3.218,2.01,1.0,0.264,0.458
116066,Rubens,CHA,Atacante,6,2.48,0.0,1.38,9,0.0,False,True,SAO,-0.156,neutro,1.171,0.49,1.0,0.264,0.458
130414,Robert,CHA,Meia,5,3.51,0.0,3.0,1,0.0,False,True,SAO,0.433,neutro,2.147,3.0,0.125,0.264,0.458
89837,Lucho Acosta,FLU,Meia,3,9.66,-0.71,4.74,18,-1.3,True,True,REM,0.484,neutro,4.54,2.8,1.0,0.666,0.527
51772,Everton Ribeiro,BAH,Meia,5,8.86,0.0,4.48,16,0.0,False,False,VIT,0.513,valor_bom,4.35,3.23,1.0,0.239,0.479
130843,Arthur Dias,CAP,Zagueiro,7,5.67,-0.78,3.61,19,1.7,True,False,BOT,0.541,valor_bom,3.363,2.5,1.0,0.281,0.461
89274,Andreas Pereira,PAL,Meia,7,11.49,-0.72,4.73,22,0.0,True,True,VAS,-0.024,neutro,4.559,2.46,1.0,0.575,0.504
126471,Barreal,SAN,Meia,7,10.18,-0.62,4.79,17,3.2,True,True,MIR,0.356,neutro,4.566,3.61,1.0,0.499,0.5
110426,Bernabei,INT,Lateral,7,9.63,-1.21,6.13,20,3.2,True,True,CAM,0.924,valor_bom,5.865,3.93,1.0,0.442,0.479
78850,Reinaldo,MIR,Lateral,7,8.86,-0.12,3.28,17,7.2,True,False,SAN,-1.126,armadilha_leve,3.895,1.57,1.0,0.477,0.5
100652,Yuri Alberto,COR,Atacante,5,10.58,0.0,4.1,17,0.0,False,False,CFC,-0.852,armadilha_leve,4.334,2.1,1.0,0.211,0.384
99552,Rossi,FLA,Goleiro,7,8.57,-0.39,4.93,21,4.2,True,False,CRU,0.564,valor_bom,4.706,2.79,1.0,0.157,0.469
89368,Braithwaite,GRE,Atacante,6,5.48,0.0,0.3,13,0.0,False,False,RBB,-2.742,armadilha_forte,1.102,0.3,1.0,0.145,0.504
80287,Luciano,SAO,Atacante,7,12.8,-0.09,4.88,18,4.7,True,False,CHA,-0.862,armadilha_leve,4.865,1.94,1.0,0.27,0.458
39148,Hulk,FLU,Atacante,7,12.39,1.23,5.06,16,11.3,True,True,REM,-0.587,armadilha_leve,4.983,2.62,1.0,0.666,0.527
122781,Caballero,SAN,Atacante,2,4.68,0.14,2.82,4,3.7,True,True,MIR,-0.331,neutro,2.543,2.82,0.5,0.499,0.5
115025,Miguelito,SAN,Meia,6,7.41,0.0,4.88,8,0.0,False,True,MIR,1.212,valor_bom,4.485,3.0,1.0,0.499,0.5
141776,Gustavo Henrique,SAN,Meia,6,2.89,0.41,1.72,9,3.5,True,True,MIR,-0.012,neutro,1.38,1.72,1.0,0.499,0.5
133673,Mateus Xavier,SAN,Atacante,6,2.33,0.0,1.2,1,0.0,False,True,MIR,-0.248,neutro,0.965,1.2,0.125,0.499,0.5
118655,Saldivia,VAS,Zagueiro,6,5.83,0.0,2.55,11,0.0,False,False,PAL,-0.463,neutro,2.646,2.28,1.0,0.351,0.504
142130,Marcelo Eráclito,CRU,Goleiro,6,1.0,0.0,0.0,0,0.0,False,True,FLA,0.281,neutro,0.0,0.0,0.0,0.311,0.469
114802,Vitor Roque,PAL,Atacante,7,14.27,-1.25,5.28,11,-0.6,True,True,VAS,-0.975,armadilha_leve,5.09,3.1,1.0,0.575,0.504
86292,Bolasie,CHA,Atacante,5,4.49,0.0,2.21,16,0.0,False,True,SAO,-0.544,armadilha_leve,2.275,1.4,1.0,0.264,0.458
146991,Rhuan Gabriel,CRU,Meia,6,1.39,0.0,1.2,1,0.0,False,True,FLA,1.18,valor_bom,1.02,1.2,0.125,0.311,0.469
144423,Nicolas Pontes,CRU,Lateral,6,1.0,0.0,0.0,0,0.0,False,True,FLA,0.265,neutro,0.0,0.0,0.0,0.311,0.469
106104,Enamorado,GRE,Atacante,6,6.68,0.0,3.31,18,0.0,False,False,RBB,0.071,neutro,3.778,2.75,1.0,0.145,0.504
94583,Pedro,FLA,Atacante,7,18.08,2.66,8.73,21,20.2,True,False,CRU,1.48,valor_bom,7.654,2.44,1.0,0.157,0.469
103445,Kaio Jorge,CRU,Atacante,7,10.55,-1.25,4.62,17,1.0,True,True,FLA,-0.38,neutro,4.687,1.8,1.0,0.311,0.469
126182,Paulinho,INT,Meia,6,4.21,0.37,2.01,17,3.0,True,True,CAM,-0.206,neutro,2.02,2.01,1.0,0.442,0.479
126120,Marcelinho,RBB,Meia,6,3.16,0.0,2.18,5,0.0,False,True,GRE,-0.148,neutro,1.452,1.18,0.625,0.539,0.504
115986,Denilson,MIR,Meia,6,4.5,-0.58,3.34,14,-1.7,True,False,SAN,0.652,valor_bom,2.868,2.98,1.0,0.477,0.5
133696,Wallace Davi,BOT,Meia,6,4.0,0.0,0.0,0,0.0,False,True,CAP,-2.546,armadilha_forte,0.0,0.0,0.0,0.414,0.461
130280,Phillipe Gabriel,VAS,Goleiro,6,1.0,0.0,0.0,0,0.0,False,False,PAL,0.281,neutro,0.0,0.0,0.0,0.351,0.504
128433,Johan Rojas,VAS,Meia,6,3.78,0.0,1.58,16,0.0,False,False,PAL,-0.268,neutro,1.734,1.27,1.0,0.351,0.504
108713,Galeano,REM,Atacante,6,4.43,0.01,1.24,11,1.7,True,False,FLU,-1.212,armadilha_leve,1.73,1.24,1.0,0.313,0.527
101908,Willian Machado,MIR,Zagueiro,7,5.54,0.2,3.58,16,3.6,True,False,SAN,0.544,valor_bom,3.312,2.71,1.0,0.477,0.5
145400,Cauê,RBB,Lateral,6,4.23,0.0,3.47,3,0.0,False,True,GRE,0.766,valor_bom,3.478,2.47,0.375,0.539,0.504
94154,Maycon,CAM,Meia,7,5.31,0.03,2.52,14,1.5,True,False,INT,-0.449,neutro,2.346,1.81,1.0,0.174,0.479
94514,Lucas Oliveira,MIR,Zagueiro,6,5.07,0.0,3.13,8,0.0,False,False,SAN,0.342,neutro,2.954,2.0,1.0,0.477,0.5
131516,JP Chermont,CFC,Lateral,7,4.8,0.29,2.72,13,2.9,True,True,COR,-0.177,neutro,3.01,1.64,1.0,0.307,0.384
102909,Luan,SAO,Meia,6,2.69,0.0,0.96,7,0.0,False,False,CHA,-0.325,neutro,0.98,0.96,0.875,0.27,0.458
141131,Vitão,CAM,Zagueiro,6,1.0,0.0,0.0,0,0.0,False,False,INT,0.395,neutro,0.0,0.0,0.0,0.174,0.479
93988,Breno Lopes,CFC,Atacante,7,9.43,0.24,5.38,20,6.3,True,True,COR,0.73,valor_bom,5.223,1.93,1.0,0.307,0.384
132412,Román Gómez,BAH,Lateral,7,8.66,-0.69,5.75,8,4.3,True,False,VIT,0.823,valor_bom,5.476,4.62,1.0,0.239,0.479
114040,Minda,CAM,Atacante,6,7.11,-1.02,4.0,12,0.0,True,False,INT,0.576,valor_bom,4.332,1.83,1.0,0.174,0.479
130048,Noriega,GRE,Zagueiro,7,7.15,-0.8,4.21,16,1.7,True,False,RBB,0.824,valor_bom,4.124,2.96,1.0,0.145,0.504
90061,Bruno Pacheco,CHA,Lateral,6,5.97,-0.08,3.59,13,2.0,True,True,SAO,-0.232,neutro,3.548,2.44,1.0,0.264,0.458
106302,Preciado,CAM,Lateral,3,7.43,-1.43,4.31,10,3.1,True,False,INT,0.424,neutro,4.706,2.91,1.0,0.174,0.479
116034,Victor Hugo,CAM,Meia,7,6.44,-0.01,3.63,19,1.8,True,False,INT,0.741,valor_bom,3.766,2.31,1.0,0.174,0.479
103183,Andrew,FLA,Goleiro,6,3.0,0.0,0.0,0,0.0,False,False,CRU,-1.56,armadilha_forte,0.0,0.0,0.0,0.157,0.469
147090,Kauã Pascini,CAM,Lateral,6,3.99,0.0,3.24,5,0.0,False,False,INT,-0.336,neutro,2.398,2.04,0.625,0.174,0.479
141614,Paulinho,SAO,Atacante,6,2.0,0.0,0.0,0,0.0,False,False,CHA,-1.09,armadilha_leve,0.0,0.0,0.0,0.27,0.458
70666,Marllon,REM,Zagueiro,7,5.82,0.0,2.83,21,0.0,False,False,FLU,-0.241,neutro,2.815,2.02,1.0,0.313,0.527
83433,Patrick,REM,Meia,6,5.76,0.46,3.97,20,5.0,True,False,FLU,1.354,valor_bom,4.004,3.97,1.0,0.313,0.527
141873,Jacaré,COR,Lateral,6,2.0,0.0,0.0,0,0.0,False,False,CFC,-1.261,armadilha_leve,0.0,0.0,0.0,0.211,0.384
105089,Tetê,GRE,Atacante,6,9.27,0.18,3.83,16,5.3,True,False,RBB,-0.593,armadilha_leve,4.163,2.83,1.0,0.145,0.504
100342,Léo Andrade,REM,Zagueiro,6,4.79,0.0,2.95,4,0.0,False,False,FLU,0.353,neutro,2.835,2.95,0.5,0.313,0.527
70449,Gabriel,VIT,Goleiro,6,5.02,0.0,0.9,3,0.0,False,True,BAH,-0.641,armadilha_leve,2.125,0.0,0.375,0.377,0.479
106708,Igor Formiga,MIR,Lateral,7,7.21,-0.29,4.57,17,0.9,True,False,SAN,0.602,valor_bom,4.772,3.51,1.0,0.477,0.5
89256,Gerson,CRU,Meia,7,8.39,0.16,4.24,20,2.8,True,True,FLA,0.489,neutro,4.197,3.74,1.0,0.311,0.469
69208,Gabriel Paulista,COR,Zagueiro,7,8.7,-0.64,4.38,17,1.5,True,False,CFC,0.373,neutro,4.243,2.79,1.0,0.211,0.384
105157,Villagra,INT,Meia,7,4.95,-0.25,1.98,17,0.9,True,True,CAM,-0.677,armadilha_leve,1.999,1.98,1.0,0.442,0.479
103388,Emmanuel Martínez,VIT,Meia,7,6.52,-0.18,3.38,16,4.7,True,True,BAH,0.521,valor_bom,3.616,3.38,1.0,0.377,0.479
123689,Milans,COR,Lateral,6,8.55,0.0,5.28,5,0.0,False,False,CFC,0.578,valor_bom,5.232,3.48,0.625,0.211,0.384
95362,Cassierra,CAM,Atacante,2,5.64,0.33,2.25,18,3.2,True,False,INT,-1.279,armadilha_leve,2.297,1.08,1.0,0.174,0.479
146374,Gilberto Junior,CAP,Lateral,6,6.14,0.0,4.62,6,0.0,False,False,BOT,0.176,neutro,3.969,3.62,0.75,0.281,0.461
71536,Luiz Gustavo,CAP,Meia,7,6.2,-0.51,3.65,15,2.7,True,False,BOT,0.896,valor_bom,3.803,2.98,1.0,0.281,0.461
86859,José Welison,REM,Meia,7,3.87,0.3,2.66,19,3.9,True,False,FLU,0.581,valor_bom,2.477,2.66,1.0,0.313,0.527
142265,Dell,BAH,Atacante,6,1.82,0.0,0.65,4,0.0,False,False,VIT,0.257,neutro,0.841,0.65,0.5,0.239,0.479
110633,Gustavo,CFC,Meia,6,3.3,0.0,0.9,4,0.0,False,True,COR,-0.857,armadilha_leve,0.965,0.9,0.5,0.307,0.384
90370,Matheus Pereira,COR,Meia,6,3.39,-0.21,1.07,14,1.5,True,False,CFC,-0.364,neutro,1.423,1.07,1.0,0.211,0.384
130233,Iuri,BAH,Goleiro,6,1.0,0.0,0.0,0,0.0,False,False,VIT,0.281,neutro,0.0,0.0,0.0,0.239,0.479
107859,Fintelman,VIT,Goleiro,6,2.0,0.0,0.0,0,0.0,False,True,BAH,-0.796,armadilha_leve,0.0,0.0,0.0,0.377,0.479
68952,Marinho,VIT,Atacante,6,4.88,-0.39,2.03,8,1.8,True,True,BAH,-0.896,armadilha_leve,2.217,2.03,1.0,0.377,0.479
105842,Edu,VIT,Zagueiro,5,4.13,0.0,1.5,1,0.0,False,True,BAH,-1.109,armadilha_leve,1.371,1.5,0.125,0.377,0.479
113125,Picco,REM,Meia,7,6.24,-0.1,3.52,20,1.5,True,False,FLU,0.73,valor_bom,3.683,3.02,1.0,0.313,0.527
110598,Marino Hinestroza,VAS,Atacante,6,5.43,-0.2,1.75,10,1.0,True,False,PAL,-1.485,armadilha_leve,2.041,1.75,1.0,0.351,0.504
140496,Tiaguinho,GRE,Meia,6,0.93,0.0,0.0,1,0.0,False,False,RBB,1.733,valor_oculto,0.886,0.0,0.125,0.145,0.504
