atleta_id,nome,clube_id,clube,posicao_id,posicao,status_id,preco,variacao,media,jogos,pontos_rodada,entrou_em_campo,scout_CA,scout_DS,scout_FC,scout_FF,scout_FS,scout_SG,scout_V,scout_FD,scout_I,scout_G,scout_PC,scout_A,scout_PS,scout_DE,scout_GS,scout_FT,scout_GC,scout_PP,scout_CV,scout_DP,mandante,adversario,prob_vitoria,prob_gols,tendencia,min_valorizar,pb_media,resiliencia_pct,confiabilidade,media_bayesiana,residuo_z,armadilha_label,custo_beneficio,cb_rank,status_label,time_pos,adv_pos,time_momentum_of,time_momentum_def,adv_momentum_of,adv_momentum_def,sequencia_time,forma_score_time,vantagem_mando,oportunidade_confronto,score_confronto,score_confronto_z,score_confronto_100,condicao_mando,pontos_esperados,caro_e_vale,recomendacao
37715,Thiago Silva,266,FLU,3,Zagueiro,7,6.17,-0.66,2.82,4,0,True,1.0,3.0,2.0,3.0,2.0,1.0,,,,0.0,,0.0,,,,,,,,,True,CFC,0.0,,baixa,2.8,2.07,0.734,0.5,3.676,0.521,valor_bom,0.298,75,Provável,3.0,9.0,1.45,1.128,1.097,1.974,2.0,0.75,37.8,0.4,0.5997,0.624,59.4,neutro,3.94,False,WATCH
106907,Rafael Lacerda,315,CHA,6,Técnico,7,8.35,0.13,5.14,9,0,True,,,,,,0.0,2.0,,,0.0,,0.0,,,,,,,,,False,VIT,0.0,,estavel,5.1,5.14,1.0,1.0,4.968,0.571,valor_bom,0.595,7,Provável,20.0,12.0,0.966,1.081,1.631,0.967,-1.0,0.275,-53.3,0.15,0.2718,-1.531,27.0,desfavoravel,3.72,False,BANCO
97101,Gabriel Rojas,283,CRU,2,Lateral,7,6.0,-0.06,2.85,8,0,True,1.0,11.0,12.0,1.0,8.0,1.0,,1.0,1.0,0.0,,0.0,,,,,,,,,True,SAO,0.0,,estavel,2.9,2.48,0.87,1.0,3.265,-0.695,armadilha_leve,0.544,56,Provável,5.0,11.0,1.318,1.015,0.703,1.024,2.0,0.7,42.2,0.825,0.7611,1.632,74.5,neutro,3.22,False,WATCH
130307,Wallace,284,GRE,3,Zagueiro,7,6.52,1.45,4.15,7,0,True,2.0,11.0,10.0,2.0,6.0,1.0,,,,1.0,,0.0,,,,,,,,,False,REM,0.0,,alta,4.2,2.86,0.689,0.875,4.125,0.927,valor_bom,0.554,31,Provável,18.0,19.0,0.748,1.041,0.879,1.088,2.0,0.275,-22.2,0.85,0.5402,0.247,53.7,neutro,4.22,False,TITULAR
114208,Alejo Véliz,265,BAH,5,Atacante,7,6.73,-0.46,5.46,9,0,True,,1.0,12.0,14.0,14.0,0.0,,3.0,5.0,3.0,,1.0,1.0,,,,,,,,False,PAL,0.0,,estavel,5.5,2.24,0.41,1.0,5.224,1.779,valor_oculto,0.776,2,Provável,6.0,2.0,1.214,1.289,0.483,0.276,-2.0,0.45,-29.7,0.05,0.2724,-1.529,27.1,desfavoravel,3.63,False,RESERVA_LUXO
51413,Walter,2305,MIR,1,Goleiro,7,6.3,1.24,3.05,21,0,True,3.0,,,,2.0,2.0,,,,0.0,1.0,0.0,,67.0,30.0,,,,,,False,RBB,0.0,,alta,3.0,2.57,0.843,1.0,3.411,-0.193,neutro,0.541,19,Provável,15.0,10.0,1.194,0.809,0.853,1.406,4.0,0.65,-26.2,0.65,0.5371,0.262,53.9,neutro,4.12,False,TITULAR
128177,Pedro Emanuel,267,VAS,6,Técnico,7,11.33,1.29,6.3,8,0,True,,,,,,0.0,3.0,,,0.0,,0.0,,,,,,,,,False,BOT,0.0,,alta,6.3,6.3,1.0,1.0,6.456,-0.03,neutro,0.57,10,Provável,14.0,13.0,1.867,0.533,0.69,0.864,3.0,0.85,-20.5,0.95,0.697,1.522,72.8,neutro,4.89,False,TITULAR
103967,Bruno Santos,2305,MIR,5,Atacante,7,4.8,-1.77,4.12,9,0,True,,3.0,11.0,8.0,9.0,0.0,,3.0,6.0,2.0,,0.0,,,,2.0,,,,,False,RBB,0.0,,baixa,4.1,2.34,0.568,1.0,3.392,0.563,valor_bom,0.707,6,Provável,15.0,10.0,1.194,0.809,0.853,1.406,4.0,0.65,-26.2,0.5,0.5048,0.112,51.7,neutro,3.38,False,TITULAR
122121,Túlio Eduardo,315,CHA,5,Atacante,7,7.13,1.26,4.43,7,0,True,1.0,1.0,14.0,6.0,3.0,0.0,,4.0,4.0,3.0,,0.0,,,,,,,,,False,VIT,0.0,,alta,4.4,1.0,0.226,0.875,4.711,0.891,valor_bom,0.578,37,Provável,20.0,12.0,0.966,1.081,1.631,0.967,-1.0,0.275,-53.3,0.15,0.2718,-1.533,27.0,desfavoravel,3.75,False,WATCH
98333,Gabriel Batista,263,BOT,1,Goleiro,7,5.72,-0.17,5.18,5,0,True,,,,,,1.0,,,,0.0,,0.0,,23.0,9.0,,,,,,True,VAS,0.0,,estavel,5.2,4.18,0.807,0.625,4.674,1.211,valor_bom,0.511,21,Provável,13.0,14.0,0.69,0.864,1.867,0.533,-2.0,0.325,20.5,0.475,0.491,-0.03,49.6,neutro,3.6,False,TITULAR
93637,Bruno Tubarão,315,CHA,2,Lateral,7,3.17,0.0,1.1,1,0,False,1.0,1.0,2.0,,,0.0,,1.0,,0.0,,0.0,,,,,,,,,False,VIT,0.0,,estavel,1.1,1.1,1.0,0.125,1.761,-0.425,neutro,0.069,104,Provável,20.0,12.0,0.966,1.081,1.631,0.967,-1.0,0.275,-53.3,0.575,0.3532,-0.953,35.7,desfavoravel,3.3,False,WATCH
151292,Felipe Morais,283,CRU,4,Meia,7,4.36,0.08,4.75,4,0,True,2.0,7.0,8.0,3.0,5.0,0.0,,,,1.0,,0.0,,,,,,,,,True,SAO,0.0,,estavel,4.8,3.5,0.737,0.5,3.108,0.991,valor_bom,0.356,146,Provável,5.0,11.0,1.318,1.015,0.703,1.024,2.0,0.7,42.2,0.375,0.5656,0.64,59.6,neutro,3.33,False,WATCH
127871,Vargas,293,CAP,5,Atacante,7,9.27,2.05,5.22,6,0,True,,2.0,1.0,2.0,6.0,0.0,,1.0,2.0,1.0,,3.0,,,,,,,,,True,CAM,0.0,,alta,5.2,1.39,0.266,0.75,5.07,0.387,neutro,0.41,106,Provável,4.0,7.0,1.418,2.047,1.041,1.024,3.0,0.55,37.8,0.175,0.5087,0.14,52.1,neutro,3.81,False,WATCH
107093,Luciano Juba,265,BAH,2,Lateral,7,10.8,-0.85,7.04,24,0,True,3.0,29.0,16.0,7.0,16.0,7.0,,7.0,,9.0,,1.0,,,,1.0,,1.0,,,False,PAL,0.0,,baixa,7.0,3.71,0.527,1.0,6.576,1.28,valor_bom,0.609,29,Provável,6.0,2.0,1.214,1.289,0.483,0.276,-2.0,0.45,-29.7,0.225,0.3715,-0.837,37.4,desfavoravel,4.55,False,TITULAR
114323,Colidio,267,VAS,5,Atacante,7,11.2,0.61,8.13,6,0,True,1.0,3.0,7.0,8.0,15.0,0.0,,8.0,1.0,3.0,,0.0,,,,,,,,,False,BOT,0.0,,alta,8.1,4.13,0.508,0.75,6.317,1.312,valor_bom,0.423,99,Provável,14.0,13.0,1.867,0.533,0.69,0.864,3.0,0.85,-20.5,0.95,0.697,1.47,72.0,favoravel_visitante,5.49,False,TITULAR
73476,Marcão,266,FLU,6,Técnico,7,12.29,0.16,7.48,6,0,True,,,,,,0.0,4.0,,,0.0,,0.0,,,,,,,,,True,CFC,0.0,,estavel,7.5,7.48,1.0,0.75,6.984,-0.059,neutro,0.426,18,Provável,3.0,9.0,1.45,1.128,1.097,1.974,2.0,0.75,37.8,0.875,0.7923,2.206,83.1,neutro,5.66,False,TITULAR
86864,Marlon,364,REM,2,Lateral,7,6.25,0.53,4.13,6,0,True,1.0,15.0,5.0,2.0,4.0,0.0,,1.0,,0.0,,0.0,,,,,,,,,True,GRE,0.0,,alta,4.1,4.13,1.0,0.75,3.873,-0.08,neutro,0.465,76,Provável,19.0,18.0,0.879,1.088,0.748,1.041,1.0,0.15,22.2,0.95,0.6862,1.157,67.4,neutro,4.2,False,TITULAR
102255,Santiago Sosa,267,VAS,4,Meia,7,7.94,0.45,4.27,6,0,True,,17.0,14.0,4.0,,0.0,,1.0,1.0,0.0,,0.0,,,,,,,,,False,BOT,0.0,,estavel,4.3,4.27,1.0,0.75,4.169,0.437,neutro,0.394,137,Provável,14.0,13.0,1.867,0.533,0.69,0.864,3.0,0.85,-20.5,0.95,0.697,1.629,74.4,favoravel_visitante,3.78,False,TITULAR
77510,Fred,282,CAM,4,Meia,7,7.47,-0.5,3.0,4,0,True,1.0,3.0,8.0,4.0,13.0,0.0,,1.0,,0.0,,0.0,,,,,,,,,False,CAP,0.0,,estavel,3.0,3.0,1.0,0.5,3.729,0.051,neutro,0.25,164,Provável,7.0,4.0,1.041,1.024,1.418,2.047,4.0,0.65,-37.8,0.25,0.4548,-0.194,47.1,neutro,4.0,False,WATCH
87747,Yago Felipe,315,CHA,4,Meia,7,8.64,0.48,5.65,6,0,True,2.0,17.0,14.0,1.0,8.0,0.0,,4.0,,0.0,,1.0,,,,,,,,,False,VIT,0.0,,estavel,5.7,4.82,0.853,0.75,4.76,0.945,valor_bom,0.413,128,Provável,20.0,12.0,0.966,1.081,1.631,0.967,-1.0,0.275,-53.3,0.15,0.2718,-1.572,26.4,desfavoravel,3.86,False,TITULAR
86777,Danilo Barbosa,284,GRE,4,Meia,7,4.05,-0.56,0.8,4,0,True,,1.0,1.0,,4.0,0.0,,,,0.0,,0.0,,,,,,,,,False,REM,0.0,,baixa,0.8,0.8,1.0,0.5,1.792,-0.562,armadilha_leve,0.221,166,Provável,18.0,19.0,0.748,1.041,0.879,1.088,2.0,0.275,-22.2,0.775,0.4484,-0.243,46.4,neutro,2.82,False,WATCH
138941,Bruno Duarte,267,VAS,5,Atacante,7,10.12,2.73,8.3,3,0,True,,6.0,2.0,,1.0,0.0,,,,1.0,,1.0,,,,1.0,,,,,False,BOT,0.0,,alta,8.3,3.97,0.478,0.375,5.869,1.109,valor_bom,0.217,137,Provável,14.0,13.0,1.867,0.533,0.69,0.864,3.0,0.85,-20.5,0.95,0.697,1.47,72.0,favoravel_visitante,5.05,False,WATCH
73992,Rodinei,277,SAN,2,Lateral,7,6.02,-0.69,1.0,2,0,True,,1.0,5.0,,4.0,0.0,,,,0.0,,0.0,,,,,,,,,True,FLA,0.0,,baixa,1.0,1.0,1.0,0.25,3.144,-0.858,armadilha_leve,0.131,95,Provável,8.0,1.0,1.418,0.944,0.916,0.928,8.0,0.85,-11.1,0.0,0.3875,-0.736,39.0,neutro,3.25,False,WATCH
124552,Lescano,267,VAS,4,Meia,7,10.74,3.38,9.25,2,0,True,,6.0,1.0,1.0,,0.0,,,,1.0,,0.0,1.0,,,,,,,,False,BOT,0.0,,alta,9.2,6.75,0.73,0.25,5.124,0.671,valor_bom,0.119,179,Provável,14.0,13.0,1.867,0.533,0.69,0.864,3.0,0.85,-20.5,0.95,0.697,1.629,74.4,favoravel_visitante,4.65,False,WATCH
99520,Ziyech,263,BOT,4,Meia,7,9.27,-0.73,1.2,1,0,True,,,,,,0.0,,1.0,,0.0,,0.0,,,,,,,,,True,VAS,0.0,,baixa,1.2,1.2,1.0,0.125,3.772,-0.642,armadilha_leve,0.051,190,Provável,13.0,14.0,0.69,0.864,1.867,0.533,-2.0,0.325,20.5,0.725,0.4474,-0.25,46.2,neutro,3.64,False,WATCH
111412,Arthur Chaves,263,BOT,3,Zagueiro,7,6.0,0.0,0.0,0,0,False,,,,,,0.0,,,,0.0,,0.0,,,,,,,,,True,VAS,0.0,,estavel,0.0,0.0,0.0,0.0,0.0,-4.036,armadilha_forte,0.0,95,Provável,13.0,14.0,0.69,0.864,1.867,0.533,-2.0,0.325,20.5,0.475,0.491,-0.065,49.0,neutro,2.41,False,EVITAR
117926,Nicolás Fonseca,294,CFC,4,Meia,7,4.31,-1.69,-2.6,1,0,True,1.0,,2.0,,,0.0,,,,0.0,1.0,0.0,,,,,,,,,False,FLU,0.0,,baixa,0.0,0.0,0.0,0.125,1.744,-0.822,armadilha_leve,0.051,190,Provável,9.0,3.0,1.097,1.974,1.45,1.128,-2.0,0.2,-37.8,0.3,0.3536,-0.956,35.7,desfavoravel,2.77,False,WATCH
130525,Pedro Lima,276,SAO,2,Lateral,7,7.27,3.27,9.9,1,0,True,,3.0,2.0,,2.0,1.0,,,,0.0,,0.0,,,,,,,,,False,CRU,0.0,,alta,9.9,6.9,0.697,0.125,5.706,1.667,valor_oculto,0.098,97,Provável,11.0,5.0,0.703,1.024,1.318,1.015,-2.0,0.3,-42.2,0.15,0.2544,-1.579,26.3,desfavoravel,4.17,False,RESERVA_LUXO
87211,Eduardo Baptista,285,INT,6,Técnico,7,7.18,0.0,0.0,0,0,False,,,,,,0.0,,,,0.0,,0.0,,,,,,,,,True,COR,0.0,,estavel,0.0,0.0,0.0,0.0,0.0,-3.683,armadilha_forte,0.0,20,Provável,17.0,16.0,1.45,1.411,0.773,1.706,1.0,0.5,4.5,0.25,0.5374,0.376,55.6,neutro,3.39,False,EVITAR
96678,Bustos,294,CFC,2,Lateral,7,4.3,-0.7,-0.3,1,0,True,,,1.0,,,0.0,,,,0.0,,0.0,,,,,,,,,False,FLU,0.0,,baixa,0.0,0.0,0.0,0.125,3.238,0.427,neutro,0.094,99,Provável,9.0,3.0,1.097,1.974,1.45,1.128,-2.0,0.2,-37.8,0.05,0.162,-2.165,17.5,desfavoravel,3.08,False,WATCH
109573,Martinelli,266,FLU,4,Meia,7,6.65,0.76,2.84,19,0,True,5.0,21.0,28.0,9.0,13.0,0.0,,6.0,,0.0,,3.0,,,,,,,,,True,CFC,0.0,,alta,2.8,2.05,0.722,1.0,3.211,-0.255,neutro,0.483,92,Provável,3.0,9.0,1.45,1.128,1.097,1.974,2.0,0.75,37.8,0.875,0.7923,2.346,85.2,neutro,4.0,False,TITULAR
97810,Erick,287,VIT,5,Atacante,7,8.14,-0.04,4.18,23,0,True,2.0,6.0,12.0,11.0,43.0,0.0,,8.0,2.0,3.0,,5.0,1.0,,,1.0,,,,,True,CHA,0.0,,estavel,4.2,2.05,0.49,1.0,4.381,-0.035,neutro,0.538,60,Provável,12.0,20.0,1.631,0.967,0.966,1.081,1.0,0.55,53.3,0.875,0.7384,1.762,76.4,neutro,4.26,False,WATCH
68685,Alan Patrick,285,INT,4,Meia,7,7.22,-0.05,3.85,23,0,True,1.0,17.0,10.0,13.0,35.0,0.0,,2.0,1.0,4.0,,1.0,,,,,,,,,True,COR,0.0,,estavel,3.9,2.76,0.717,1.0,3.913,0.417,neutro,0.542,58,Provável,17.0,16.0,1.45,1.411,0.773,1.706,1.0,0.5,4.5,0.25,0.5374,0.427,56.4,neutro,4.0,False,TITULAR
92171,Arthur Cabral,263,BOT,5,Atacante,7,9.48,0.37,5.63,20,0,True,3.0,14.0,31.0,21.0,25.0,0.0,,14.0,3.0,7.0,,1.0,,,,,,,1.0,,True,VAS,0.0,,estavel,5.6,2.58,0.458,1.0,5.438,0.788,valor_bom,0.574,43,Provável,13.0,14.0,0.69,0.864,1.867,0.533,-2.0,0.325,20.5,0.725,0.4474,-0.293,45.6,neutro,4.08,False,WATCH
68899,Philippe Coutinho,277,SAN,4,Meia,7,13.21,0.0,8.23,3,0,False,,1.0,,5.0,2.0,0.0,,6.0,,1.0,,0.0,,,,1.0,,,,,True,FLA,0.0,,estavel,8.2,6.56,0.797,0.375,5.221,0.059,neutro,0.148,173,Provável,8.0,1.0,1.418,0.944,0.916,0.928,8.0,0.85,-11.1,0.1,0.4382,-0.319,45.2,neutro,4.06,False,WATCH
96591,Renan Lodi,282,CAM,2,Lateral,7,9.29,-0.46,4.98,23,0,True,4.0,26.0,37.0,16.0,50.0,6.0,,6.0,6.0,0.0,,3.0,1.0,,,1.0,,,1.0,,False,CAP,0.0,,estavel,5.0,3.55,0.713,1.0,5.032,-0.084,neutro,0.542,59,Provável,7.0,4.0,1.041,1.024,1.418,2.047,4.0,0.65,-37.8,0.1,0.2819,-1.405,28.9,desfavoravel,4.02,False,TITULAR
61987,Alex Sandro,262,FLA,2,Lateral,7,7.71,-0.18,3.13,17,0,True,4.0,17.0,22.0,1.0,15.0,6.0,,,1.0,0.0,,0.0,,,,,,,,,False,SAN,0.0,,estavel,3.1,2.07,0.661,1.0,3.787,-0.949,armadilha_leve,0.491,69,Provável,1.0,8.0,0.916,0.928,1.418,0.944,6.0,0.85,11.1,0.575,0.5578,0.344,55.2,neutro,3.0,False,WATCH
37656,Fábio,266,FLU,1,Goleiro,7,9.43,0.22,4.59,27,0,True,1.0,,,,7.0,5.0,,,,0.0,2.0,0.0,,103.0,35.0,,,,,,True,CFC,0.0,,estavel,4.6,3.66,0.797,1.0,4.537,-0.122,neutro,0.481,25,Provável,3.0,9.0,1.45,1.128,1.097,1.974,2.0,0.75,37.8,0.4,0.5997,0.657,59.9,neutro,4.21,False,TITULAR
100898,Vitinho,263,BOT,2,Lateral,7,9.03,-0.97,4.86,22,0,True,3.0,47.0,24.0,3.0,17.0,3.0,,,2.0,1.0,,2.0,,,,1.0,,,,,True,VAS,0.0,,baixa,4.9,3.72,0.765,1.0,4.946,-0.085,neutro,0.548,55,Provável,13.0,14.0,0.69,0.864,1.867,0.533,-2.0,0.325,20.5,0.475,0.491,-0.08,48.8,neutro,4.32,False,TITULAR
105436,Carrascal,262,FLA,4,Meia,7,11.5,1.39,6.29,20,0,True,2.0,25.0,12.0,13.0,22.0,0.0,,9.0,2.0,4.0,,6.0,,,,2.0,,,2.0,,False,SAN,0.0,,alta,6.3,3.79,0.603,1.0,5.662,1.156,valor_bom,0.492,87,Provável,1.0,8.0,0.916,0.928,1.418,0.944,6.0,0.85,11.1,0.775,0.5678,0.656,59.8,neutro,4.09,False,TITULAR
80196,Yago Pikachu,364,REM,4,Meia,7,5.34,0.62,2.41,27,0,True,2.0,13.0,11.0,6.0,22.0,0.0,,6.0,1.0,3.0,,2.0,1.0,,,,,1.0,1.0,,True,GRE,0.0,,alta,2.4,1.48,0.614,1.0,2.795,-0.088,neutro,0.523,67,Provável,19.0,18.0,0.879,1.088,0.748,1.041,1.0,0.15,22.2,0.5,0.4488,-0.24,46.4,neutro,3.31,False,TITULAR
87008,Léo Jardim,267,VAS,1,Goleiro,7,6.49,0.11,2.89,26,0,True,1.0,1.0,1.0,,3.0,3.0,,,,0.0,,0.0,,76.0,40.0,,,,,,False,BOT,0.0,,estavel,2.9,2.31,0.799,1.0,3.235,-0.428,neutro,0.498,22,Provável,14.0,13.0,1.867,0.533,0.69,0.864,3.0,0.85,-20.5,0.3,0.5299,0.216,53.2,neutro,3.35,False,TITULAR
113397,Cristian Olivera,265,BAH,5,Atacante,7,8.1,0.0,4.1,20,0,False,3.0,17.0,14.0,8.0,38.0,0.0,,15.0,7.0,1.0,,2.0,,,,1.0,,,,,False,PAL,0.0,,estavel,4.1,3.2,0.78,1.0,4.345,-0.064,neutro,0.536,63,Provável,6.0,2.0,1.214,1.289,0.483,0.276,-2.0,0.45,-29.7,0.05,0.2724,-1.529,27.1,desfavoravel,3.08,False,TITULAR
99274,Alexander Barboza,275,PAL,3,Zagueiro,7,10.36,0.03,5.3,17,0,True,6.0,37.0,30.0,7.0,2.0,5.0,,5.0,,1.0,,2.0,,,,,,,2.0,,True,BAH,0.0,,estavel,5.3,3.48,0.657,1.0,4.917,0.537,valor_bom,0.475,54,Provável,2.0,6.0,0.483,0.276,1.214,1.289,6.0,0.75,29.7,0.2,0.5287,0.174,52.6,neutro,4.39,False,TITULAR
91772,David Duarte,265,BAH,3,Zagueiro,7,6.33,0.49,3.94,20,0,True,4.0,24.0,16.0,5.0,8.0,3.0,,4.0,2.0,3.0,,0.0,,,,1.0,1.0,,,,False,PAL,0.0,,estavel,3.9,2.59,0.657,1.0,3.987,0.839,valor_bom,0.63,10,Provável,6.0,2.0,1.214,1.289,0.483,0.276,-2.0,0.45,-29.7,0.225,0.3715,-0.822,37.7,desfavoravel,3.34,False,TITULAR
101727,Matheuzinho,264,COR,2,Lateral,7,10.63,0.19,6.11,22,0,True,4.0,53.0,24.0,9.0,16.0,7.0,,4.0,4.0,1.0,,2.0,,,,,1.0,,1.0,,False,INT,0.0,,estavel,6.1,4.43,0.725,1.0,5.863,0.448,neutro,0.552,50,Provável,16.0,17.0,0.773,1.706,1.45,1.411,-7.0,0.0,-4.5,0.9,0.4949,-0.055,49.2,neutro,4.01,False,TITULAR
91101,Ronaldo,265,BAH,1,Goleiro,7,8.01,0.5,5.03,18,0,True,2.0,1.0,,,1.0,6.0,,,,0.0,,0.0,,59.0,16.0,,,,,,False,PAL,0.0,,estavel,5.0,3.36,0.668,1.0,4.823,0.546,valor_bom,0.602,10,Provável,6.0,2.0,1.214,1.289,0.483,0.276,-2.0,0.45,-29.7,0.225,0.3715,-0.785,38.2,desfavoravel,4.09,False,TITULAR
98484,Kanu,265,BAH,3,Zagueiro,7,3.14,-0.08,0.94,5,0,True,2.0,1.0,6.0,,2.0,1.0,,1.0,2.0,0.0,,0.0,,,,,,,,,False,PAL,0.0,,estavel,0.9,0.34,0.362,0.625,1.266,-0.67,armadilha_leve,0.252,81,Provável,6.0,2.0,1.214,1.289,0.483,0.276,-2.0,0.45,-29.7,0.225,0.3715,-0.822,37.7,desfavoravel,2.12,False,WATCH
104783,Acevedo,265,BAH,4,Meia,7,7.55,0.04,5.11,25,0,True,8.0,70.0,53.0,6.0,31.0,0.0,,6.0,,1.0,,1.0,,,,2.0,,,,,False,PAL,0.0,,estavel,5.1,4.71,0.922,1.0,4.863,1.552,valor_oculto,0.644,13,Provável,6.0,2.0,1.214,1.289,0.483,0.276,-2.0,0.45,-29.7,0.05,0.2724,-1.567,26.5,desfavoravel,3.54,False,TITULAR
80313,Gilberto,293,CAP,2,Lateral,7,6.69,-0.67,4.4,14,0,True,,21.0,5.0,3.0,3.0,3.0,,4.0,1.0,0.0,,1.0,,,,1.0,,,,,True,CAM,0.0,,baixa,4.4,3.4,0.773,1.0,4.138,0.007,neutro,0.619,25,Provável,4.0,7.0,1.418,2.047,1.041,1.024,3.0,0.55,37.8,0.6,0.5742,0.448,56.7,neutro,3.63,False,TITULAR
109401,Erick Pulga,265,BAH,5,Atacante,7,8.38,-0.11,4.78,26,0,True,5.0,26.0,26.0,10.0,49.0,0.0,,14.0,13.0,4.0,1.0,2.0,3.0,,,2.0,,,,,False,PAL,0.0,,estavel,4.8,3.16,0.661,1.0,4.822,0.439,neutro,0.575,40,Provável,6.0,2.0,1.214,1.289,0.483,0.276,-2.0,0.45,-29.7,0.05,0.2724,-1.529,27.1,desfavoravel,3.59,False,TITULAR
98517,Jean Lucas,265,BAH,4,Meia,7,8.85,-1.47,5.38,23,0,True,3.0,41.0,34.0,11.0,20.0,0.0,,3.0,1.0,4.0,,3.0,,,,2.0,,,,,False,PAL,0.0,,baixa,5.4,3.86,0.717,1.0,5.048,1.252,valor_bom,0.57,40,Provável,6.0,2.0,1.214,1.289,0.483,0.276,-2.0,0.45,-29.7,0.05,0.2724,-1.567,26.5,desfavoravel,3.51,False,TITULAR
106822,Rodrigo Nestor,265,BAH,4,Meia,7,6.04,0.24,3.94,20,0,True,5.0,24.0,25.0,23.0,12.0,0.0,,9.0,1.0,0.0,,4.0,,,,,,,,,False,PAL,0.0,,estavel,3.9,2.94,0.746,1.0,3.984,1.117,valor_bom,0.66,9,Provável,6.0,2.0,1.214,1.289,0.483,0.276,-2.0,0.45,-29.7,0.05,0.2724,-1.567,26.5,desfavoravel,3.93,False,TITULAR
72493,Alex Telles,263,BOT,2,Lateral,7,8.65,-1.01,4.14,21,0,True,4.0,21.0,23.0,11.0,9.0,2.0,,,,3.0,1.0,4.0,,,,,,,,,True,VAS,0.0,,baixa,4.1,2.04,0.493,1.0,4.428,-0.573,armadilha_leve,0.512,66,Provável,13.0,14.0,0.69,0.864,1.867,0.533,-2.0,0.325,20.5,0.475,0.491,-0.08,48.8,neutro,4.27,False,WATCH
117910,Breno Bidon,264,COR,4,Meia,7,8.23,0.53,3.51,25,0,True,4.0,26.0,33.0,8.0,59.0,0.0,,2.0,2.0,2.0,,1.0,,,,1.0,,,,,False,INT,0.0,,alta,3.5,2.91,0.829,1.0,3.651,-0.39,neutro,0.444,114,Provável,16.0,17.0,0.773,1.706,1.45,1.411,-7.0,0.0,-4.5,0.55,0.4233,-0.431,43.5,neutro,3.0,False,TITULAR
97341,Rogério Ceni,265,BAH,6,Técnico,7,10.23,-0.36,5.72,27,0,True,,,,,,0.0,11.0,,,0.0,,0.0,,,,,,,,,False,PAL,0.0,,estavel,5.7,5.72,1.0,1.0,5.924,0.142,neutro,0.579,8,Provável,6.0,2.0,1.214,1.289,0.483,0.276,-2.0,0.45,-29.7,0.05,0.2724,-1.527,27.1,desfavoravel,4.15,False,WATCH
111831,Matheus Martins,263,BOT,5,Atacante,7,6.69,0.0,4.13,18,0,False,1.0,10.0,10.0,7.0,19.0,0.0,,11.0,,4.0,,0.0,,,,1.0,,,,,True,VAS,0.0,,estavel,4.1,2.35,0.569,1.0,4.385,0.693,valor_bom,0.655,11,Provável,13.0,14.0,0.69,0.864,1.867,0.533,-2.0,0.325,20.5,0.725,0.4474,-0.293,45.6,neutro,4.01,False,TITULAR
107231,Danilo,263,BOT,4,Meia,7,13.0,-0.57,7.01,19,0,True,1.0,31.0,11.0,12.0,10.0,0.0,,6.0,,7.0,,2.0,,,,1.0,,,,,True,VAS,0.0,,baixa,7.0,4.64,0.662,1.0,6.146,1.371,valor_bom,0.473,99,Provável,13.0,14.0,0.69,0.864,1.867,0.533,-2.0,0.325,20.5,0.725,0.4474,-0.25,46.2,neutro,4.56,False,TITULAR
98672,Savarino,266,FLU,4,Meia,7,8.98,0.0,4.46,19,0,False,2.0,8.0,6.0,15.0,14.0,0.0,,10.0,6.0,3.0,,2.0,,,,4.0,,,,,True,CFC,0.0,,estavel,4.5,3.14,0.704,1.0,4.351,0.255,neutro,0.485,90,Provável,3.0,9.0,1.45,1.128,1.097,1.974,2.0,0.75,37.8,0.875,0.7923,2.346,85.2,favoravel,4.19,False,TITULAR
95799,Artur,276,SAO,5,Atacante,7,8.65,0.05,5.04,22,0,True,1.0,19.0,9.0,18.0,28.0,0.0,,15.0,1.0,3.0,,3.0,1.0,,,,,,,,False,CRU,0.0,,estavel,5.0,3.27,0.649,1.0,5.018,0.579,valor_bom,0.58,36,Provável,11.0,5.0,0.703,1.024,1.318,1.015,-2.0,0.3,-42.2,0.425,0.3203,-1.191,32.1,desfavoravel,3.54,False,TITULAR
39850,Vagner Mancini,280,RBB,6,Técnico,7,8.24,-0.1,5.33,26,0,True,,,,,,0.0,10.0,,,0.0,,0.0,,,,,,,,,True,MIR,0.0,,estavel,5.3,5.33,1.0,1.0,5.199,0.911,valor_bom,0.631,3,Provável,10.0,15.0,0.853,1.406,1.194,0.809,1.0,0.225,26.2,0.575,0.4568,-0.203,47.0,neutro,4.02,False,BANCO
100695,Fernando,280,RBB,5,Atacante,7,5.7,0.13,5.06,13,0,True,2.0,15.0,8.0,8.0,12.0,0.0,,3.0,3.0,3.0,,1.0,,,,1.0,,,,,True,MIR,0.0,,estavel,5.1,2.83,0.559,1.0,4.113,0.911,valor_bom,0.722,4,Provável,10.0,15.0,0.853,1.406,1.194,0.809,1.0,0.225,26.2,0.575,0.4568,-0.227,46.6,neutro,3.36,False,TITULAR
94968,Juninho Capixaba,280,RBB,2,Lateral,7,12.69,0.0,7.0,23,0,False,12.0,51.0,44.0,12.0,31.0,8.0,,5.0,2.0,3.0,1.0,2.0,,,,2.0,,,,,True,MIR,0.0,,estavel,7.0,4.74,0.677,1.0,6.531,0.606,valor_bom,0.515,63,Provável,10.0,15.0,0.853,1.406,1.194,0.809,1.0,0.225,26.2,0.75,0.5841,0.51,57.6,neutro,4.67,False,TITULAR
70360,Eduardo Sasha,280,RBB,5,Atacante,7,3.91,0.0,0.98,18,0,False,1.0,6.0,2.0,6.0,13.0,0.0,,6.0,3.0,0.0,,0.0,,,,,,2.0,,,True,MIR,0.0,,estavel,1.0,0.98,1.0,1.0,1.47,-1.277,armadilha_leve,0.376,116,Provável,10.0,15.0,0.853,1.406,1.194,0.809,1.0,0.225,26.2,0.575,0.4568,-0.227,46.6,neutro,2.24,False,WATCH
100848,Luan Cândido,287,VIT,2,Lateral,7,6.03,0.57,3.52,17,0,True,1.0,15.0,13.0,4.0,6.0,5.0,,3.0,6.0,0.0,,2.0,1.0,,,,,,1.0,,True,CHA,0.0,,alta,3.5,2.05,0.582,1.0,3.571,-0.329,neutro,0.592,40,Provável,12.0,20.0,1.631,0.967,0.966,1.081,1.0,0.55,53.3,0.825,0.7803,1.754,76.3,neutro,4.3,False,TITULAR
103295,Eric Ramires,280,RBB,4,Meia,7,2.16,-0.14,0.62,18,0,True,2.0,6.0,11.0,2.0,10.0,0.0,,,,0.0,,0.0,1.0,,,,,,,,True,MIR,0.0,,estavel,0.6,0.62,1.0,1.0,0.756,-0.141,neutro,0.35,149,Provável,10.0,15.0,0.853,1.406,1.194,0.809,1.0,0.225,26.2,0.575,0.4568,-0.179,47.3,neutro,1.97,False,WATCH
110750,Gustavo Marques,280,RBB,3,Zagueiro,7,6.81,-0.57,4.46,23,0,True,3.0,28.0,19.0,7.0,17.0,8.0,,6.0,1.0,1.0,,0.0,,,,,,,,,True,MIR,0.0,,baixa,4.5,3.16,0.709,1.0,4.368,1.106,valor_bom,0.641,9,Provável,10.0,15.0,0.853,1.406,1.194,0.809,1.0,0.225,26.2,0.75,0.5841,0.525,57.9,neutro,3.96,False,TITULAR
122897,Guzmán Rodríguez,280,RBB,3,Zagueiro,7,5.58,-0.89,1.5,2,0,True,1.0,2.0,,,,0.0,,,,0.0,,0.0,,,,,,,,,True,MIR,0.0,,baixa,1.5,1.5,1.0,0.25,2.449,-0.738,armadilha_leve,0.11,92,Provável,10.0,15.0,0.853,1.406,1.194,0.809,1.0,0.225,26.2,0.75,0.5841,0.525,57.9,neutro,3.75,False,WATCH
112886,Lucas Barbosa,280,RBB,5,Atacante,7,9.87,0.16,6.26,24,0,True,5.0,32.0,41.0,28.0,43.0,0.0,,17.0,7.0,5.0,,2.0,,,,2.0,,,,,True,MIR,0.0,,estavel,6.3,4.18,0.668,1.0,5.934,1.29,valor_bom,0.601,27,Provável,10.0,15.0,0.853,1.406,1.194,0.809,1.0,0.225,26.2,0.575,0.4568,-0.227,46.6,neutro,4.8,False,TITULAR
72460,Bernard,282,CAM,4,Meia,7,5.51,0.9,3.1,23,0,True,,17.0,16.0,5.0,18.0,0.0,,2.0,3.0,2.0,,4.0,,,,,,,,,False,CAP,0.0,,alta,3.1,1.8,0.581,1.0,3.356,0.57,valor_bom,0.609,23,Provável,7.0,4.0,1.041,1.024,1.418,2.047,4.0,0.65,-37.8,0.25,0.4548,-0.194,47.1,neutro,3.82,False,TITULAR
98909,Cuello,282,CAM,5,Atacante,7,9.91,-1.13,6.64,23,0,True,2.0,35.0,21.0,24.0,36.0,0.0,,9.0,16.0,5.0,,2.0,,,,4.0,,,,,False,CAP,0.0,,baixa,6.6,4.47,0.673,1.0,6.206,1.634,valor_oculto,0.626,17,Provável,7.0,4.0,1.041,1.024,1.418,2.047,4.0,0.65,-37.8,0.25,0.4548,-0.241,46.4,neutro,5.12,False,TITULAR
115674,Gabriel Delfim,282,CAM,1,Goleiro,7,2.09,-0.63,1.15,4,0,True,,,,,1.0,0.0,,,,0.0,,0.0,,7.0,5.0,,,,,,False,CAP,0.0,,baixa,1.1,1.15,1.0,0.5,2.649,1.455,valor_bom,0.634,7,Provável,7.0,4.0,1.041,1.024,1.418,2.047,4.0,0.65,-37.8,0.1,0.2819,-1.351,29.7,desfavoravel,3.02,False,WATCH
105068,Reinier,282,CAM,4,Meia,7,7.03,0.0,4.18,19,0,False,1.0,12.0,10.0,6.0,10.0,0.0,,9.0,,4.0,,2.0,,,,1.0,,,,,False,CAP,0.0,,estavel,4.2,2.6,0.622,1.0,4.154,0.835,valor_bom,0.591,31,Provável,7.0,4.0,1.041,1.024,1.418,2.047,4.0,0.65,-37.8,0.25,0.4548,-0.194,47.1,neutro,3.72,False,TITULAR
92087,Lyanco,282,CAM,3,Zagueiro,7,7.8,0.0,3.04,9,0,False,2.0,10.0,10.0,3.0,6.0,3.0,,,,0.0,,0.0,,,,,,,1.0,,False,CAP,0.0,,estavel,3.0,2.04,0.671,1.0,3.54,-0.34,neutro,0.454,62,Provável,7.0,4.0,1.041,1.024,1.418,2.047,4.0,0.65,-37.8,0.1,0.2819,-1.39,29.2,desfavoravel,2.49,False,WATCH
78248,Gustavo Henrique,264,COR,3,Zagueiro,7,9.46,1.04,4.33,22,0,True,3.0,19.0,19.0,11.0,8.0,7.0,,6.0,,2.0,1.0,1.0,,,,,,,,,False,INT,0.0,,alta,4.3,2.6,0.6,1.0,4.27,-0.001,neutro,0.451,63,Provável,16.0,17.0,0.773,1.706,1.45,1.411,-7.0,0.0,-4.5,0.9,0.4949,-0.04,49.4,neutro,3.09,False,TITULAR
85048,Memphis Depay,264,COR,5,Atacante,7,8.73,-0.37,2.3,11,0,True,1.0,2.0,5.0,5.0,14.0,0.0,,5.0,2.0,1.0,,0.0,,,,,,,,,False,INT,0.0,,estavel,2.3,1.57,0.683,1.0,3.419,-1.567,armadilha_forte,0.392,112,Provável,16.0,17.0,0.773,1.706,1.45,1.411,-7.0,0.0,-4.5,0.55,0.4233,-0.463,43.1,neutro,2.88,False,EVITAR
107554,Natanael,282,CAM,2,Lateral,7,9.54,0.45,5.18,18,0,True,,35.0,16.0,6.0,29.0,3.0,,4.0,4.0,0.0,,2.0,,,,,,,1.0,,False,CAP,0.0,,estavel,5.2,4.12,0.795,1.0,5.181,0.003,neutro,0.543,57,Provável,7.0,4.0,1.041,1.024,1.418,2.047,4.0,0.65,-37.8,0.1,0.2819,-1.405,28.9,desfavoravel,4.18,False,TITULAR
122990,Patrick,280,RBB,4,Meia,7,4.0,0.0,0.0,0,0,False,,,,,,0.0,,,,0.0,,0.0,,,,,,,,,True,MIR,0.0,,estavel,0.0,0.0,0.0,0.0,0.0,-2.953,armadilha_forte,0.0,194,Provável,10.0,15.0,0.853,1.406,1.194,0.809,1.0,0.225,26.2,0.575,0.4568,-0.179,47.3,neutro,2.72,False,EVITAR
40990,Dorival Júnior,276,SAO,6,Técnico,7,9.78,0.34,4.66,20,0,True,,,,,,0.0,4.0,,,0.0,,0.0,,,,,,,,,False,CRU,0.0,,estavel,4.7,4.66,1.0,1.0,4.85,-0.683,armadilha_leve,0.496,16,Provável,11.0,5.0,0.703,1.024,1.318,1.015,-2.0,0.3,-42.2,0.425,0.3203,-1.183,32.3,desfavoravel,3.47,False,WATCH
95556,Raniele,264,COR,4,Meia,7,8.19,-0.04,4.57,22,0,True,6.0,46.0,33.0,13.0,32.0,0.0,,2.0,1.0,2.0,,0.0,,,,1.0,,,,,False,INT,0.0,,estavel,4.6,4.12,0.902,1.0,4.443,0.701,valor_bom,0.542,58,Provável,16.0,17.0,0.773,1.706,1.45,1.411,-7.0,0.0,-4.5,0.55,0.4233,-0.431,43.5,neutro,3.09,False,TITULAR
105531,Matheus Bidu,264,COR,2,Lateral,7,12.13,0.41,7.22,21,0,True,4.0,43.0,27.0,10.0,55.0,7.0,,1.0,7.0,3.0,1.0,1.0,,,,,,,,,False,INT,0.0,,estavel,7.2,5.12,0.709,1.0,6.658,0.939,valor_bom,0.549,53,Provável,16.0,17.0,0.773,1.706,1.45,1.411,-7.0,0.0,-4.5,0.9,0.4949,-0.055,49.2,neutro,4.05,False,TITULAR
102340,Cacá,287,VIT,3,Zagueiro,7,5.31,0.38,2.5,19,0,True,5.0,9.0,10.0,6.0,4.0,6.0,,1.0,,1.0,1.0,0.0,,,,,,,1.0,,True,CHA,0.0,,estavel,2.5,1.24,0.496,1.0,2.555,-0.463,neutro,0.481,49,Provável,12.0,20.0,1.631,0.967,0.966,1.081,1.0,0.55,53.3,0.825,0.7803,1.768,76.5,neutro,3.94,False,WATCH
101574,Hugo Souza,264,COR,1,Goleiro,7,8.41,-0.94,4.09,23,0,True,2.0,1.0,,,1.0,8.0,,,,0.0,1.0,0.0,,56.0,25.0,,,,,1.0,False,INT,0.0,,baixa,4.1,2.35,0.575,1.0,4.159,-0.192,neutro,0.495,23,Provável,16.0,17.0,0.773,1.706,1.45,1.411,-7.0,0.0,-4.5,0.9,0.4949,-0.005,49.9,neutro,3.32,False,TITULAR
117632,Garro,264,COR,4,Meia,7,10.36,1.08,4.79,25,0,True,8.0,14.0,26.0,14.0,70.0,0.0,,14.0,2.0,2.0,,6.0,,,,2.0,,,,,False,INT,0.0,,alta,4.8,3.19,0.666,1.0,4.621,0.117,neutro,0.446,113,Provável,16.0,17.0,0.773,1.706,1.45,1.411,-7.0,0.0,-4.5,0.55,0.4233,-0.431,43.5,neutro,3.39,False,TITULAR
84558,Lucas Romero,283,CRU,4,Meia,7,8.51,0.0,4.89,19,0,False,3.0,35.0,23.0,4.0,22.0,0.0,,5.0,,2.0,1.0,3.0,,,,,,,,,True,SAO,0.0,,estavel,4.9,3.57,0.73,1.0,4.654,0.854,valor_bom,0.547,57,Provável,5.0,11.0,1.318,1.015,0.703,1.024,2.0,0.7,42.2,0.375,0.5656,0.64,59.6,neutro,3.65,False,TITULAR
89275,William,283,CRU,2,Lateral,7,8.01,-0.94,3.92,13,0,True,1.0,24.0,16.0,2.0,5.0,3.0,,4.0,1.0,0.0,,0.0,,,,,,,1.0,,True,SAO,0.0,,baixa,3.9,3.23,0.824,1.0,4.401,-0.322,neutro,0.549,53,Provável,5.0,11.0,1.318,1.015,0.703,1.024,2.0,0.7,42.2,0.825,0.7611,1.632,74.5,neutro,3.72,False,TITULAR
45125,Tite,263,BOT,6,Técnico,7,8.52,-0.77,3.72,7,0,True,,,,,,0.0,,,,0.0,,0.0,,,,,,,,,True,VAS,0.0,,baixa,3.7,3.72,1.0,0.875,4.282,-0.306,neutro,0.44,17,Provável,13.0,14.0,0.69,0.864,1.867,0.533,-2.0,0.325,20.5,0.725,0.4474,-0.27,46.0,neutro,3.3,False,WATCH
96610,Matheus Pereira,283,CRU,4,Meia,7,14.51,-0.79,7.46,25,0,True,9.0,23.0,40.0,28.0,86.0,0.0,,12.0,6.0,9.0,,4.0,3.0,,,1.0,,1.0,,,True,SAO,0.0,,baixa,7.5,4.86,0.651,1.0,6.644,1.648,valor_oculto,0.458,108,Provável,5.0,11.0,1.318,1.015,0.703,1.024,2.0,0.7,42.2,0.375,0.5656,0.64,59.6,neutro,4.43,False,TITULAR
105047,João Marcelo,283,CRU,3,Zagueiro,7,3.77,-0.1,2.14,13,0,True,2.0,10.0,13.0,1.0,10.0,1.0,,,,1.0,,0.0,,,,,,,,,True,SAO,0.0,,estavel,2.1,1.45,0.678,1.0,2.348,0.218,neutro,0.623,12,Provável,5.0,11.0,1.318,1.015,0.703,1.024,2.0,0.7,42.2,0.825,0.7611,1.647,74.7,favoravel,3.29,False,TITULAR
124912,Jonathan Jesus,283,CRU,3,Zagueiro,7,7.06,1.03,4.39,17,0,True,4.0,39.0,18.0,8.0,6.0,3.0,,1.0,1.0,0.0,,0.0,,,,,,,,,True,SAO,0.0,,alta,4.4,3.86,0.879,1.0,4.298,0.912,valor_bom,0.609,15,Provável,5.0,11.0,1.318,1.015,0.703,1.024,2.0,0.7,42.2,0.825,0.7611,1.647,74.7,favoravel,4.01,False,TITULAR
117404,Otávio,283,CRU,1,Goleiro,7,4.46,0.21,3.77,15,0,True,2.0,1.0,,,2.0,1.0,,,,0.0,,0.0,,54.0,19.0,,,,,,True,SAO,0.0,,estavel,3.8,3.44,0.912,1.0,3.641,0.818,valor_bom,0.816,2,Provável,5.0,11.0,1.318,1.015,0.703,1.024,2.0,0.7,42.2,0.825,0.7611,1.677,75.2,favoravel,3.4,False,TITULAR
83528,Léo Pereira,262,FLA,3,Zagueiro,7,8.97,-1.1,4.86,21,0,True,5.0,16.0,14.0,10.0,9.0,10.0,,3.0,,2.0,,1.0,,,,,,,,,False,SAN,0.0,,baixa,4.9,2.62,0.539,1.0,4.651,0.641,valor_bom,0.519,42,Provável,1.0,8.0,0.916,0.928,1.418,0.944,6.0,0.85,11.1,0.575,0.5578,0.358,55.4,neutro,3.42,False,TITULAR
69783,Danilo,262,FLA,3,Zagueiro,7,4.85,0.0,1.4,9,0,False,,7.0,4.0,1.0,1.0,1.0,,,,0.0,,0.0,,,,,,,1.0,,False,SAN,0.0,,estavel,1.4,1.07,0.764,1.0,2.005,-0.902,armadilha_leve,0.413,67,Provável,1.0,8.0,0.916,0.928,1.418,0.944,6.0,0.85,11.1,0.575,0.5578,0.358,55.4,neutro,2.57,False,WATCH
84735,Jorginho,262,FLA,4,Meia,7,9.05,0.83,3.98,21,0,True,4.0,33.0,18.0,3.0,26.0,0.0,,,,2.0,,3.0,,,,,,,1.0,,False,SAN,0.0,,alta,4.0,2.79,0.701,1.0,4.011,-0.233,neutro,0.443,117,Provável,1.0,8.0,0.916,0.928,1.418,0.944,6.0,0.85,11.1,0.775,0.5678,0.656,59.8,neutro,3.56,False,TITULAR
91473,Erick Pulgar,262,FLA,4,Meia,7,6.4,0.0,2.94,16,0,False,6.0,29.0,20.0,1.0,11.0,0.0,,1.0,,1.0,,0.0,,,,1.0,,,1.0,,False,SAN,0.0,,estavel,2.9,2.63,0.895,1.0,3.324,0.028,neutro,0.519,75,Provável,1.0,8.0,0.916,0.928,1.418,0.944,6.0,0.85,11.1,0.775,0.5678,0.656,59.8,neutro,3.13,False,TITULAR
98873,Samuel Lino,262,FLA,5,Atacante,7,12.45,0.0,8.64,25,0,False,3.0,41.0,23.0,19.0,44.0,0.0,,12.0,4.0,9.0,,7.0,,,,2.0,,,,,False,SAN,0.0,,estavel,8.6,4.36,0.505,1.0,7.747,2.792,valor_oculto,0.622,22,Provável,1.0,8.0,0.916,0.928,1.418,0.944,6.0,0.85,11.1,0.775,0.5678,0.557,58.4,neutro,5.74,False,TITULAR
96870,Emerson Royal,262,FLA,2,Lateral,7,7.96,0.0,5.63,12,0,False,,18.0,13.0,1.0,5.0,7.0,,1.0,2.0,0.0,,1.0,,,,,,,,,False,SAN,0.0,,estavel,5.6,3.46,0.615,1.0,5.451,1.016,valor_bom,0.685,5,Provável,1.0,8.0,0.916,0.928,1.418,0.944,6.0,0.85,11.1,0.575,0.5578,0.344,55.2,neutro,4.25,False,TITULAR
62977,Ganso,266,FLU,4,Meia,7,4.24,0.89,1.61,19,0,True,2.0,13.0,11.0,1.0,11.0,0.0,,2.0,1.0,0.0,,1.0,,,,1.0,,,,,True,CFC,0.0,,alta,1.6,1.35,0.839,1.0,1.811,-0.68,armadilha_leve,0.427,125,Provável,3.0,9.0,1.45,1.128,1.097,1.974,2.0,0.75,37.8,0.875,0.7923,2.346,85.2,neutro,3.63,False,WATCH
122573,Wallace Yan,280,RBB,5,Atacante,7,2.92,0.0,1.24,9,0,False,1.0,3.0,7.0,1.0,7.0,0.0,,3.0,2.0,0.0,,1.0,,,,,,,1.0,,True,MIR,0.0,,estavel,1.2,0.68,0.548,1.0,1.087,-0.84,armadilha_leve,0.372,118,Provável,10.0,15.0,0.853,1.406,1.194,0.809,1.0,0.225,26.2,0.575,0.4568,-0.227,46.6,neutro,3.03,False,WATCH
87228,Guilherme Arana,266,FLU,2,Lateral,7,7.88,0.0,3.55,16,0,False,2.0,16.0,10.0,8.0,5.0,3.0,,5.0,1.0,1.0,,0.0,,,,,,,,,True,CFC,0.0,,estavel,3.5,2.61,0.735,1.0,4.094,-0.645,armadilha_leve,0.52,62,Provável,3.0,9.0,1.45,1.128,1.097,1.974,2.0,0.75,37.8,0.4,0.5997,0.609,59.1,neutro,3.91,False,WATCH
101319,Guga,266,FLU,2,Lateral,7,6.36,0.0,3.47,15,0,False,3.0,18.0,12.0,3.0,9.0,3.0,,,1.0,0.0,,2.0,,,,,,,,,True,CFC,0.0,,estavel,3.5,2.2,0.634,1.0,3.543,-0.555,armadilha_leve,0.557,49,Provável,3.0,9.0,1.45,1.128,1.097,1.974,2.0,0.75,37.8,0.4,0.5997,0.609,59.1,neutro,3.66,False,WATCH
78855,Thiago Santos,294,CFC,3,Zagueiro,7,4.56,0.26,3.25,19,0,True,7.0,25.0,23.0,3.0,17.0,5.0,,2.0,,0.0,,0.0,,,,,,,,,False,FLU,0.0,,estavel,3.2,2.46,0.757,1.0,3.083,0.629,valor_bom,0.676,3,Provável,9.0,3.0,1.097,1.974,1.45,1.128,-2.0,0.2,-37.8,0.05,0.162,-2.15,17.8,desfavoravel,2.2,False,WATCH
116447,Hércules,266,FLU,4,Meia,7,6.4,-0.29,3.38,23,0,True,3.0,28.0,31.0,12.0,10.0,0.0,,8.0,2.0,3.0,,0.0,,,,,,,,,True,CFC,0.0,,estavel,3.4,2.73,0.808,1.0,3.564,0.353,neutro,0.557,49,Provável,3.0,9.0,1.45,1.128,1.097,1.974,2.0,0.75,37.8,0.875,0.7923,2.346,85.2,favoravel,4.07,False,TITULAR
87342,Kannemann,284,GRE,3,Zagueiro,7,3.82,0.0,0.73,4,0,False,3.0,5.0,2.0,,,0.0,,,,0.0,1.0,0.0,,,,,,,,,False,REM,0.0,,estavel,0.7,0.73,1.0,0.5,2.034,-0.213,neutro,0.266,79,Provável,18.0,19.0,0.748,1.041,0.879,1.088,2.0,0.275,-22.2,0.85,0.5402,0.247,53.7,neutro,3.82,False,WATCH
91908,Pavón,284,GRE,5,Atacante,7,6.29,0.09,4.24,23,0,True,6.0,39.0,16.0,4.0,11.0,0.0,,6.0,4.0,2.0,,3.0,,,,1.0,,,,,False,REM,0.0,,estavel,4.2,2.89,0.682,1.0,4.425,0.97,valor_bom,0.703,7,Provável,18.0,19.0,0.748,1.041,0.879,1.088,2.0,0.275,-22.2,0.775,0.4484,-0.286,45.7,neutro,3.49,False,TITULAR
102318,Caio Paulista,284,GRE,2,Lateral,7,5.54,0.0,3.08,9,0,False,1.0,11.0,3.0,2.0,3.0,2.0,,,,0.0,,0.0,,,,,,,,,False,REM,0.0,,estavel,3.1,2.41,0.782,1.0,3.362,-0.291,neutro,0.607,31,Provável,18.0,19.0,0.748,1.041,0.879,1.088,2.0,0.275,-22.2,0.85,0.5402,0.232,53.5,neutro,3.45,False,TITULAR
132071,Serna,266,FLU,5,Atacante,7,7.83,0.91,4.12,26,0,True,1.0,22.0,23.0,10.0,25.0,0.0,,10.0,7.0,4.0,,3.0,,,,1.0,,,,,True,CFC,0.0,,alta,4.1,2.31,0.561,1.0,4.317,0.025,neutro,0.551,51,Provável,3.0,9.0,1.45,1.128,1.097,1.974,2.0,0.75,37.8,0.875,0.7923,2.143,82.1,favoravel,4.42,False,TITULAR
89273,João Pedro,284,GRE,2,Lateral,7,3.25,0.52,1.0,7,0,True,1.0,3.0,8.0,,2.0,1.0,,,1.0,0.0,,0.0,,,,,,,,,False,REM,0.0,,alta,1.0,0.57,0.57,0.875,1.45,-0.893,armadilha_leve,0.39,81,Provável,18.0,19.0,0.748,1.041,0.879,1.088,2.0,0.275,-22.2,0.85,0.5402,0.232,53.5,neutro,2.76,False,WATCH
89883,Dodi,284,GRE,4,Meia,7,2.3,0.0,-0.01,8,0,False,2.0,2.0,8.0,1.0,1.0,0.0,,,,0.0,,0.0,,,,,,,,,False,REM,0.0,,estavel,0.0,0.0,0.0,1.0,0.527,-0.62,armadilha_leve,0.229,165,Provável,18.0,19.0,0.748,1.041,0.879,1.088,2.0,0.275,-22.2,0.775,0.4484,-0.243,46.4,neutro,1.77,False,WATCH
72018,Tiago Volpi,280,RBB,1,Goleiro,7,9.35,-0.58,5.47,19,0,True,1.0,,,,3.0,6.0,,,,2.0,,0.0,,61.0,22.0,,,,,,True,MIR,0.0,,baixa,5.5,3.26,0.596,1.0,5.141,0.462,neutro,0.55,18,Provável,10.0,15.0,0.853,1.406,1.194,0.809,1.0,0.225,26.2,0.75,0.5841,0.559,58.4,neutro,3.97,False,TITULAR
97145,Villasanti,284,GRE,4,Meia,7,7.11,-1.35,4.46,7,0,True,1.0,14.0,10.0,1.0,6.0,0.0,,2.0,,1.0,,0.0,,,,,,,,,False,REM,0.0,,baixa,4.5,3.75,0.841,0.875,4.264,0.945,valor_bom,0.525,66,Provável,18.0,19.0,0.748,1.041,0.879,1.088,2.0,0.275,-22.2,0.775,0.4484,-0.243,46.4,neutro,4.44,False,TITULAR
105563,Carlos Vinícius,284,GRE,5,Atacante,7,12.04,-0.45,4.46,25,0,True,5.0,6.0,28.0,11.0,25.0,0.0,,14.0,19.0,9.0,,1.0,,,,1.0,,,,,False,REM,0.0,,estavel,4.5,1.38,0.309,1.0,4.581,-1.258,armadilha_leve,0.38,115,Provável,18.0,19.0,0.748,1.041,0.879,1.088,2.0,0.275,-22.2,0.775,0.4484,-0.286,45.7,neutro,3.72,False,WATCH
92182,Juninho,285,INT,3,Zagueiro,7,4.97,0.0,2.77,9,0,False,,5.0,,3.0,,3.0,,,,0.0,,0.0,,,,,,,,,True,COR,0.0,,estavel,2.8,1.77,0.639,1.0,2.73,-0.056,neutro,0.549,33,Provável,17.0,16.0,1.45,1.411,0.773,1.706,1.0,0.5,4.5,0.475,0.5205,0.122,51.8,neutro,3.23,False,TITULAR
89637,Thiago Maia,285,INT,4,Meia,7,4.1,-0.62,2.04,13,0,True,,10.0,4.0,1.0,2.0,0.0,,1.0,1.0,0.0,,2.0,,,,,,,,,True,COR,0.0,,baixa,2.0,1.27,0.623,1.0,2.134,-0.136,neutro,0.52,72,Provável,17.0,16.0,1.45,1.411,0.773,1.706,1.0,0.5,4.5,0.25,0.5374,0.427,56.4,neutro,2.6,False,WATCH
72951,Mercado,285,INT,3,Zagueiro,7,6.01,0.13,3.6,18,0,True,7.0,26.0,16.0,2.0,9.0,4.0,,3.0,1.0,1.0,,0.0,,,,,,,,,True,COR,0.0,,estavel,3.6,2.6,0.722,1.0,3.755,0.697,valor_bom,0.625,11,Provável,17.0,16.0,1.45,1.411,0.773,1.706,1.0,0.5,4.5,0.475,0.5205,0.122,51.8,neutro,3.72,False,TITULAR
142004,Amuzu,284,GRE,5,Atacante,7,6.7,-0.02,3.66,22,0,True,,15.0,13.0,13.0,32.0,0.0,,8.0,1.0,1.0,,3.0,,,,1.0,,,,,False,REM,0.0,,estavel,3.7,2.61,0.713,1.0,4.006,0.188,neutro,0.598,30,Provável,18.0,19.0,0.748,1.041,0.879,1.088,2.0,0.275,-22.2,0.775,0.4484,-0.286,45.7,neutro,2.98,False,TITULAR
110510,Aguirre,285,INT,2,Lateral,7,5.73,-1.0,4.09,19,0,True,3.0,22.0,19.0,8.0,3.0,4.0,,4.0,2.0,2.0,,1.0,,,,,,,,,True,COR,0.0,,baixa,4.1,2.56,0.626,1.0,3.969,0.35,neutro,0.693,4,Provável,17.0,16.0,1.45,1.411,0.773,1.706,1.0,0.5,4.5,0.475,0.5205,0.107,51.6,neutro,3.72,False,TITULAR
101960,Vitinho,285,INT,5,Atacante,7,7.57,0.03,4.7,27,0,True,5.0,40.0,33.0,17.0,43.0,0.0,,11.0,3.0,2.0,1.0,3.0,1.0,,,1.0,,,,,True,COR,0.0,,estavel,4.7,3.55,0.755,1.0,4.759,0.734,valor_bom,0.629,16,Provável,17.0,16.0,1.45,1.411,0.773,1.706,1.0,0.5,4.5,0.25,0.5374,0.343,55.1,neutro,4.71,False,TITULAR
71684,Gustavo Gómez,275,PAL,3,Zagueiro,7,10.67,-0.45,5.45,25,0,True,2.0,24.0,25.0,10.0,4.0,10.0,,3.0,7.0,4.0,,3.0,,,,,,,,,True,BAH,0.0,,estavel,5.5,2.69,0.494,1.0,5.124,0.708,valor_bom,0.48,51,Provável,2.0,6.0,0.483,0.276,1.214,1.289,6.0,0.75,29.7,0.2,0.5287,0.174,52.6,neutro,4.49,False,WATCH
106202,Bruno Gomes,285,INT,4,Meia,7,6.47,-0.19,3.71,27,0,True,4.0,51.0,30.0,9.0,48.0,0.0,,2.0,,0.0,,0.0,,,,1.0,,,,,True,COR,0.0,,estavel,3.7,3.71,1.0,1.0,3.798,0.634,valor_bom,0.587,32,Provável,17.0,16.0,1.45,1.411,0.773,1.706,1.0,0.5,4.5,0.25,0.5374,0.427,56.4,neutro,3.9,False,TITULAR
111683,Anthoni,285,INT,1,Goleiro,7,3.71,-0.92,2.45,11,0,True,,,,,1.0,2.0,,,,0.0,,0.0,,25.0,16.0,,,,,,True,COR,0.0,,baixa,2.5,1.54,0.629,1.0,2.849,0.485,neutro,0.768,4,Provável,17.0,16.0,1.45,1.411,0.773,1.706,1.0,0.5,4.5,0.475,0.5205,0.157,52.4,neutro,3.57,False,TITULAR
93790,Marlon Freitas,275,PAL,4,Meia,7,6.3,0.81,2.68,26,0,True,6.0,30.0,26.0,14.0,2.0,0.0,,2.0,1.0,2.0,,1.0,,,,1.0,,,,,True,BAH,0.0,,alta,2.7,2.1,0.784,1.0,3.012,-0.343,neutro,0.478,94,Provável,2.0,6.0,0.483,0.276,1.214,1.289,6.0,0.75,29.7,0.375,0.4525,-0.212,46.8,neutro,2.89,False,TITULAR
84674,Lucas Evangelista,275,PAL,4,Meia,7,4.28,0.3,1.31,23,0,True,1.0,9.0,10.0,6.0,20.0,0.0,,1.0,1.0,0.0,,1.0,,,,,,,,,True,BAH,0.0,,estavel,1.3,1.09,0.832,1.0,1.562,-1.047,armadilha_leve,0.365,143,Provável,2.0,6.0,0.483,0.276,1.214,1.289,6.0,0.75,29.7,0.375,0.4525,-0.212,46.8,neutro,2.02,False,WATCH
97653,Murilo,275,PAL,3,Zagueiro,7,8.11,0.0,3.87,23,0,False,3.0,21.0,32.0,3.0,5.0,8.0,,6.0,,2.0,,1.0,,,,,,,1.0,,True,BAH,0.0,,estavel,3.9,2.09,0.54,1.0,3.93,0.035,neutro,0.485,47,Provável,2.0,6.0,0.483,0.276,1.214,1.289,6.0,0.75,29.7,0.2,0.5287,0.174,52.6,neutro,3.8,False,TITULAR
71631,Weverton,284,GRE,1,Goleiro,7,10.2,2.72,5.26,24,0,True,2.0,,,,8.0,6.0,,,,0.0,1.0,1.0,,81.0,29.0,,,,,2.0,False,REM,0.0,,alta,5.3,3.8,0.722,1.0,5.035,0.146,neutro,0.494,24,Provável,18.0,19.0,0.748,1.041,0.879,1.088,2.0,0.275,-22.2,0.85,0.5402,0.281,54.2,neutro,4.44,False,TITULAR
104084,Carlos Miguel,275,PAL,1,Goleiro,7,9.1,0.38,5.39,27,0,True,3.0,,,,11.0,11.0,,,,0.0,,0.0,,84.0,21.0,,,,,,True,BAH,0.0,,estavel,5.4,3.35,0.622,1.0,5.154,0.541,valor_bom,0.566,15,Provável,2.0,6.0,0.483,0.276,1.214,1.289,6.0,0.75,29.7,0.2,0.5287,0.209,53.1,neutro,4.21,False,TITULAR
105175,Khellven,275,PAL,2,Lateral,7,5.76,-0.73,3.34,20,0,True,3.0,20.0,18.0,3.0,8.0,7.0,,,1.0,0.0,1.0,1.0,,,,1.0,1.0,,,,True,BAH,0.0,,baixa,3.3,2.04,0.611,1.0,3.437,-0.334,neutro,0.597,37,Provável,2.0,6.0,0.483,0.276,1.214,1.289,6.0,0.75,29.7,0.2,0.5287,0.159,52.4,neutro,2.91,False,WATCH
110506,Abel Ferreira,275,PAL,6,Técnico,7,12.06,-0.31,6.78,28,0,True,,,,,,0.0,16.0,,,0.0,,0.0,,,,,,,,,True,BAH,0.0,,estavel,6.8,6.78,1.0,1.0,6.743,-0.178,neutro,0.559,11,Provável,2.0,6.0,0.483,0.276,1.214,1.289,6.0,0.75,29.7,0.375,0.4525,-0.233,46.5,neutro,4.46,False,TITULAR
113103,Flaco López,275,PAL,5,Atacante,7,13.42,-0.03,6.85,25,0,True,2.0,29.0,37.0,25.0,53.0,0.0,,14.0,14.0,8.0,,3.0,,,,,,,,,True,BAH,0.0,,estavel,6.8,3.69,0.539,1.0,6.391,0.71,valor_bom,0.476,83,Provável,2.0,6.0,0.483,0.276,1.214,1.289,6.0,0.75,29.7,0.375,0.4525,-0.257,46.1,neutro,3.9,False,TITULAR
87742,Neto Moura,2305,MIR,4,Meia,7,3.7,-0.18,1.84,15,0,True,6.0,18.0,13.0,7.0,5.0,0.0,,2.0,,0.0,,0.0,,,,,,,,,False,RBB,0.0,,estavel,1.8,1.84,1.0,1.0,1.996,-0.005,neutro,0.539,61,Provável,15.0,10.0,1.194,0.809,0.853,1.406,4.0,0.65,-26.2,0.5,0.5048,0.182,52.7,neutro,2.81,False,TITULAR
97460,João Victor,2305,MIR,3,Zagueiro,7,5.72,0.67,3.08,24,0,True,2.0,28.0,11.0,3.0,7.0,2.0,,3.0,2.0,2.0,,1.0,,,,,1.0,,,,False,RBB,0.0,,alta,3.1,2.12,0.688,1.0,2.981,-0.138,neutro,0.521,41,Provável,15.0,10.0,1.194,0.809,0.853,1.406,4.0,0.65,-26.2,0.65,0.5371,0.227,53.4,neutro,3.92,False,TITULAR
92811,Bruno Rodrigues,283,CRU,5,Atacante,7,4.72,0.0,2.4,15,0,False,,7.0,8.0,2.0,13.0,0.0,,2.0,6.0,1.0,,2.0,,,,,,,,,True,SAO,0.0,,estavel,2.4,1.2,0.5,1.0,2.46,-0.609,armadilha_leve,0.521,69,Provável,5.0,11.0,1.318,1.015,0.703,1.024,2.0,0.7,42.2,0.375,0.5656,0.542,58.1,neutro,2.74,False,WATCH
104027,Rafael Guanaes,2305,MIR,6,Técnico,7,8.11,0.62,4.62,25,0,True,,,,,,0.0,7.0,,,0.0,,0.0,,,,,,,,,False,RBB,0.0,,alta,4.6,4.62,1.0,1.0,4.657,0.444,neutro,0.574,9,Provável,15.0,10.0,1.194,0.809,0.853,1.406,4.0,0.65,-26.2,0.5,0.5048,0.142,52.1,neutro,4.36,False,TITULAR
104204,Edson Carioca,2305,MIR,5,Atacante,7,5.13,-1.25,3.15,16,0,True,5.0,18.0,17.0,9.0,8.0,0.0,,3.0,1.0,2.0,,0.0,,,,1.0,,,,,False,RBB,0.0,,baixa,3.1,2.15,0.683,1.0,2.958,-0.242,neutro,0.577,39,Provável,15.0,10.0,1.194,0.809,0.853,1.406,4.0,0.65,-26.2,0.5,0.5048,0.112,51.7,neutro,3.5,False,TITULAR
83257,Gabriel,277,SAN,5,Atacante,7,10.16,-0.41,5.69,18,0,True,6.0,4.0,6.0,18.0,7.0,0.0,,2.0,14.0,9.0,,3.0,1.0,,,,,,1.0,,True,FLA,0.0,,estavel,5.7,0.86,0.151,1.0,5.465,0.56,valor_bom,0.538,60,Provável,8.0,1.0,1.418,0.944,0.916,0.928,8.0,0.85,-11.1,0.1,0.4382,-0.358,44.6,neutro,3.53,False,WATCH
101708,Felipe Jonatan,294,CFC,2,Lateral,7,4.31,0.0,2.08,17,0,False,,10.0,5.0,2.0,6.0,3.0,,2.0,1.0,0.0,,0.0,,,,,,,,,False,FLU,0.0,,estavel,2.1,1.55,0.745,1.0,2.592,-0.389,neutro,0.601,35,Provável,9.0,3.0,1.097,1.974,1.45,1.128,-2.0,0.2,-37.8,0.05,0.162,-2.165,17.5,desfavoravel,2.83,False,WATCH
141754,Gabriel Bontempo,277,SAN,4,Meia,7,4.91,-0.64,3.66,22,0,True,3.0,34.0,11.0,10.0,27.0,0.0,,3.0,1.0,0.0,,2.0,1.0,,,,,,,,True,FLA,0.0,,baixa,3.7,3.21,0.877,1.0,3.294,0.863,valor_bom,0.671,8,Provável,8.0,1.0,1.418,0.944,0.916,0.928,8.0,0.85,-11.1,0.1,0.4382,-0.319,45.2,neutro,3.17,False,TITULAR
91866,Zé Ivaldo,364,REM,3,Zagueiro,7,5.52,0.0,2.49,9,0,False,3.0,11.0,3.0,4.0,4.0,1.0,,3.0,,0.0,1.0,0.0,,,,,1.0,,,,True,GRE,0.0,,estavel,2.5,2.16,0.867,1.0,2.582,-0.539,armadilha_leve,0.468,56,Provável,19.0,18.0,0.879,1.088,0.748,1.041,1.0,0.15,22.2,0.95,0.6862,1.172,67.6,neutro,3.1,False,WATCH
113690,Diógenes,277,SAN,1,Goleiro,7,4.77,-0.23,5.1,3,0,True,1.0,,,,,1.0,,,,0.0,,0.0,,11.0,3.0,,,,,,True,FLA,0.0,,estavel,5.1,3.43,0.673,0.375,3.863,0.874,valor_bom,0.304,30,Provável,8.0,1.0,1.418,0.944,0.916,0.928,8.0,0.85,-11.1,0.0,0.3875,-0.684,39.7,neutro,3.8,False,WATCH
102975,Escobar,277,SAN,2,Lateral,7,10.08,0.02,6.51,19,0,True,7.0,58.0,19.0,4.0,16.0,6.0,,1.0,1.0,0.0,1.0,1.0,,,,1.0,,,,,True,FLA,0.0,,estavel,6.5,5.3,0.814,1.0,6.117,0.967,valor_bom,0.607,31,Provável,8.0,1.0,1.418,0.944,0.916,0.928,8.0,0.85,-11.1,0.0,0.3875,-0.736,39.0,neutro,4.27,False,TITULAR
78478,Willian Arão,277,SAN,4,Meia,7,6.21,0.0,3.42,19,0,False,2.0,36.0,10.0,2.0,5.0,0.0,,1.0,2.0,1.0,,0.0,,,,1.0,,,,,True,FLA,0.0,,estavel,3.4,3.16,0.924,1.0,3.619,0.529,valor_bom,0.583,35,Provável,8.0,1.0,1.418,0.944,0.916,0.928,8.0,0.85,-11.1,0.1,0.4382,-0.319,45.2,neutro,3.34,False,TITULAR
89840,Calleri,276,SAO,5,Atacante,7,11.69,0.77,5.2,23,0,True,6.0,16.0,36.0,19.0,43.0,0.0,,7.0,8.0,8.0,1.0,1.0,,,,,,,,,False,CRU,0.0,,alta,5.2,2.2,0.423,1.0,5.137,-0.41,neutro,0.439,94,Provável,11.0,5.0,0.703,1.024,1.318,1.015,-2.0,0.3,-42.2,0.425,0.3203,-1.191,32.1,desfavoravel,3.63,False,WATCH
63008,Rafael Tolói,276,SAO,3,Zagueiro,7,8.49,0.75,5.19,8,0,True,3.0,19.0,11.0,2.0,3.0,3.0,,1.0,,0.0,,0.0,,,,,,,,,False,CRU,0.0,,alta,5.2,4.07,0.784,1.0,4.647,0.802,valor_bom,0.547,34,Provável,11.0,5.0,0.703,1.024,1.318,1.015,-2.0,0.3,-42.2,0.15,0.2544,-1.565,26.5,desfavoravel,3.25,False,TITULAR
104075,Sabino,276,SAO,3,Zagueiro,7,6.96,-0.3,3.84,20,0,True,1.0,26.0,25.0,3.0,13.0,5.0,,1.0,,1.0,,0.0,,,,1.0,,,,,False,CRU,0.0,,estavel,3.8,2.79,0.727,1.0,3.915,0.47,neutro,0.562,27,Provável,11.0,5.0,0.703,1.024,1.318,1.015,-2.0,0.3,-42.2,0.15,0.2544,-1.565,26.5,desfavoravel,3.54,False,TITULAR
106028,Coronel,276,SAO,1,Goleiro,7,6.15,0.0,4.5,1,0,False,,,,,,0.0,,,,0.0,,0.0,,5.0,2.0,,,,,,False,CRU,0.0,,estavel,4.5,4.5,1.0,0.125,4.374,0.762,valor_bom,0.089,40,Provável,11.0,5.0,0.703,1.024,1.318,1.015,-2.0,0.3,-42.2,0.15,0.2544,-1.525,27.1,desfavoravel,3.67,False,WATCH
91573,Arboleda,276,SAO,3,Zagueiro,7,8.96,0.26,4.21,14,0,True,1.0,24.0,7.0,1.0,6.0,4.0,,2.0,2.0,0.0,,0.0,,,,,,,,,False,CRU,0.0,,estavel,4.2,3.35,0.796,1.0,4.171,0.039,neutro,0.466,59,Provável,11.0,5.0,0.703,1.024,1.318,1.015,-2.0,0.3,-42.2,0.15,0.2544,-1.565,26.5,desfavoravel,3.1,False,TITULAR
106294,Marcos Antônio,276,SAO,4,Meia,7,5.86,-1.24,2.9,20,0,True,1.0,22.0,16.0,8.0,19.0,0.0,,4.0,2.0,0.0,,2.0,,,,,,,,,False,CRU,0.0,,baixa,2.9,2.4,0.828,1.0,3.241,0.21,neutro,0.553,54,Provável,11.0,5.0,0.703,1.024,1.318,1.015,-2.0,0.3,-42.2,0.425,0.3203,-1.207,31.9,desfavoravel,2.76,False,TITULAR
80570,Wendell,276,SAO,2,Lateral,7,8.27,0.0,4.28,18,0,False,4.0,30.0,38.0,4.0,14.0,4.0,,2.0,2.0,0.0,,3.0,,,,,,,,,False,CRU,0.0,,estavel,4.3,2.78,0.65,1.0,4.558,-0.243,neutro,0.551,52,Provável,11.0,5.0,0.703,1.024,1.318,1.015,-2.0,0.3,-42.2,0.15,0.2544,-1.579,26.3,desfavoravel,3.75,False,TITULAR
105300,Ferraresi,263,BOT,3,Zagueiro,7,6.8,0.27,3.73,22,0,True,5.0,41.0,25.0,5.0,14.0,3.0,,2.0,2.0,1.0,,0.0,,,,,1.0,,,,True,VAS,0.0,,estavel,3.7,3.05,0.818,1.0,3.83,0.432,neutro,0.563,26,Provável,13.0,14.0,0.69,0.864,1.867,0.533,-2.0,0.325,20.5,0.475,0.491,-0.065,49.0,neutro,4.14,False,TITULAR
107873,Bobadilla,276,SAO,4,Meia,7,8.06,0.0,3.94,16,0,False,3.0,31.0,20.0,3.0,6.0,0.0,,6.0,1.0,0.0,,2.0,,,,1.0,,,,,False,CRU,0.0,,estavel,3.9,3.31,0.84,1.0,3.991,0.144,neutro,0.495,85,Provável,11.0,5.0,0.703,1.024,1.318,1.015,-2.0,0.3,-42.2,0.425,0.3203,-1.207,31.9,desfavoravel,3.07,False,TITULAR
113359,Pablo Maia,276,SAO,4,Meia,7,4.44,0.0,1.85,18,0,False,3.0,14.0,28.0,10.0,13.0,0.0,,1.0,,1.0,,0.0,,,,,,,,,False,CRU,0.0,,estavel,1.9,1.57,0.849,1.0,1.985,-0.59,armadilha_leve,0.447,111,Provável,11.0,5.0,0.703,1.024,1.318,1.015,-2.0,0.3,-42.2,0.425,0.3203,-1.207,31.9,desfavoravel,2.3,False,WATCH
72391,Fernando Diniz,264,COR,6,Técnico,7,8.86,0.03,5.35,21,0,True,,,,,,0.0,6.0,,,0.0,,0.0,,,,,,,,,False,INT,0.0,,estavel,5.3,5.35,1.0,1.0,5.343,0.551,valor_bom,0.603,6,Provável,16.0,17.0,0.773,1.706,1.45,1.411,-7.0,0.0,-4.5,0.55,0.4233,-0.443,43.4,neutro,3.52,False,WATCH
71123,Thiago Mendes,267,VAS,4,Meia,7,7.2,-1.05,4.25,23,0,True,8.0,19.0,17.0,9.0,48.0,0.0,,5.0,1.0,5.0,,1.0,,,,,,,,,False,BOT,0.0,,baixa,4.2,2.95,0.694,1.0,4.21,0.829,valor_bom,0.585,33,Provável,14.0,13.0,1.867,0.533,0.69,0.864,3.0,0.85,-20.5,0.95,0.697,1.629,74.4,favoravel_visitante,4.09,False,TITULAR
93716,Paulo Henrique,267,VAS,2,Lateral,7,7.81,0.74,3.24,19,0,True,5.0,25.0,21.0,4.0,22.0,2.0,,2.0,1.0,0.0,1.0,2.0,,,,,,,,,False,BOT,0.0,,alta,3.2,2.4,0.741,1.0,3.815,-0.962,armadilha_leve,0.488,72,Provável,14.0,13.0,1.867,0.533,0.69,0.864,3.0,0.85,-20.5,0.3,0.5299,0.167,52.5,neutro,3.41,False,WATCH
117330,Robert Renan,267,VAS,3,Zagueiro,7,6.26,0.64,3.11,25,0,True,4.0,37.0,23.0,5.0,4.0,3.0,,1.0,,1.0,,0.0,,,,1.0,,,,,False,BOT,0.0,,alta,3.1,2.51,0.807,1.0,3.351,0.069,neutro,0.535,36,Provável,14.0,13.0,1.867,0.533,0.69,0.864,3.0,0.85,-20.5,0.3,0.5299,0.182,52.7,neutro,3.43,False,TITULAR
90588,Caíque,287,VIT,4,Meia,7,4.77,0.11,2.62,21,0,True,5.0,35.0,21.0,2.0,24.0,0.0,,1.0,,0.0,1.0,0.0,,,,,,,,,True,CHA,0.0,,estavel,2.6,2.62,1.0,1.0,2.528,-0.083,neutro,0.53,65,Provável,12.0,20.0,1.631,0.967,0.966,1.081,1.0,0.55,53.3,0.875,0.7384,1.94,79.1,neutro,3.53,False,TITULAR
90703,Matheuzinho,287,VIT,4,Meia,7,6.75,1.01,3.6,23,0,True,3.0,12.0,11.0,14.0,33.0,0.0,,14.0,2.0,2.0,,2.0,1.0,,,,,,,,True,CHA,0.0,,alta,3.6,2.73,0.758,1.0,3.727,0.394,neutro,0.552,55,Provável,12.0,20.0,1.631,0.967,0.966,1.081,1.0,0.55,53.3,0.875,0.7384,1.94,79.1,favoravel,4.07,False,TITULAR
111879,Mateus Silva,287,VIT,2,Lateral,7,6.3,-1.14,5.26,7,0,True,1.0,12.0,3.0,2.0,6.0,2.0,,1.0,1.0,0.0,,1.0,,,,,,,,,True,CHA,0.0,,baixa,5.3,3.69,0.702,0.875,4.417,0.573,valor_bom,0.613,27,Provável,12.0,20.0,1.631,0.967,0.966,1.081,1.0,0.55,53.3,0.825,0.7803,1.754,76.3,favoravel,4.14,False,TITULAR
104118,Lucas Arcanjo,287,VIT,1,Goleiro,7,8.62,-1.28,5.74,22,0,True,1.0,,,,2.0,7.0,,,,0.0,1.0,1.0,,81.0,32.0,,,,,2.0,True,CHA,0.0,,baixa,5.7,3.92,0.683,1.0,5.372,0.878,valor_bom,0.623,8,Provável,12.0,20.0,1.631,0.967,0.966,1.081,1.0,0.55,53.3,0.825,0.7803,1.799,77.0,favoravel,5.0,True,TITULAR
92180,Jair Ventura,287,VIT,6,Técnico,7,8.57,-0.12,5.3,25,0,True,,,,,,0.0,8.0,,,0.0,,0.0,,,,,,,,,True,CHA,0.0,,estavel,5.3,5.3,1.0,1.0,5.306,0.748,valor_bom,0.619,4,Provável,12.0,20.0,1.631,0.967,0.966,1.081,1.0,0.55,53.3,0.875,0.7384,1.819,77.3,favoravel,4.77,True,TITULAR
90031,Mendoza,293,CAP,5,Atacante,7,8.11,0.64,4.27,25,0,True,,20.0,11.0,15.0,14.0,0.0,,6.0,3.0,5.0,,1.0,,,,3.0,,,,,True,CAM,0.0,,alta,4.3,2.47,0.578,1.0,4.437,0.053,neutro,0.547,52,Provável,4.0,7.0,1.418,2.047,1.041,1.024,3.0,0.55,37.8,0.175,0.5087,0.14,52.1,neutro,3.51,False,TITULAR
92273,Odair Hellmann,293,CAP,6,Técnico,7,9.18,0.36,5.96,25,0,True,,,,,,0.0,13.0,,,0.0,,0.0,,,,,,,,,True,CAM,0.0,,estavel,6.0,5.96,1.0,1.0,5.806,0.793,valor_bom,0.632,2,Provável,4.0,7.0,1.418,2.047,1.041,1.024,3.0,0.55,37.8,0.175,0.5087,0.17,52.6,neutro,4.38,False,TITULAR
116461,Jamerson,287,VIT,2,Lateral,7,6.82,-0.91,4.8,14,0,True,1.0,22.0,4.0,5.0,10.0,5.0,,2.0,,0.0,,0.0,,,,,,,,,True,CHA,0.0,,baixa,4.8,3.73,0.777,1.0,4.393,0.257,neutro,0.644,16,Provável,12.0,20.0,1.631,0.967,0.966,1.081,1.0,0.55,53.3,0.825,0.7803,1.754,76.3,favoravel,4.33,False,TITULAR
80129,Jadson,293,CAP,4,Meia,7,5.07,-0.08,3.54,20,0,True,5.0,43.0,22.0,1.0,21.0,0.0,,2.0,,0.0,1.0,1.0,,,,,,,,,True,CAM,0.0,,estavel,3.5,3.29,0.929,1.0,3.182,0.607,valor_bom,0.628,19,Provável,4.0,7.0,1.418,2.047,1.041,1.024,3.0,0.55,37.8,0.175,0.5087,0.211,53.2,neutro,3.13,False,TITULAR
107985,Terán,293,CAP,3,Zagueiro,7,6.98,0.0,4.09,13,0,False,,15.0,10.0,2.0,7.0,5.0,,3.0,,0.0,,0.0,,,,,,,,,True,CAM,0.0,,estavel,4.1,2.94,0.719,1.0,4.095,0.689,valor_bom,0.587,20,Provável,4.0,7.0,1.418,2.047,1.041,1.024,3.0,0.55,37.8,0.6,0.5742,0.462,56.9,neutro,3.75,False,TITULAR
110668,Esquivel,293,CAP,2,Lateral,7,8.6,1.7,5.22,16,0,True,1.0,23.0,28.0,6.0,15.0,5.0,,1.0,,1.0,,3.0,,,,,,,1.0,,True,CAM,0.0,,alta,5.2,2.97,0.569,1.0,5.207,0.424,neutro,0.605,33,Provável,4.0,7.0,1.418,2.047,1.041,1.024,3.0,0.55,37.8,0.6,0.5742,0.448,56.7,neutro,4.34,False,TITULAR
110698,Mycael,293,CAP,1,Goleiro,7,8.57,0.9,6.67,3,0,True,2.0,,,,1.0,1.0,,,,0.0,1.0,0.0,,5.0,4.0,,,,,2.0,True,CAM,0.0,,alta,6.7,5.0,0.75,0.375,4.989,0.535,valor_bom,0.218,35,Provável,4.0,7.0,1.418,2.047,1.041,1.024,3.0,0.55,37.8,0.6,0.5742,0.496,57.4,neutro,4.17,False,WATCH
128431,João Cruz,293,CAP,4,Meia,7,6.55,0.0,4.18,19,0,False,1.0,17.0,12.0,12.0,9.0,0.0,,7.0,2.0,2.0,,4.0,,,,,,,,,True,CAM,0.0,,estavel,4.2,2.6,0.622,1.0,4.154,1.075,valor_bom,0.634,16,Provável,4.0,7.0,1.418,2.047,1.041,1.024,3.0,0.55,37.8,0.175,0.5087,0.211,53.2,neutro,3.23,False,TITULAR
90302,Pedro Rocha,294,CFC,5,Atacante,7,7.0,-1.88,4.65,26,0,True,1.0,10.0,25.0,22.0,27.0,0.0,,13.0,12.0,8.0,,1.0,,,,1.0,,,1.0,,False,FLU,0.0,,baixa,4.7,2.0,0.43,1.0,4.722,0.973,valor_bom,0.675,9,Provável,9.0,3.0,1.097,1.974,1.45,1.128,-2.0,0.2,-37.8,0.3,0.3536,-0.956,35.7,desfavoravel,3.22,False,WATCH
104811,Sebastián Gómez,294,CFC,4,Meia,7,4.16,-0.59,2.81,23,0,True,3.0,34.0,31.0,7.0,21.0,0.0,,4.0,,0.0,,1.0,,,,,,,,,False,FLU,0.0,,baixa,2.8,2.59,0.922,1.0,2.675,0.552,valor_bom,0.643,14,Provável,9.0,3.0,1.097,1.974,1.45,1.128,-2.0,0.2,-37.8,0.3,0.3536,-0.956,35.7,desfavoravel,2.7,False,WATCH
143193,Viveros,293,CAP,5,Atacante,7,12.78,0.0,8.96,23,0,False,4.0,3.0,53.0,18.0,71.0,0.0,,24.0,21.0,15.0,,3.0,4.0,,,2.0,,,,,True,CAM,0.0,,estavel,9.0,3.09,0.345,1.0,7.927,2.928,valor_oculto,0.62,23,Provável,4.0,7.0,1.418,2.047,1.041,1.024,3.0,0.55,37.8,0.175,0.5087,0.14,52.1,neutro,4.74,False,RESERVA_LUXO
84339,Bruno Melo,294,CFC,2,Lateral,7,5.03,-0.04,2.96,25,0,True,2.0,18.0,10.0,7.0,13.0,6.0,,,3.0,1.0,,1.0,,,,,,,1.0,,False,FLU,0.0,,estavel,3.0,1.8,0.608,1.0,3.135,-0.238,neutro,0.623,23,Provável,9.0,3.0,1.097,1.974,1.45,1.128,-2.0,0.2,-37.8,0.05,0.162,-2.165,17.5,desfavoravel,2.81,False,WATCH
84626,Josué,294,CFC,4,Meia,7,5.82,0.17,3.95,24,0,True,2.0,11.0,22.0,10.0,35.0,0.0,,7.0,,1.0,,9.0,,,,1.0,,,1.0,,False,FLU,0.0,,estavel,4.0,1.87,0.473,1.0,3.986,1.243,valor_bom,0.685,5,Provável,9.0,3.0,1.097,1.974,1.45,1.128,-2.0,0.2,-37.8,0.3,0.3536,-0.956,35.7,desfavoravel,3.32,False,WATCH
118844,Kaio César,264,COR,5,Atacante,7,10.04,-0.31,5.87,16,0,True,2.0,26.0,12.0,6.0,43.0,0.0,,7.0,1.0,2.0,,2.0,,,,,,,,,False,INT,0.0,,estavel,5.9,4.25,0.724,1.0,5.566,0.739,valor_bom,0.554,50,Provável,16.0,17.0,0.773,1.706,1.45,1.411,-7.0,0.0,-4.5,0.55,0.4233,-0.463,43.1,neutro,3.42,False,TITULAR
126977,Fernando Seabra,294,CFC,6,Técnico,7,7.39,-0.45,5.06,27,0,True,,,,,,0.0,10.0,,,0.0,,0.0,,,,,,,,,False,FLU,0.0,,estavel,5.1,5.06,1.0,1.0,4.995,1.458,valor_bom,0.676,1,Provável,9.0,3.0,1.097,1.974,1.45,1.128,-2.0,0.2,-37.8,0.3,0.3536,-0.944,35.8,desfavoravel,3.71,False,BANCO
97878,Jacy,294,CFC,3,Zagueiro,7,5.43,0.0,3.99,23,0,False,2.0,38.0,16.0,8.0,21.0,4.0,,,1.0,1.0,,0.0,,,,,,,1.0,,False,FLU,0.0,,estavel,4.0,3.21,0.805,1.0,3.653,0.859,valor_bom,0.673,4,Provável,9.0,3.0,1.097,1.974,1.45,1.128,-2.0,0.2,-37.8,0.05,0.162,-2.15,17.8,desfavoravel,3.11,False,TITULAR
97795,Marcelinho,364,REM,2,Lateral,7,6.23,0.17,5.07,23,0,True,3.0,27.0,8.0,16.0,33.0,3.0,,7.0,2.0,2.0,,2.0,,,,1.0,,,,,True,GRE,0.0,,estavel,5.1,3.72,0.734,1.0,4.711,0.981,valor_bom,0.756,2,Provável,19.0,18.0,0.879,1.088,0.748,1.041,1.0,0.15,22.2,0.95,0.6862,1.157,67.4,favoravel,4.49,False,TITULAR
110708,Pedro Rangel,294,CFC,1,Goleiro,7,7.48,0.0,4.67,17,0,False,1.0,1.0,,,4.0,6.0,,,,0.0,,0.0,,53.0,22.0,,,,,,False,FLU,0.0,,estavel,4.7,2.91,0.623,1.0,4.57,0.476,neutro,0.611,9,Provável,9.0,3.0,1.097,1.974,1.45,1.128,-2.0,0.2,-37.8,0.05,0.162,-2.109,18.4,desfavoravel,3.4,False,TITULAR
102911,Zé Ricardo,364,REM,4,Meia,7,4.75,0.43,3.02,26,0,True,5.0,39.0,37.0,6.0,30.0,0.0,,6.0,3.0,1.0,,1.0,,,,,,,1.0,,True,GRE,0.0,,estavel,3.0,2.64,0.874,1.0,2.848,0.365,neutro,0.6,28,Provável,19.0,18.0,0.879,1.088,0.748,1.041,1.0,0.15,22.2,0.5,0.4488,-0.24,46.4,neutro,3.25,False,TITULAR
82730,Marcelo Rangel,364,REM,1,Goleiro,7,5.4,-1.03,3.87,27,0,True,2.0,,,,6.0,2.0,,,,0.0,,0.0,,103.0,47.0,,,,,1.0,True,GRE,0.0,,baixa,3.9,3.5,0.904,1.0,3.982,0.7,valor_bom,0.737,5,Provável,19.0,18.0,0.879,1.088,0.748,1.041,1.0,0.15,22.2,0.95,0.6862,1.204,68.1,favoravel,4.14,False,TITULAR
101393,Eduardo Doma,315,CHA,3,Zagueiro,7,4.06,0.55,2.25,24,0,True,5.0,27.0,16.0,7.0,3.0,2.0,,2.0,,1.0,1.0,0.0,,,,,,,1.0,,False,VIT,0.0,,alta,2.2,1.75,0.778,1.0,2.359,0.033,neutro,0.581,22,Provável,20.0,12.0,0.966,1.081,1.631,0.967,-1.0,0.275,-53.3,0.575,0.3532,-0.938,35.9,desfavoravel,2.8,False,WATCH
68938,Giovanni Augusto,315,CHA,4,Meia,7,5.3,0.76,3.75,18,0,True,2.0,15.0,12.0,4.0,22.0,0.0,,3.0,1.0,1.0,,5.0,,,,,,,,,False,VIT,0.0,,alta,3.8,2.08,0.555,1.0,3.3,0.622,valor_bom,0.623,20,Provável,20.0,12.0,0.966,1.081,1.631,0.967,-1.0,0.275,-53.3,0.15,0.2718,-1.572,26.4,desfavoravel,2.96,False,TITULAR
104519,Camilo,315,CHA,4,Meia,7,4.53,-0.47,2.9,22,0,True,7.0,46.0,40.0,6.0,13.0,0.0,,2.0,,0.0,,0.0,,,,,,,,,False,VIT,0.0,,estavel,2.9,2.9,1.0,1.0,2.737,0.366,neutro,0.604,26,Provável,20.0,12.0,0.966,1.081,1.631,0.967,-1.0,0.275,-53.3,0.15,0.2718,-1.572,26.4,desfavoravel,2.87,False,TITULAR
102906,Anderson,315,CHA,1,Goleiro,7,6.72,1.37,3.72,13,0,True,1.0,,,,5.0,1.0,,,,0.0,,0.0,,50.0,23.0,,,,,,False,VIT,0.0,,alta,3.7,3.34,0.898,1.0,3.963,0.168,neutro,0.59,12,Provável,20.0,12.0,0.966,1.081,1.631,0.967,-1.0,0.275,-53.3,0.575,0.3532,-0.901,36.5,desfavoravel,3.62,False,TITULAR
130843,Arthur Dias,293,CAP,3,Zagueiro,7,6.19,0.44,3.64,23,0,True,6.0,34.0,21.0,4.0,14.0,7.0,,,1.0,0.0,,0.0,,,,,,,,,True,CAM,0.0,,estavel,3.6,2.73,0.75,1.0,3.76,0.617,valor_bom,0.607,16,Provável,4.0,7.0,1.418,2.047,1.041,1.024,3.0,0.55,37.8,0.6,0.5742,0.462,56.9,neutro,3.5,False,TITULAR
110426,Bernabei,285,INT,2,Lateral,7,8.83,-0.65,5.84,24,0,True,6.0,32.0,47.0,27.0,26.0,6.0,,11.0,11.0,4.0,1.0,1.0,,,,1.0,,,1.0,,True,COR,0.0,,baixa,5.8,3.88,0.664,1.0,5.676,0.912,valor_bom,0.643,17,Provável,17.0,16.0,1.45,1.411,0.773,1.706,1.0,0.5,4.5,0.475,0.5205,0.107,51.6,neutro,4.36,False,TITULAR
99552,Rossi,262,FLA,1,Goleiro,7,8.43,0.57,4.85,26,0,True,,,,,2.0,11.0,,,,0.0,,0.0,,71.0,22.0,,,,,,False,SAN,0.0,,alta,4.8,2.73,0.563,1.0,4.734,0.338,neutro,0.562,16,Provável,1.0,8.0,0.916,0.928,1.418,0.944,6.0,0.85,11.1,0.575,0.5578,0.392,55.9,neutro,4.05,False,TITULAR
130806,Kauan,315,CHA,3,Zagueiro,7,1.57,-0.17,1.27,7,0,True,1.0,5.0,6.0,,2.0,1.0,,1.0,,0.0,,0.0,,,,,1.0,,,,False,VIT,0.0,,estavel,1.3,0.84,0.661,0.875,1.376,1.074,valor_bom,0.767,1,Provável,20.0,12.0,0.966,1.081,1.631,0.967,-1.0,0.275,-53.3,0.575,0.3532,-0.938,35.9,desfavoravel,2.66,False,BANCO
78850,Reinaldo,2305,MIR,2,Lateral,7,8.94,0.97,3.52,22,0,True,5.0,14.0,13.0,13.0,14.0,2.0,,6.0,,1.0,,4.0,,,,1.0,,,,,False,RBB,0.0,,alta,3.5,2.07,0.588,1.0,3.963,-1.278,armadilha_leve,0.443,79,Provável,15.0,10.0,1.194,0.809,0.853,1.406,4.0,0.65,-26.2,0.65,0.5371,0.212,53.2,neutro,4.1,False,WATCH
68708,Eduardo,2305,MIR,4,Meia,7,8.37,2.63,4.12,20,0,True,1.0,13.0,10.0,11.0,13.0,0.0,,3.0,,6.0,,0.0,,,,1.0,,,1.0,,False,RBB,0.0,,alta,4.1,2.62,0.636,1.0,4.112,0.177,neutro,0.491,88,Provável,15.0,10.0,1.194,0.809,0.853,1.406,4.0,0.65,-26.2,0.5,0.5048,0.182,52.7,neutro,4.36,False,TITULAR
126471,Barreal,277,SAN,4,Meia,7,10.11,0.0,5.37,19,0,False,5.0,36.0,22.0,14.0,17.0,0.0,,6.0,3.0,4.0,1.0,1.0,,,,,,,1.0,,True,FLA,0.0,,estavel,5.4,4.05,0.754,1.0,4.992,0.707,valor_bom,0.494,86,Provável,8.0,1.0,1.418,0.944,0.916,0.928,8.0,0.85,-11.1,0.1,0.4382,-0.319,45.2,neutro,3.84,False,TITULAR
89274,Andreas Pereira,275,PAL,4,Meia,7,11.73,0.39,4.71,27,0,True,3.0,28.0,23.0,18.0,25.0,0.0,,9.0,4.0,1.0,,10.0,,,,,,,,,True,BAH,0.0,,estavel,4.7,2.67,0.567,1.0,4.569,-0.397,neutro,0.39,138,Provável,2.0,6.0,0.483,0.276,1.214,1.289,6.0,0.75,29.7,0.375,0.4525,-0.212,46.8,neutro,3.43,False,TITULAR
39148,Hulk,266,FLU,5,Atacante,7,14.05,1.54,6.95,20,0,True,2.0,9.0,12.0,15.0,54.0,0.0,,14.0,7.0,7.0,,4.0,,,,,,,,,True,CFC,0.0,,alta,7.0,3.15,0.453,1.0,6.381,0.518,valor_bom,0.454,86,Provável,3.0,9.0,1.45,1.128,1.097,1.974,2.0,0.75,37.8,0.875,0.7923,2.143,82.1,favoravel,5.38,True,WATCH
141776,Gustavo Henrique,277,SAN,4,Meia,7,3.73,-0.3,3.29,14,0,True,4.0,29.0,18.0,3.0,20.0,0.0,,2.0,,0.0,,0.0,,,,,,,1.0,,True,FLA,0.0,,estavel,3.3,3.29,1.0,1.0,2.925,1.23,valor_bom,0.784,2,Provável,8.0,1.0,1.418,0.944,0.916,0.928,8.0,0.85,-11.1,0.1,0.4382,-0.319,45.2,neutro,2.57,False,WATCH
100652,Yuri Alberto,264,COR,5,Atacante,7,10.58,0.0,4.1,17,0,False,2.0,8.0,23.0,14.0,12.0,0.0,,14.0,13.0,3.0,,2.0,,,,,,,,,False,INT,0.0,,estavel,4.1,2.1,0.512,1.0,4.374,-1.035,armadilha_leve,0.413,105,Provável,16.0,17.0,0.773,1.706,1.45,1.411,-7.0,0.0,-4.5,0.55,0.4233,-0.463,43.1,neutro,3.33,False,WATCH
103445,Kaio Jorge,283,CRU,5,Atacante,7,10.93,0.62,4.76,21,0,True,2.0,5.0,6.0,19.0,21.0,0.0,,7.0,6.0,7.0,,1.0,2.0,,,,,,,,True,SAO,0.0,,alta,4.8,1.86,0.391,1.0,4.815,-0.577,armadilha_leve,0.441,91,Provável,5.0,11.0,1.318,1.015,0.703,1.024,2.0,0.7,42.2,0.375,0.5656,0.542,58.1,neutro,3.43,False,WATCH
94583,Pedro,262,FLA,5,Atacante,7,16.24,0.83,8.3,26,0,True,1.0,18.0,16.0,15.0,21.0,0.0,,17.0,5.0,16.0,,4.0,1.0,,,1.0,,,,,False,SAN,0.0,,alta,8.3,2.61,0.314,1.0,7.514,1.445,valor_bom,0.463,84,Provável,1.0,8.0,0.916,0.928,1.418,0.944,6.0,0.85,11.1,0.775,0.5678,0.557,58.4,neutro,5.26,False,WATCH
114802,Vitor Roque,275,PAL,5,Atacante,7,15.3,-0.57,6.32,16,0,True,1.0,14.0,15.0,10.0,39.0,0.0,,7.0,4.0,5.0,,0.0,1.0,,,3.0,,,,,True,BAH,0.0,,baixa,6.3,3.82,0.604,1.0,5.866,-0.496,neutro,0.383,114,Provável,2.0,6.0,0.483,0.276,1.214,1.289,6.0,0.75,29.7,0.375,0.4525,-0.257,46.1,neutro,3.51,False,TITULAR
101908,Willian Machado,2305,MIR,3,Zagueiro,7,6.11,1.23,3.46,21,0,True,3.0,30.0,19.0,3.0,12.0,2.0,,4.0,,1.0,,1.0,,,,,,,,,False,RBB,0.0,,alta,3.5,2.65,0.766,1.0,3.637,0.5,neutro,0.595,19,Provável,15.0,10.0,1.194,0.809,0.853,1.406,4.0,0.65,-26.2,0.65,0.5371,0.227,53.4,neutro,3.88,False,TITULAR
108713,Galeano,364,REM,5,Atacante,7,4.71,0.26,1.83,16,0,True,2.0,7.0,5.0,7.0,19.0,0.0,,6.0,2.0,0.0,,0.0,,,,,,,,,True,GRE,0.0,,estavel,1.8,1.83,1.0,1.0,2.078,-1.106,armadilha_leve,0.441,91,Provável,19.0,18.0,0.879,1.088,0.748,1.041,1.0,0.15,22.2,0.5,0.4488,-0.283,45.8,neutro,2.25,False,WATCH
115986,Denilson,2305,MIR,4,Meia,7,4.89,0.37,3.07,17,0,True,4.0,31.0,29.0,2.0,15.0,0.0,,2.0,,1.0,1.0,0.0,,,,,,,,,False,RBB,0.0,,estavel,3.1,2.78,0.906,1.0,2.82,0.233,neutro,0.577,37,Provável,15.0,10.0,1.194,0.809,0.853,1.406,4.0,0.65,-26.2,0.5,0.5048,0.182,52.7,neutro,3.85,False,TITULAR
118655,Saldivia,267,VAS,3,Zagueiro,7,7.37,1.54,3.71,12,0,True,3.0,19.0,12.0,5.0,11.0,2.0,,1.0,,0.0,,1.0,,,,,1.0,,,,False,BOT,0.0,,alta,3.7,2.79,0.752,1.0,3.867,0.241,neutro,0.525,39,Provável,14.0,13.0,1.867,0.533,0.69,0.864,3.0,0.85,-20.5,0.3,0.5299,0.182,52.7,neutro,3.1,False,TITULAR
132412,Román Gómez,265,BAH,2,Lateral,7,7.82,0.0,5.01,12,0,False,2.0,24.0,15.0,7.0,10.0,4.0,,,,0.0,,0.0,,,,,,,,,False,PAL,0.0,,estavel,5.0,4.01,0.8,1.0,5.079,0.615,valor_bom,0.649,14,Provável,6.0,2.0,1.214,1.289,0.483,0.276,-2.0,0.45,-29.7,0.225,0.3715,-0.837,37.4,desfavoravel,4.21,False,TITULAR
90061,Bruno Pacheco,315,CHA,2,Lateral,7,7.34,-0.42,4.91,17,0,True,3.0,35.0,11.0,1.0,17.0,1.0,,,1.0,1.0,,3.0,,,,,,,,,False,VIT,0.0,,estavel,4.9,3.5,0.713,1.0,4.997,0.745,valor_bom,0.681,6,Provável,20.0,12.0,0.966,1.081,1.631,0.967,-1.0,0.275,-53.3,0.575,0.3532,-0.953,35.7,desfavoravel,4.01,False,TITULAR
141131,Vitão,282,CAM,3,Zagueiro,7,5.22,-0.54,5.18,5,0,True,1.0,7.0,3.0,1.0,1.0,1.0,,,,1.0,,0.0,,,,1.0,,,,,False,CAP,0.0,,baixa,5.2,3.38,0.653,0.625,3.645,0.96,valor_bom,0.436,64,Provável,7.0,4.0,1.041,1.024,1.418,2.047,4.0,0.65,-37.8,0.1,0.2819,-1.39,29.2,desfavoravel,4.13,False,TITULAR
93988,Breno Lopes,294,CFC,5,Atacante,7,8.7,0.0,5.02,23,0,False,3.0,15.0,9.0,7.0,31.0,0.0,,7.0,11.0,8.0,,1.0,1.0,,,,,,,,False,FLU,0.0,,estavel,5.0,2.02,0.402,1.0,5.004,0.539,valor_bom,0.575,40,Provável,9.0,3.0,1.097,1.974,1.45,1.128,-2.0,0.2,-37.8,0.3,0.3536,-0.956,35.7,desfavoravel,3.13,False,WATCH
94154,Maycon,282,CAM,4,Meia,7,4.81,-0.17,2.2,16,0,True,,11.0,12.0,2.0,7.0,0.0,,1.0,,2.0,,0.0,,,,,,,,,False,CAP,0.0,,estavel,2.2,1.58,0.718,1.0,2.229,-0.515,armadilha_leve,0.463,105,Provável,7.0,4.0,1.041,1.024,1.418,2.047,4.0,0.65,-37.8,0.25,0.4548,-0.194,47.1,neutro,2.95,False,WATCH
106708,Igor Formiga,2305,MIR,2,Lateral,7,9.88,1.18,5.99,22,0,True,2.0,51.0,33.0,12.0,7.0,1.0,,4.0,,3.0,,4.0,,,,,,,,,False,RBB,0.0,,alta,6.0,4.13,0.689,1.0,5.775,0.614,valor_bom,0.585,42,Provável,15.0,10.0,1.194,0.809,0.853,1.406,4.0,0.65,-26.2,0.65,0.5371,0.212,53.2,neutro,5.07,False,TITULAR
69208,Gabriel Paulista,264,COR,3,Zagueiro,7,8.25,0.0,4.13,19,0,False,5.0,20.0,14.0,11.0,9.0,7.0,,1.0,1.0,1.0,,0.0,,,,,,,,,False,INT,0.0,,estavel,4.1,2.71,0.656,1.0,4.122,0.226,neutro,0.5,44,Provável,16.0,17.0,0.773,1.706,1.45,1.411,-7.0,0.0,-4.5,0.9,0.4949,-0.04,49.4,neutro,3.18,False,TITULAR
105157,Villagra,285,INT,4,Meia,7,5.16,0.0,1.99,20,0,False,3.0,22.0,28.0,5.0,21.0,0.0,,3.0,,0.0,,0.0,,,,,,,,,True,COR,0.0,,estavel,2.0,1.99,1.0,1.0,2.075,-0.952,armadilha_leve,0.402,132,Provável,17.0,16.0,1.45,1.411,0.773,1.706,1.0,0.5,4.5,0.25,0.5374,0.427,56.4,neutro,3.31,False,WATCH
71536,Luiz Gustavo,293,CAP,4,Meia,7,5.84,-0.72,3.42,19,0,True,2.0,22.0,18.0,3.0,21.0,0.0,,7.0,,2.0,1.0,0.0,,,,1.0,,,,,True,CAM,0.0,,baixa,3.4,2.89,0.845,1.0,3.619,0.734,valor_bom,0.62,22,Provável,4.0,7.0,1.418,2.047,1.041,1.024,3.0,0.55,37.8,0.175,0.5087,0.211,53.2,neutro,2.96,False,TITULAR
89256,Gerson,283,CRU,4,Meia,7,8.4,-1.11,4.63,24,0,True,5.0,47.0,27.0,8.0,49.0,0.0,,7.0,5.0,0.0,,3.0,,,,,,,,,True,SAO,0.0,,baixa,4.6,4.0,0.864,1.0,4.496,0.685,valor_bom,0.535,64,Provável,5.0,11.0,1.318,1.015,0.703,1.024,2.0,0.7,42.2,0.375,0.5656,0.64,59.6,neutro,3.55,False,TITULAR
103388,Emmanuel Martínez,287,VIT,4,Meia,7,6.33,0.38,3.32,19,0,True,6.0,37.0,28.0,5.0,31.0,0.0,,2.0,1.0,0.0,,0.0,,,,,,,,,True,CHA,0.0,,estavel,3.3,3.32,1.0,1.0,3.549,0.37,neutro,0.561,47,Provável,12.0,20.0,1.631,0.967,0.966,1.081,1.0,0.55,53.3,0.875,0.7384,1.94,79.1,favoravel,3.86,False,TITULAR
110598,Marino Hinestroza,267,VAS,5,Atacante,7,5.66,0.63,1.74,14,0,True,,7.0,6.0,7.0,14.0,0.0,,,,0.0,,0.0,,,,1.0,,,,,False,BOT,0.0,,alta,1.7,1.74,1.0,1.0,2.043,-1.797,armadilha_forte,0.361,119,Provável,14.0,13.0,1.867,0.533,0.69,0.864,3.0,0.85,-20.5,0.95,0.697,1.47,72.0,neutro,2.64,False,EVITAR
87552,Vitor Bueno,364,REM,4,Meia,7,6.96,-1.43,3.9,21,0,True,1.0,7.0,11.0,6.0,17.0,0.0,,10.0,,4.0,,3.0,,,,1.0,,,,,True,GRE,0.0,,baixa,3.9,2.23,0.572,1.0,3.953,0.596,valor_bom,0.568,43,Provável,19.0,18.0,0.879,1.088,0.748,1.041,1.0,0.15,22.2,0.5,0.4488,-0.24,46.4,neutro,3.46,False,TITULAR
113125,Picco,364,REM,4,Meia,7,6.15,-0.07,3.43,25,0,True,2.0,47.0,27.0,8.0,4.0,0.0,,1.0,,2.0,,0.0,,,,,,,,,True,GRE,0.0,,estavel,3.4,3.03,0.883,1.0,3.591,0.524,valor_bom,0.584,34,Provável,19.0,18.0,0.879,1.088,0.748,1.041,1.0,0.15,22.2,0.5,0.4488,-0.24,46.4,neutro,4.04,False,TITULAR
145404,Arthur,275,PAL,2,Lateral,7,4.96,-0.81,4.29,19,0,True,1.0,25.0,22.0,6.0,12.0,8.0,,3.0,,0.0,,0.0,,,,,,,1.0,,True,BAH,0.0,,baixa,4.3,3.03,0.706,1.0,4.109,1.03,valor_bom,0.828,1,Provável,2.0,6.0,0.483,0.276,1.214,1.289,6.0,0.75,29.7,0.2,0.5287,0.159,52.4,neutro,3.2,False,WATCH
147088,Cissé,282,CAM,4,Meia,7,2.41,0.0,1.93,15,0,False,2.0,9.0,13.0,4.0,18.0,0.0,,1.0,1.0,1.0,,0.0,,,,,,,,,False,CAP,0.0,,estavel,1.9,1.6,0.829,1.0,1.628,0.745,valor_bom,0.676,7,Provável,7.0,4.0,1.041,1.024,1.418,2.047,4.0,0.65,-37.8,0.25,0.4548,-0.194,47.1,neutro,2.46,False,BANCO
94930,Lucas Paquetá,262,FLA,4,Meia,7,14.75,0.0,6.5,17,0,False,3.0,35.0,25.0,17.0,32.0,0.0,,6.0,3.0,4.0,,0.0,,,,,,,,,False,SAN,0.0,,estavel,6.5,5.32,0.818,1.0,5.73,0.348,neutro,0.388,140,Provável,1.0,8.0,0.916,0.928,1.418,0.944,6.0,0.85,11.1,0.775,0.5678,0.656,59.8,neutro,4.03,False,TITULAR
70666,Marllon,364,REM,3,Zagueiro,7,5.87,0.69,2.79,25,0,True,4.0,27.0,13.0,3.0,13.0,2.0,,,,2.0,,1.0,,,,,1.0,,,,True,GRE,0.0,,alta,2.8,1.87,0.67,1.0,2.765,-0.484,neutro,0.471,55,Provável,19.0,18.0,0.879,1.088,0.748,1.041,1.0,0.15,22.2,0.95,0.6862,1.172,67.6,neutro,3.59,False,TITULAR
95332,Marcinho,315,CHA,5,Atacante,7,5.09,-0.76,4.22,25,0,True,2.0,24.0,17.0,12.0,20.0,0.0,,6.0,4.0,5.0,,2.0,,,,,,,,,False,VIT,0.0,,baixa,4.2,2.22,0.526,1.0,3.821,0.925,valor_bom,0.751,3,Provável,20.0,12.0,0.966,1.081,1.631,0.967,-1.0,0.275,-53.3,0.15,0.2718,-1.533,27.0,desfavoravel,3.36,False,TITULAR
82407,Chico Kim,2305,MIR,4,Meia,7,3.89,0.25,1.95,7,0,True,,6.0,5.0,3.0,5.0,0.0,,1.0,,0.0,,0.0,,,,,,,,,False,RBB,0.0,,estavel,1.9,1.95,1.0,0.875,2.13,0.022,neutro,0.479,93,Provável,15.0,10.0,1.194,0.809,0.853,1.406,4.0,0.65,-26.2,0.5,0.5048,0.182,52.7,neutro,3.17,False,TITULAR
101715,Alerrandro,285,INT,5,Atacante,7,6.18,0.0,3.45,21,0,False,1.0,8.0,22.0,13.0,21.0,0.0,,7.0,5.0,3.0,,3.0,,,,,,,,,True,COR,0.0,,estavel,3.5,1.59,0.461,1.0,3.866,0.295,neutro,0.626,17,Provável,17.0,16.0,1.45,1.411,0.773,1.706,1.0,0.5,4.5,0.25,0.5374,0.343,55.1,neutro,3.61,False,WATCH
108131,Garcez,315,CHA,5,Atacante,7,5.18,-0.59,3.8,13,0,True,,11.0,9.0,12.0,13.0,0.0,,3.0,2.0,2.0,,0.0,,,,,,,,,False,VIT,0.0,,baixa,3.8,2.57,0.676,1.0,3.333,0.22,neutro,0.643,12,Provável,20.0,12.0,0.966,1.081,1.631,0.967,-1.0,0.275,-53.3,0.15,0.2718,-1.533,27.0,desfavoravel,3.46,False,TITULAR
116065,Cuiabano,267,VAS,2,Lateral,7,13.16,1.04,7.58,16,0,True,4.0,44.0,16.0,11.0,16.0,2.0,,8.0,,1.0,,4.0,,,,,,,,,False,BOT,0.0,,alta,7.6,5.58,0.736,1.0,6.781,0.779,valor_bom,0.515,63,Provável,14.0,13.0,1.867,0.533,0.69,0.864,3.0,0.85,-20.5,0.3,0.5299,0.167,52.5,neutro,4.5,False,TITULAR
109987,Medina,263,BOT,4,Meia,7,7.29,0.94,3.65,17,0,True,3.0,28.0,17.0,7.0,26.0,0.0,,3.0,,1.0,,0.0,1.0,,,,,,1.0,,True,VAS,0.0,,alta,3.6,3.36,0.921,1.0,3.792,0.22,neutro,0.52,72,Provável,13.0,14.0,0.69,0.864,1.867,0.533,-2.0,0.325,20.5,0.725,0.4474,-0.25,46.2,neutro,3.63,False,TITULAR
101807,Oliva,277,SAN,4,Meia,7,6.35,0.03,3.4,18,0,True,,20.0,27.0,6.0,12.0,0.0,,2.0,,2.0,,2.0,,,,,,,,,True,FLA,0.0,,estavel,3.4,2.29,0.674,1.0,3.613,0.446,neutro,0.569,41,Provável,8.0,1.0,1.418,0.944,0.916,0.928,8.0,0.85,-11.1,0.1,0.4382,-0.319,45.2,neutro,2.95,False,TITULAR
92747,Eduardo Domínguez,282,CAM,6,Técnico,7,10.11,-0.45,5.4,23,0,True,,,,,,0.0,11.0,,,0.0,,0.0,,,,,,,,,False,CAP,0.0,,estavel,5.4,5.4,1.0,1.0,5.38,-0.355,neutro,0.532,14,Provável,7.0,4.0,1.041,1.024,1.418,2.047,4.0,0.65,-37.8,0.25,0.4548,-0.217,46.7,neutro,4.43,False,TITULAR
93368,Lucas Veríssimo,277,SAN,3,Zagueiro,7,9.24,0.46,4.39,14,0,True,3.0,21.0,17.0,4.0,8.0,5.0,,1.0,2.0,0.0,,1.0,,,,,,,,,True,FLA,0.0,,estavel,4.4,2.96,0.674,1.0,4.286,0.09,neutro,0.464,60,Provável,8.0,1.0,1.418,0.944,0.916,0.928,8.0,0.85,-11.1,0.0,0.3875,-0.721,39.2,neutro,3.72,False,TITULAR
41929,Renato Gaúcho,284,GRE,6,Técnico,7,10.09,0.3,5.27,15,0,True,,,,,,0.0,5.0,,,0.0,,0.0,,,,,,,,,False,REM,0.0,,estavel,5.3,5.27,1.0,1.0,5.289,-0.438,neutro,0.524,15,Provável,18.0,19.0,0.748,1.041,0.879,1.088,2.0,0.275,-22.2,0.775,0.4484,-0.263,46.1,neutro,4.01,False,WATCH
141400,Huguinho,263,BOT,4,Meia,7,4.3,-0.38,2.79,10,0,True,4.0,12.0,17.0,5.0,16.0,0.0,,,,1.0,1.0,0.0,,,,,,,,,True,VAS,0.0,,estavel,2.8,2.29,0.821,1.0,2.567,0.301,neutro,0.597,29,Provável,13.0,14.0,0.69,0.864,1.867,0.533,-2.0,0.325,20.5,0.725,0.4474,-0.25,46.2,neutro,2.73,False,WATCH
124219,Millán,266,FLU,3,Zagueiro,7,3.62,-0.87,1.22,7,0,True,1.0,2.0,7.0,3.0,,1.0,,1.0,,0.0,,0.0,,,,,,,,,True,CFC,0.0,,baixa,1.2,0.79,0.648,0.875,2.002,-0.111,neutro,0.484,48,Provável,3.0,9.0,1.45,1.128,1.097,1.974,2.0,0.75,37.8,0.4,0.5997,0.624,59.4,neutro,2.53,False,WATCH
88963,Leonardo Jardim,262,FLA,6,Técnico,7,13.1,-0.11,7.37,24,0,True,,,,,,0.0,16.0,,,0.0,,0.0,,,,,,,,,False,SAN,0.0,,estavel,7.4,7.37,1.0,1.0,7.18,-0.318,neutro,0.548,13,Provável,1.0,8.0,0.916,0.928,1.418,0.944,6.0,0.85,11.1,0.775,0.5678,0.594,58.9,neutro,4.99,False,TITULAR
148125,Ryan Augusto,280,RBB,2,Lateral,7,3.55,0.0,3.17,6,0,False,,7.0,3.0,1.0,5.0,1.0,,1.0,1.0,0.0,,0.0,,,,,,,,,True,MIR,0.0,,estavel,3.2,2.67,0.842,0.75,2.412,0.027,neutro,0.51,67,Provável,10.0,15.0,0.853,1.406,1.194,0.809,1.0,0.225,26.2,0.75,0.5841,0.51,57.6,neutro,3.31,False,TITULAR
95131,Gabriel Taliari,364,REM,5,Atacante,7,8.88,0.5,4.77,16,0,True,1.0,13.0,24.0,13.0,28.0,0.0,,6.0,5.0,4.0,,0.0,2.0,,,,,,,,True,GRE,0.0,,estavel,4.8,2.77,0.581,1.0,4.833,0.236,neutro,0.544,54,Provável,19.0,18.0,0.879,1.088,0.748,1.041,1.0,0.15,22.2,0.5,0.4488,-0.283,45.8,neutro,3.84,False,TITULAR
143153,Tarzia,287,VIT,5,Atacante,7,4.29,0.33,3.06,21,0,True,2.0,16.0,21.0,8.0,26.0,0.0,,7.0,2.0,2.0,,1.0,,,,,,,,,True,CHA,0.0,,estavel,3.1,2.06,0.673,1.0,2.926,0.333,neutro,0.682,8,Provável,12.0,20.0,1.631,0.967,0.966,1.081,1.0,0.55,53.3,0.875,0.7384,1.762,76.4,favoravel,3.21,False,TITULAR
42411,Cuca,277,SAN,6,Técnico,7,10.22,-0.21,6.17,19,0,True,,,,,,0.0,9.0,,,0.0,,0.0,,,,,,,,,True,FLA,0.0,,estavel,6.2,6.17,1.0,1.0,6.301,0.552,valor_bom,0.617,5,Provável,8.0,1.0,1.418,0.944,0.916,0.928,8.0,0.85,-11.1,0.1,0.4382,-0.336,45.0,neutro,4.42,False,TITULAR
127273,Artur Jorge,283,CRU,6,Técnico,7,11.85,0.32,6.46,20,0,True,,,,,,0.0,13.0,,,0.0,,0.0,,,,,,,,,True,SAO,0.0,,estavel,6.5,6.46,1.0,1.0,6.503,-0.307,neutro,0.549,12,Provável,5.0,11.0,1.318,1.015,0.703,1.024,2.0,0.7,42.2,0.375,0.5656,0.579,58.7,neutro,4.3,False,TITULAR
130209,Renê,287,VIT,5,Atacante,7,9.78,-1.53,7.24,19,0,True,2.0,14.0,18.0,12.0,34.0,0.0,,15.0,4.0,9.0,,1.0,,,,1.0,,,,,True,CHA,0.0,,baixa,7.2,3.19,0.441,1.0,6.564,2.156,valor_oculto,0.671,10,Provável,12.0,20.0,1.631,0.967,0.966,1.081,1.0,0.55,53.3,0.875,0.7384,1.762,76.4,favoravel,4.9,False,RESERVA_LUXO
106147,Thiago Carpini,364,REM,6,Técnico,7,8.47,0.63,4.13,1,0,True,,,,,,0.0,,,,0.0,,0.0,,,,,,,,,True,GRE,0.0,,alta,4.1,4.13,1.0,0.125,4.702,0.185,neutro,0.069,19,Provável,19.0,18.0,0.879,1.088,0.748,1.041,1.0,0.15,22.2,0.5,0.4488,-0.26,46.1,neutro,4.0,False,WATCH
