atleta_id,nome,clube_id,clube,posicao_id,pontos,preco,variacao,scout_SG,scout_FC,scout_FS,scout_DS,scout_DE,scout_FD,scout_FF,scout_CA,scout_I
100848,Luan Cândido,287,VIT,2,,,,1.0,,,,,,,,
101820,Mayk,364,REM,2,,,,1.0,1.0,1.0,,,,,,
102255,Santiago Sosa,267,VAS,4,,,,,,,,,,,,
102340,Cacá,287,VIT,3,,,,1.0,,,,,,,,
102911,Zé Ricardo,364,REM,4,,,,,3.0,1.0,1.0,,,,,
103347,Matheus Alexandre,364,REM,2,,,,1.0,,,,,,,,
103388,Emmanuel Martínez,287,VIT,4,,,,,,,1.0,,,,,
104027,Rafael Guanaes,2305,MIR,6,,,,,,,,,,,,
104075,Sabino,276,SAO,3,,,,1.0,,,1.0,,,,,
104118,Lucas Arcanjo,287,VIT,1,,,,1.0,,,,3.0,,,,
104693,Newton,276,SAO,4,,,,,,,,,,,,
105048,Jajá,364,REM,5,,,,,1.0,,1.0,,,,,
105584,Lucas Piton,267,VAS,2,,,,1.0,3.0,,1.0,,1.0,1.0,,
106147,Thiago Carpini,364,REM,6,,,,,,,,,,,,
106907,Rafael Lacerda,315,CHA,6,,,,,,,,,,,,
107700,Eduardo Melo,364,REM,5,,,,,,,,,1.0,1.0,,
107873,Bobadilla,276,SAO,4,,,,,,,,,,,,
110144,Spinelli,267,VAS,5,,,,,1.0,1.0,,,,1.0,,
110506,Abel Ferreira,275,PAL,6,,,,,,,,,,,,
111879,Mateus Silva,287,VIT,2,,,,1.0,,,1.0,,,1.0,,
113125,Picco,364,REM,4,,,,,,,2.0,,,1.0,,
114323,Colidio,267,VAS,5,,,,,,1.0,,,,1.0,,
116065,Cuiabano,267,VAS,2,,,,1.0,2.0,,3.0,,,,,
116461,Jamerson,287,VIT,2,,,,1.0,,,,,,,,
116706,Andrés Gómez,267,VAS,5,,,,,2.0,3.0,2.0,,2.0,,,
117330,Robert Renan,267,VAS,3,,,,1.0,4.0,,2.0,,,,,
118655,Saldivia,267,VAS,3,,,,1.0,1.0,1.0,4.0,,,,1.0,
123016,David Braga,364,REM,4,,,,,,2.0,2.0,,,,,
124552,Lescano,267,VAS,4,,,,,,1.0,3.0,,,2.0,,
125468,William Batista,264,COR,6,,,,,,,,,,,,
126977,Fernando Seabra,294,CFC,6,,,,,,,,,,,,
127273,Artur Jorge,283,CRU,6,,,,,,,,,,,,
128177,Pedro Emanuel,267,VAS,6,,,,,,,,,,,,
130209,Renê,287,VIT,5,,,,,,,,,,,,
141382,Gustavo Santana,276,SAO,5,,,,,,,,,1.0,,,
142279,Nuno Moreira,267,VAS,4,,,,,,1.0,,,,,,
148215,Djhordney,276,SAO,4,,,,,1.0,,,,,,,
150180,Ramon Rique,267,VAS,4,,,,,,,3.0,,,,,
39850,Vagner Mancini,280,RBB,6,,,,,,,,,,,,
40990,Dorival Júnior,276,SAO,6,,,,,,,,,,,,
41929,Renato Gaúcho,284,GRE,6,,,,,,,,,,,,
42411,Cuca,277,SAN,6,,,,,,,,,,,,
45125,Tite,263,BOT,6,,,,,,,,,,,,
68928,Rafael,276,SAO,1,,,,1.0,,,,,,,,
70666,Marllon,364,REM,3,,,,1.0,1.0,,2.0,,1.0,,,
71123,Thiago Mendes,267,VAS,4,,,,,2.0,2.0,,,1.0,,,
73476,Marcão,266,FLU,6,,,,,,,,,,,,
80196,Yago Pikachu,364,REM,4,,,,,1.0,4.0,1.0,,,,,1.0
81091,Jair,267,VAS,4,,,,,1.0,2.0,3.0,,,,1.0,
82730,Marcelo Rangel,364,REM,1,,,,1.0,,1.0,,5.0,,,1.0,
82775,Lucas Ramon,276,SAO,2,,,,1.0,,1.0,,,,1.0,,
83433,Patrick,364,REM,4,,,,,1.0,1.0,1.0,,,,,
86859,José Welison,364,REM,4,,,,,2.0,,2.0,,1.0,1.0,,
86864,Marlon,364,REM,2,,,,1.0,,2.0,1.0,,,,,
87008,Léo Jardim,267,VAS,1,,,,1.0,,,,3.0,,,,
87211,Eduardo Baptista,285,INT,6,,,,,,,,,,,,
88963,Leonardo Jardim,262,FLA,6,,,,,,,,,,,,
89840,Calleri,276,SAO,5,,,,,,,,,,1.0,,
90309,David,267,VAS,5,,,,,2.0,2.0,1.0,,1.0,2.0,,1.0
90588,Caíque,287,VIT,4,,,,,,,,,,,,
90703,Matheuzinho,287,VIT,4,,,,,,1.0,,,,,,
91573,Arboleda,276,SAO,3,,,,1.0,,,,,,,,
91866,Zé Ivaldo,364,REM,3,,,,1.0,1.0,,3.0,,,,1.0,
92180,Jair Ventura,287,VIT,6,,,,,,,,,,,,
92273,Odair Hellmann,293,CAP,6,,,,,,,,,,,,
92747,Eduardo Domínguez,282,CAM,6,,,,,,,,,,,,
95131,Gabriel Taliari,364,REM,5,,,,,4.0,5.0,1.0,,,1.0,,2.0
95799,Artur,276,SAO,5,,,,,,,,,2.0,,,
97341,Rogério Ceni,265,BAH,6,,,,,,,,,,,,
97795,Marcelinho,364,REM,2,,,,1.0,,2.0,3.0,,,,,
97810,Erick,287,VIT,5,,,,,,,,,,,,
97868,Iago,276,SAO,2,,,,1.0,,,,,,,,
97911,Lucas Silva,287,VIT,5,,,,,1.0,,,,,,,
99213,Puma Rodríguez,267,VAS,2,,,,1.0,1.0,1.0,2.0,,,,,
