atleta_id,nome,clube_id,clube,posicao_id,posicao,status_id,preco,variacao,media,jogos,pontos_rodada,entrou_em_campo,scout_A,scout_CA,scout_DS,scout_FC,scout_FF,scout_FS,scout_G,scout_I,scout_SG,scout_V,scout_FD,scout_PS,scout_PC,scout_DE,scout_GS,scout_CV,scout_FT,scout_GC,scout_PP,scout_DP
130307,Wallace,284,GRE,3,Zagueiro,7,6.68,0.16,4.69,8,0,True,1.0,2.0,14.0,13.0,2.0,6.0,1.0,1.0,1.0,,,,,,,,,,,
37715,Thiago Silva,266,FLU,3,Zagueiro,6,7.61,1.44,4.26,5,0,True,1.0,1.0,3.0,2.0,3.0,2.0,,,2.0,,,,,,,,,,,
106907,Rafael Lacerda,315,CHA,6,Técnico,7,7.75,-0.6,4.77,10,0,True,,,,,,,,,,2.0,,,,,,,,,,
94214,Léo Duarte,282,CAM,3,Zagueiro,7,5.0,0.0,0.0,0,0,False,,,,,,,,,,,,,,,,,,,,
97101,Gabriel Rojas,283,CRU,2,Lateral,7,6.74,0.74,3.3,9,0,True,,2.0,13.0,14.0,1.0,9.0,,1.0,2.0,,1.0,,,,,,,,,
114208,Alejo Véliz,265,BAH,5,Atacante,7,6.46,-0.27,4.98,10,0,True,1.0,,1.0,13.0,14.0,16.0,3.0,5.0,,,3.0,1.0,,,,,,,,
145413,Rafael Coutinho,275,PAL,4,Meia,6,1.0,0.0,0.0,0,0,False,,,,,,,,,,,,,,,,,,,,
108946,Victor Sá,276,SAO,5,Atacante,6,4.94,-0.57,2.75,6,0,True,1.0,,6.0,4.0,,5.0,,,,,1.0,,,,,,,,,
151120,Jorge Rivaldo,293,CAP,5,Atacante,6,4.07,-0.93,2.16,5,0,True,,1.0,2.0,7.0,1.0,2.0,1.0,1.0,,,1.0,,,,,,,,,
130443,Luciano,315,CHA,3,Zagueiro,6,1.0,0.0,0.0,0,0,False,,,,,,,,,,,,,,,,,,,,
151294,Juan Ferreira,315,CHA,4,Meia,6,1.0,0.0,0.0,0,0,False,,,,,,,,,,,,,,,,,,,,
120681,Marco Moreno,265,BAH,3,Zagueiro,2,4.0,0.0,0.0,0,0,False,,,,,,,,,,,,,,,,,,,,
103626,Ocampo,294,CFC,5,Atacante,6,4.51,0.0,1.1,3,0,False,,,1.0,1.0,2.0,1.0,,,,,,,,,,,,,,
107203,Max,315,CHA,4,Meia,5,4.39,0.0,1.85,2,0,False,,,2.0,2.0,1.0,1.0,,,,,,,,,,,,,,
144889,Victor Gabriel,275,PAL,4,Meia,6,1.0,0.0,0.0,0,0,False,,,,,,,,,,,,,,,,,,,,
146663,Kauan Lima,275,PAL,1,Goleiro,6,1.0,0.0,0.0,0,0,False,,,,,,,,,,,,,,,,,,,,
102310,Matheus Felipe,364,REM,3,Zagueiro,5,3.85,0.0,2.03,3,0,False,,3.0,4.0,3.0,,,,,1.0,,,,1.0,,,,,,,
98617,Maripán,285,INT,3,Zagueiro,5,3.53,0.0,1.76,9,0,False,,2.0,5.0,14.0,3.0,4.0,,1.0,2.0,,1.0,,1.0,,,,,,,
51413,Walter,2305,MIR,1,Goleiro,7,6.78,0.48,3.46,22,0,True,,3.0,,,,2.0,,,2.0,,,,1.0,77.0,31.0,,,,,
124369,Léo Aragão,283,CRU,1,Goleiro,6,2.0,0.0,0.0,0,0,False,,,,,,,,,,,,,,,,,,,,
105901,Edson Fernando,364,REM,4,Meia,3,1.76,0.0,-1.05,2,0,False,,,1.0,2.0,,,,,,,,,,,,1.0,,,,
99267,Pochettino,287,VIT,4,Meia,6,4.54,-0.46,2.1,9,0,True,,,6.0,2.0,3.0,3.0,,,,,3.0,,,,,,1.0,,,
128177,Pedro Emanuel,267,VAS,6,Técnico,7,10.74,-0.59,6.42,9,0,True,,,,,,,,,,4.0,,,,,,,,,,
106199,Gabriel Pec,283,CRU,5,Atacante,5,7.94,0.0,4.1,1,0,False,,,1.0,1.0,1.0,2.0,,1.0,,,1.0,,,,,,,,,
141763,Fabiano Souza,287,VIT,2,Lateral,5,3.85,0.0,0.23,3,0,False,,1.0,2.0,2.0,1.0,3.0,,,,,,,,,,,,1.0,,
101995,Brítez,287,VIT,3,Zagueiro,6,4.55,0.0,2.4,8,0,False,,2.0,6.0,6.0,1.0,4.0,,,2.0,,1.0,,,,,,,,,
103562,Guido Herrera,265,BAH,1,Goleiro,6,6.0,0.0,0.0,0,0,False,,,,,,,,,,,,,,,,,,,,
117061,Gabriel Knesowitsch,2305,MIR,3,Zagueiro,2,2.21,0.8,0.47,7,0,True,,2.0,2.0,5.0,1.0,,,,,,,,,,,,1.0,,,
103967,Bruno Santos,2305,MIR,5,Atacante,7,4.74,-0.06,3.86,10,0,True,,,4.0,11.0,8.0,9.0,2.0,6.0,,,3.0,,,,,,2.0,,,
113558,Bruninho,280,RBB,4,Meia,6,3.54,-0.46,0.0,1,0,True,,,,,,,,,,,,,,,,,,,,
112985,Peralta,283,CRU,4,Meia,5,4.0,0.0,0.0,0,0,False,,,,,,,,,,,,,,,,,,,,
109114,Matheus Nascimento,284,GRE,5,Atacante,5,4.01,0.0,1.2,1,0,False,,,,,,,,,,,1.0,,,,,,,,,
99034,Elias,2305,MIR,2,Lateral,6,3.41,0.0,1.8,1,0,False,,1.0,2.0,4.0,,2.0,,,,,,,,,,,,,,
91130,Fernandinho,2305,MIR,5,Atacante,6,3.53,0.0,1.79,7,0,False,,1.0,7.0,8.0,1.0,7.0,,1.0,,,1.0,,,,,,,,,
101352,Bruno Matias,315,CHA,4,Meia,6,3.0,0.17,1.81,10,0,True,,1.0,11.0,5.0,5.0,2.0,,,,,,,1.0,,,,,,,
122121,Túlio Eduardo,315,CHA,5,Atacante,7,6.32,-0.81,4.14,8,0,True,,1.0,2.0,17.0,6.0,6.0,3.0,4.0,,,4.0,,,,,,,,,
98333,Gabriel Batista,263,BOT,1,Goleiro,7,5.86,0.14,5.07,6,0,True,,,,,,,,,1.0,,,,,28.0,11.0,,,,,
151404,Lucas Emanuel,263,BOT,5,Atacante,6,1.45,0.0,1.4,1,0,False,,,,1.0,,1.0,,,,,1.0,,,,,,,,,
126996,Paulinho,267,VAS,2,Lateral,6,4.0,0.0,0.0,0,0,False,,,,,,,,,,,,,,,,,,,,
118806,Buta,276,SAO,2,Lateral,5,5.94,0.0,4.0,1,0,False,,,2.0,,,2.0,,,,,,,,,,,,,,
151405,Victor Hugo,263,BOT,4,Meia,6,1.0,0.0,0.0,0,0,False,,,,,,,,,,,,,,,,,,,,
124483,Lucas Monzón,263,BOT,3,Zagueiro,2,3.24,0.0,1.44,5,0,False,,2.0,4.0,5.0,,3.0,,,1.0,,1.0,,,,,,,1.0,,
146833,Cléber Lucas,263,BOT,1,Goleiro,6,1.0,0.0,0.0,0,0,False,,,,,,,,,,,,,,,,,,,,
151406,Herick,263,BOT,3,Zagueiro,6,1.0,0.0,0.0,0,0,False,,,,,,,,,,,,,,,,,,,,
91204,Warleson,263,BOT,1,Goleiro,6,6.12,0.0,5.67,3,0,False,,1.0,,,,4.0,,,1.0,,,,,10.0,2.0,,,,,
141339,Paulo Roberto,294,CFC,5,Atacante,6,4.66,0.28,3.48,8,0,True,1.0,2.0,6.0,4.0,,2.0,2.0,,,,,,,,,,,,,
146624,Heittor,275,PAL,5,Atacante,6,1.15,0.0,0.53,3,0,False,,,1.0,1.0,,1.0,,1.0,,,,,,,,,,,,
151436,Miguel Bilong,275,PAL,5,Atacante,6,2.0,0.0,0.0,0,0,False,,,,,,,,,,,,,,,,,,,,
91626,Paulinho,263,BOT,2,Lateral,6,3.83,0.0,-0.15,2,0,False,,,,1.0,,,,,,,,,,,,,,,,
150842,Gabriel Vinicius,285,INT,4,Meia,6,1.0,0.0,0.0,0,0,False,,,,,,,,,,,,,,,,,,,,
97450,Gustavo Mosquito,2305,MIR,5,Atacante,6,4.99,0.0,3.12,6,0,False,,,2.0,1.0,2.0,6.0,1.0,2.0,,,3.0,,,,,,,,,
131762,Isac,276,SAO,3,Zagueiro,6,1.0,0.0,0.0,0,0,False,,,,,,,,,,,,,,,,,,,,
146964,Filipe Sirio,285,INT,1,Goleiro,6,1.0,0.0,0.0,0,0,False,,,,,,,,,,,,,,,,,,,,
144424,Vitor Lamounier,283,CRU,1,Goleiro,6,2.0,0.0,0.0,0,0,False,,,,,,,,,,,,,,,,,,,,
93637,Bruno Tubarão,315,CHA,2,Lateral,7,3.14,-0.03,1.3,2,0,True,,1.0,2.0,2.0,,,,,,,1.0,,,,,,,,,
151412,Kássio,315,CHA,5,Atacante,6,1.49,0.0,1.5,1,0,False,,,1.0,,,,,,,,,,,,,,,,,
151440,Gutte,282,CAM,4,Meia,6,1.0,0.0,0.0,0,0,False,,,,,,,,,,,,,,,,,,,,
147468,Wellington,315,CHA,1,Goleiro,6,1.0,0.0,0.0,0,0,False,,,,,,,,,,,,,,,,,,,,
150841,Fabricio Prado,285,INT,5,Atacante,6,1.0,0.0,0.0,0,0,False,,,,,,,,,,,,,,,,,,,,
141160,Zé Lucas,283,CRU,4,Meia,2,6.75,1.88,3.3,8,0,True,,,9.0,7.0,1.0,10.0,1.0,,,,1.0,,,,,,,,,
144976,Domingos Andrade,263,BOT,4,Meia,6,5.04,0.0,1.5,1,0,False,,,1.0,,,,,,,,,,,,,,,,,
122670,Diego Caito,284,GRE,2,Lateral,5,6.68,0.0,4.55,6,0,False,,2.0,7.0,9.0,4.0,11.0,1.0,,,,4.0,,,,,,,,,
106950,Fernando,315,CHA,2,Lateral,3,3.61,0.01,1.64,9,0,True,,3.0,8.0,14.0,,10.0,,,1.0,,,,,,,,,,,
109461,Calebe,285,INT,4,Meia,6,4.65,0.0,0.83,3,0,False,,,,1.0,1.0,4.0,,,,,,,,,,,,,,
109097,Jovane Cabral,284,GRE,5,Atacante,5,6.44,0.0,2.92,5,0,False,1.0,,4.0,3.0,1.0,5.0,,,,,1.0,,,,,,,,,
114801,Danilo Pereira,263,BOT,5,Atacante,2,5.06,0.0,3.05,7,0,False,1.0,,3.0,4.0,5.0,4.0,,2.0,,,6.0,,,,,,,,,
95541,Gustavo Cazonatti,2305,MIR,4,Meia,5,3.42,0.0,2.33,6,0,False,,1.0,8.0,4.0,,6.0,,,,,1.0,,,,,,,,,
127871,Vargas,293,CAP,5,Atacante,7,9.34,0.07,5.79,7,0,True,3.0,,2.0,2.0,2.0,9.0,2.0,2.0,,,1.0,,,,,,,,,
151292,Felipe Morais,283,CRU,4,Meia,2,5.84,1.48,5.7,5,0,True,,2.0,9.0,10.0,4.0,8.0,1.0,,,,4.0,,,,,,,,,
117314,Thiago Borbas,282,CAM,5,Atacante,7,6.04,0.29,4.9,4,0,True,1.0,,2.0,5.0,2.0,7.0,1.0,,,,,,,,,,,,,
141344,Vitor Tissi,294,CFC,4,Meia,6,1.83,0.0,1.27,7,0,False,,1.0,5.0,2.0,,6.0,,,,,,,,,,,,,,
114323,Colidio,267,VAS,5,Atacante,7,11.51,0.31,8.57,7,0,True,1.0,1.0,5.0,7.0,9.0,15.0,3.0,1.0,,,10.0,,,,,,,,,
106313,Domingos Duarte,276,SAO,3,Zagueiro,5,8.02,0.0,6.06,5,0,False,,,11.0,4.0,2.0,2.0,,,2.0,,2.0,,,,,,,,,
147878,Alejandro,287,VIT,4,Meia,6,2.0,0.0,0.0,0,0,False,,,,,,,,,,,,,,,,,,,,
100596,Krovinovic,284,GRE,4,Meia,6,4.71,0.0,2.14,5,0,False,,,4.0,6.0,6.0,1.0,,,,,1.0,,,,,,,,,
117909,Wesley,283,CRU,5,Atacante,2,6.97,0.0,2.45,6,0,False,,2.0,2.0,2.0,2.0,7.0,1.0,,,,1.0,,,,,,,,,
147201,João Kempes,285,INT,4,Meia,6,2.0,0.0,0.0,0,0,False,,,,,,,,,,,,,,,,,,,,
142764,Franco Rossi,315,CHA,5,Atacante,6,3.12,-0.79,1.92,5,0,True,,,1.0,3.0,3.0,6.0,,,,,3.0,,,,,,,,,
130444,Rodrigo,315,CHA,5,Atacante,6,1.0,0.0,0.0,0,0,False,,,,,,,,,,,,,,,,,,,,
130121,João Costa,283,CRU,5,Atacante,6,3.85,0.0,1.48,6,0,False,,,3.0,8.0,2.0,1.0,,1.0,,,4.0,,,,,,,,,
107093,Luciano Juba,265,BAH,2,Lateral,7,10.48,-0.32,6.82,25,0,True,1.0,3.0,30.0,16.0,7.0,16.0,9.0,,7.0,,7.0,,,,,,1.0,,1.0,
151492,Marquinhos,280,RBB,2,Lateral,6,1.0,0.0,0.0,0,0,False,,,,,,,,,,,,,,,,,,,,
102255,Santiago Sosa,267,VAS,4,Meia,6,7.42,-0.52,3.96,7,0,True,,,17.0,17.0,4.0,,,1.0,,,1.0,,,,,,1.0,,,
86864,Marlon,364,REM,2,Lateral,7,6.18,-0.07,4.14,7,0,True,,1.0,17.0,5.0,2.0,4.0,,,,,2.0,,,,,,,,,
77510,Fred,282,CAM,4,Meia,6,6.66,-0.81,2.74,5,0,True,,1.0,4.0,9.0,4.0,14.0,,,,,1.0,,,,,,,,,
86777,Danilo Barbosa,284,GRE,4,Meia,7,3.76,-0.29,0.92,5,0,True,,,2.0,3.0,,5.0,,,,,,,,,,,,,,
124961,Castaño,282,CAM,4,Meia,7,4.06,-0.1,0.95,6,0,True,,2.0,5.0,5.0,,1.0,,,,,1.0,,,,,,,,,
87747,Yago Felipe,315,CHA,4,Meia,7,8.55,-0.09,5.5,7,0,True,1.0,2.0,18.0,16.0,2.0,9.0,,,,,6.0,,,,,,,,,
123795,Lucho Rodríguez,283,CRU,5,Atacante,6,6.2,-1.28,2.62,5,0,True,2.0,1.0,,2.0,,1.0,,,,,1.0,,,,,,1.0,,,
104649,Heitor,315,CHA,2,Lateral,5,8.3,0.0,7.05,4,0,False,1.0,,12.0,3.0,2.0,1.0,,,1.0,,,,1.0,,,,,,,
106843,Borrero,315,CHA,4,Meia,6,3.99,0.0,1.5,3,0,False,,,3.0,,,,,,,,,,,,,,,,,
85035,Sanabria,285,INT,5,Atacante,5,3.31,0.0,-0.17,4,0,False,,,,2.0,,,,1.0,,,,,,,,,,,,
107300,Alex Bruno,287,VIT,5,Atacante,6,3.49,0.0,0.65,2,0,False,,,,,1.0,1.0,,,,,,,,,,,,,,
138941,Bruno Duarte,267,VAS,5,Atacante,6,9.35,-0.77,7.68,4,0,True,2.0,,6.0,2.0,1.0,1.0,1.0,,,,,,,,,,1.0,,,
101237,Eliasson,285,INT,5,Atacante,6,2.56,0.0,0.1,5,0,False,,,,,,1.0,,,,,,,,,,,,,,
151600,Miguel Carvalho,315,CHA,4,Meia,6,3.92,-0.73,2.04,5,0,True,,,5.0,2.0,2.0,1.0,,,,,1.0,,,,,,,,,
145781,Bruno André,267,VAS,3,Zagueiro,6,1.0,0.0,0.0,0,0,False,,,,,,,,,,,,,,,,,,,,
140908,Bruno Bertinato,275,PAL,1,Goleiro,6,3.0,0.0,0.0,0,0,False,,,,,,,,,,,,,,,,,,,,
146814,Josmar,262,FLA,5,Atacante,6,2.0,0.0,0.0,0,0,False,,,,,,,,,,,,,,,,,,,,
151632,Lemos,282,CAM,3,Zagueiro,6,1.0,0.0,0.0,0,0,False,,,,,,,,,,,,,,,,,,,,
151289,Kelvin,283,CRU,3,Zagueiro,6,1.0,0.0,0.0,0,0,False,,,,,,,,,,,,,,,,,,,,
141335,Lucas Crepaldi,294,CFC,5,Atacante,6,1.0,0.0,0.0,0,0,False,,,,,,,,,,,,,,,,,,,,
111412,Arthur Chaves,263,BOT,3,Zagueiro,2,5.5,-0.5,0.5,1,0,True,,,,,,1.0,,,,,,,,,,,,,,
73992,Rodinei,277,SAN,2,Lateral,7,6.31,0.29,2.07,3,0,True,,1.0,4.0,7.0,1.0,5.0,,,,,,,,,,,,,,
122390,Rodrigo Gelado,294,CFC,2,Lateral,6,1.76,0.0,0.0,1,0,False,,,,,,,,,,,,,,,,,,,,
151742,André Lucas,275,PAL,2,Lateral,6,1.0,0.0,0.0,0,0,False,,,,,,,,,,,,,,,,,,,,
130252,Euder,267,VAS,4,Meia,6,1.0,0.0,0.0,0,0,False,,,,,,,,,,,,,,,,,,,,
108602,Valencia,262,FLA,5,Atacante,6,5.91,0.0,1.5,1,0,False,,,1.0,,,,,,,,,,,,,,,,,
141954,Khensane,294,CFC,4,Meia,6,1.0,0.0,0.0,0,0,False,,,,,,,,,,,,,,,,,,,,
140167,Luizinho,264,COR,5,Atacante,6,1.0,0.0,0.0,0,0,False,,,,,,,,,,,,,,,,,,,,
124552,Lescano,267,VAS,4,Meia,7,11.44,0.7,9.8,3,0,True,,,8.0,3.0,1.0,1.0,2.0,,,,,1.0,,,,,,,,
99520,Ziyech,263,BOT,4,Meia,7,8.39,-0.88,1.1,2,0,True,,,,1.0,1.0,1.0,,,,,1.0,,,,,,,,,
149807,Wanderson,287,VIT,2,Lateral,6,1.0,0.0,0.0,0,0,False,,,,,,,,,,,,,,,,,,,,
150251,Joaquín Freitas,262,FLA,5,Atacante,6,4.37,0.0,2.57,3,0,False,1.0,,1.0,1.0,,3.0,,,,,,,,,,,,,,
148439,Darlan Dutra,287,VIT,3,Zagueiro,6,1.0,0.0,0.0,0,0,False,,,,,,,,,,,,,,,,,,,,
151825,Gabriel Ibson,294,CFC,3,Zagueiro,6,1.0,0.0,0.0,0,0,False,,,,,,,,,,,,,,,,,,,,
130525,Pedro Lima,276,SAO,2,Lateral,7,7.76,0.49,7.7,2,0,True,,,6.0,3.0,1.0,3.0,,,1.0,,,,,,,,,,,
123433,Rosivan,315,CHA,4,Meia,6,2.0,0.0,0.0,0,0,False,,,,,,,,,,,,,,,,,,,,
131454,Athos,284,GRE,3,Zagueiro,6,1.0,0.0,0.0,0,0,False,,,,,,,,,,,,,,,,,,,,
80076,Zé Roberto,2305,MIR,5,Atacante,6,4.06,0.0,1.4,1,0,False,,,,1.0,,1.0,,,,,1.0,,,,,,,,,
127628,Lautaro López,265,BAH,4,Meia,6,4.0,0.0,0.0,0,0,False,,,,,,,,,,,,,,,,,,,,
104387,Gabriel Pereira,267,VAS,3,Zagueiro,6,5.0,0.0,0.0,0,0,False,,,,,,,,,,,,,,,,,,,,
117926,Nicolás Fonseca,294,CFC,4,Meia,6,4.08,-0.23,-0.85,2,0,True,,1.0,1.0,4.0,,,,,,,,,1.0,,,,,,,
87211,Eduardo Baptista,285,INT,6,Técnico,7,9.09,1.91,7.22,1,0,True,,,,,,,,,,1.0,,,,,,,,,,
98974,Viña,283,CRU,2,Lateral,6,8.6,3.6,11.0,1,0,True,,,4.0,,,,,,1.0,,,,,,,,,,,
151347,Ruan Sales,266,FLU,4,Meia,6,2.0,0.0,0.0,0,0,False,,,,,,,,,,,,,,,,,,,,
146985,Yago Melo,264,COR,3,Zagueiro,6,1.0,0.0,0.0,0,0,False,,,,,,,,,,,,,,,,,,,,
97133,Dudu,315,CHA,2,Lateral,5,5.98,0.0,6.5,1,0,False,1.0,,1.0,,,,,,,,,,,,,,,,,
106147,Thiago Carpini,364,REM,6,Técnico,7,8.83,0.36,4.65,2,0,True,,,,,,,,,,,,,,,,,,,,
130454,Samuel,282,CAM,3,Zagueiro,6,1.0,0.0,0.0,0,0,False,,,,,,,,,,,,,,,,,,,,
116825,Jhonny,266,FLU,2,Lateral,6,1.0,0.0,0.0,0,0,False,,,,,,,,,,,,,,,,,,,,
141608,Pedro Bezerra,276,SAO,4,Meia,6,1.0,0.0,0.0,0,0,False,,,,,,,,,,,,,,,,,,,,
149175,Andrés González,364,REM,5,Atacante,6,1.0,0.0,0.0,0,0,False,,,,,,,,,,,,,,,,,,,,
125468,William Batista,264,COR,6,Técnico,7,9.02,0.0,0.0,0,0,False,,,,,,,,,,,,,,,,,,,,
152259,João Borne,284,GRE,4,Meia,6,1.0,0.0,0.0,0,0,False,,,,,,,,,,,,,,,,,,,,
141610,João Pedro,276,SAO,1,Goleiro,6,1.0,0.0,0.0,0,0,False,,,,,,,,,,,,,,,,,,,,
123445,Dantas,293,CAP,3,Zagueiro,6,4.84,0.0,2.52,5,0,False,1.0,1.0,6.0,7.0,,1.0,,,,,1.0,,,,,,,,,
152260,Emanuel,284,GRE,2,Lateral,6,1.0,0.0,0.0,0,0,False,,,,,,,,,,,,,,,,,,,,
152258,Gustavo Inácio,283,CRU,3,Zagueiro,6,1.0,0.0,0.0,0,0,False,,,,,,,,,,,,,,,,,,,,
132733,Fabiano,275,PAL,5,Atacante,6,1.0,0.0,0.0,0,0,False,,,,,,,,,,,,,,,,,,,,
109573,Martinelli,266,FLU,4,Meia,7,5.27,-1.38,2.68,20,0,True,3.0,5.0,21.0,31.0,9.0,14.0,,,,,6.0,,,,,,,,,
97810,Erick,287,VIT,5,Atacante,7,9.75,1.61,4.67,24,0,True,5.0,2.0,6.0,12.0,11.0,43.0,5.0,2.0,,,8.0,1.0,,,,,1.0,,,
116128,Gabriel Werner,315,CHA,1,Goleiro,6,2.0,0.0,0.0,0,0,False,,,,,,,,,,,,,,,,,,,,
152261,Guilherme Pires,282,CAM,1,Goleiro,6,1.0,0.0,0.0,0,0,False,,,,,,,,,,,,,,,,,,,,
132553,Jemmes,266,FLU,3,Zagueiro,6,6.22,0.0,3.26,18,0,False,1.0,3.0,26.0,13.0,3.0,9.0,,1.0,3.0,,,,,,,,,,,
106593,Villalba,283,CRU,3,Zagueiro,6,7.31,0.0,3.19,15,0,False,2.0,2.0,12.0,16.0,2.0,4.0,1.0,1.0,3.0,,1.0,,1.0,,,,,,,
73476,Marcão,266,FLU,6,Técnico,7,13.01,0.72,7.96,7,0,True,,,,,,,,,,5.0,,,,,,,,,,
68685,Alan Patrick,285,INT,4,Meia,7,9.22,2.0,4.4,24,0,True,2.0,1.0,18.0,11.0,14.0,39.0,5.0,1.0,,,2.0,,,,,,,,,
92171,Arthur Cabral,263,BOT,5,Atacante,7,9.19,-0.29,5.44,21,0,True,1.0,3.0,15.0,33.0,22.0,25.0,7.0,3.0,,,14.0,,,,,1.0,,,,
103056,Gabriel Brazão,277,SAN,1,Goleiro,5,5.21,0.0,2.81,22,0,False,,5.0,,,,4.0,,,5.0,,1.0,,1.0,56.0,33.0,,,,,
68928,Rafael,276,SAO,1,Goleiro,7,7.68,0.0,3.37,26,0,False,,1.0,,,,4.0,,,6.0,,,,,65.0,28.0,,,,,
72294,Everson,282,CAM,1,Goleiro,5,9.67,0.0,4.58,23,0,False,1.0,,,1.0,,8.0,,,6.0,,,,,72.0,27.0,,,,,
104758,Enzo Díaz,276,SAO,2,Lateral,6,9.04,0.0,3.9,13,0,False,1.0,7.0,28.0,23.0,3.0,16.0,,2.0,1.0,,2.0,,,,,,,,,
105949,Rochet,285,INT,1,Goleiro,6,6.28,0.0,3.33,11,0,False,,1.0,3.0,,,1.0,,,3.0,,,,,22.0,11.0,,,,,
68899,Philippe Coutinho,277,SAN,4,Meia,2,12.65,-0.56,6.8,4,0,True,,,2.0,1.0,6.0,3.0,1.0,,,,6.0,,,,,,1.0,,,
87008,Léo Jardim,267,VAS,1,Goleiro,7,5.71,-0.78,2.79,27,0,True,,1.0,1.0,1.0,,3.0,,,3.0,,,,,77.0,41.0,,,,,
69012,Santos,293,CAP,1,Goleiro,6,7.97,0.0,4.21,22,0,False,,2.0,,,,4.0,,,7.0,,,,,62.0,23.0,,,,,
100898,Vitinho,263,BOT,2,Lateral,2,8.84,-0.19,4.74,23,0,True,2.0,3.0,47.0,24.0,4.0,17.0,1.0,2.0,3.0,,1.0,,,,,,1.0,,,
96591,Renan Lodi,282,CAM,2,Lateral,6,9.6,0.31,4.91,24,0,True,3.0,4.0,27.0,37.0,16.0,51.0,,6.0,6.0,,7.0,1.0,,,,1.0,1.0,,,
63007,Neymar,277,SAN,4,Meia,6,20.23,1.33,10.24,13,0,True,2.0,8.0,10.0,19.0,18.0,51.0,8.0,8.0,,,13.0,,,,,,1.0,,,
42234,Cássio,283,CRU,1,Goleiro,6,6.89,0.0,1.32,5,0,False,,,,,,2.0,,,,,,,,12.0,10.0,,,,,
37656,Fábio,266,FLU,1,Goleiro,7,9.23,-0.2,4.6,28,0,True,,1.0,,,,7.0,,,6.0,,,,2.0,103.0,35.0,,,,,
101727,Matheuzinho,264,COR,2,Lateral,7,11.07,0.44,6.22,23,0,True,2.0,4.0,57.0,26.0,9.0,17.0,1.0,6.0,7.0,,4.0,,,,,1.0,1.0,1.0,,
61987,Alex Sandro,262,FLA,2,Lateral,7,7.41,-0.3,2.91,18,0,True,,4.0,17.0,25.0,1.0,15.0,,1.0,6.0,,,,,,,,,,,
105436,Carrascal,262,FLA,4,Meia,7,11.99,0.49,6.61,21,0,True,7.0,2.0,29.0,12.0,13.0,26.0,4.0,2.0,,,9.0,,,,,2.0,2.0,,,
80196,Yago Pikachu,364,REM,4,Meia,7,5.18,-0.16,2.46,28,0,True,2.0,2.0,14.0,11.0,6.0,22.0,3.0,1.0,,,8.0,1.0,,,,1.0,,,1.0,
99274,Alexander Barboza,275,PAL,3,Zagueiro,2,11.86,1.5,5.89,18,0,True,3.0,6.0,41.0,30.0,7.0,2.0,1.0,,6.0,,5.0,,,,,2.0,,,,
85425,João Paulo,277,SAN,1,Goleiro,6,6.94,0.0,-0.35,2,0,False,,2.0,,,,1.0,,,,,,,,6.0,7.0,,,,,
80313,Gilberto,293,CAP,2,Lateral,7,7.5,0.81,4.5,15,0,True,2.0,,21.0,6.0,3.0,3.0,,1.0,3.0,,5.0,,,,,,1.0,,,
109401,Erick Pulga,265,BAH,5,Atacante,7,7.5,-0.88,4.64,27,0,True,2.0,5.0,26.0,26.0,10.0,51.0,4.0,14.0,,,14.0,3.0,1.0,,,,2.0,,,
97868,Iago,276,SAO,2,Lateral,7,6.24,0.0,4.54,10,0,False,,,10.0,8.0,1.0,7.0,1.0,,3.0,,2.0,,,,,,1.0,,,
123717,Zé Guilherme,265,BAH,2,Lateral,6,4.29,0.0,2.88,5,0,False,,2.0,6.0,4.0,2.0,4.0,,,1.0,,,,,,,,,,,
113397,Cristian Olivera,265,BAH,5,Atacante,7,6.89,-1.21,3.93,21,0,True,2.0,3.0,17.0,14.0,8.0,39.0,1.0,7.0,,,15.0,,,,,,1.0,,,
68996,Willian José,265,BAH,5,Atacante,6,7.04,0.04,2.28,22,0,True,2.0,,3.0,12.0,8.0,6.0,3.0,,,,5.0,1.0,,,,,1.0,,1.0,
90768,Fabrício Bruno,283,CRU,3,Zagueiro,5,5.48,0.0,1.81,24,0,False,,8.0,19.0,14.0,4.0,6.0,,,4.0,,4.0,,1.0,,,,,1.0,,
91772,David Duarte,265,BAH,3,Zagueiro,7,5.63,-0.7,3.74,21,0,True,,4.0,24.0,17.0,5.0,8.0,3.0,2.0,3.0,,4.0,,,,,,1.0,1.0,,
91101,Ronaldo,265,BAH,1,Goleiro,7,9.02,1.01,5.4,19,0,True,,2.0,1.0,,,1.0,,,6.0,,,,,69.0,17.0,,,,,
98517,Jean Lucas,265,BAH,4,Meia,7,9.11,0.26,5.26,24,0,True,3.0,4.0,43.0,37.0,12.0,21.0,4.0,1.0,,,3.0,,,,,,2.0,,,
104783,Acevedo,265,BAH,4,Meia,3,6.78,-0.77,4.88,26,0,True,1.0,9.0,70.0,54.0,6.0,32.0,1.0,,,,6.0,,,,,,2.0,,,
98022,Erick,265,BAH,4,Meia,6,6.33,-0.37,4.39,21,0,True,,6.0,32.0,23.0,8.0,19.0,4.0,1.0,,,3.0,,,,,,2.0,,,
123360,Cauly,276,SAO,4,Meia,6,6.41,0.0,2.95,15,0,False,,,16.0,14.0,6.0,14.0,1.0,,,,4.0,,,,,,,,,
98484,Kanu,265,BAH,3,Zagueiro,2,2.65,-0.49,0.68,6,0,True,,2.0,1.0,8.0,,2.0,,2.0,1.0,,1.0,,,,,,,,,
106323,Caio Alexandre,265,BAH,4,Meia,7,3.35,-0.11,0.97,18,0,True,,1.0,10.0,14.0,1.0,14.0,,,,,,,,,,,,,,
72493,Alex Telles,263,BOT,2,Lateral,7,10.38,1.73,4.59,22,0,True,4.0,4.0,25.0,23.0,11.0,9.0,4.0,,2.0,,,,1.0,,,,,,,
106822,Rodrigo Nestor,265,BAH,4,Meia,7,5.7,-0.34,3.85,21,0,True,4.0,5.0,25.0,26.0,24.0,12.0,,1.0,,,9.0,,,,,,,,,
97341,Rogério Ceni,265,BAH,6,Técnico,7,9.94,-0.29,5.59,28,0,True,,,,,,,,,,11.0,,,,,,,,,,
101314,Ademir,265,BAH,5,Atacante,6,5.27,0.22,2.19,26,0,True,1.0,3.0,16.0,19.0,7.0,29.0,1.0,6.0,,,6.0,2.0,,,,,,,,
122994,Victor Nascimento,265,BAH,1,Goleiro,6,1.0,0.0,0.0,0,0,False,,,,,,,,,,,,,,,,,,,,
111831,Matheus Martins,263,BOT,5,Atacante,7,7.16,0.47,4.19,19,0,True,,1.0,12.0,10.0,8.0,22.0,4.0,,,,11.0,,,,,,1.0,,,
145379,Kauê Furquim,265,BAH,5,Atacante,6,2.15,0.0,1.35,6,0,False,,1.0,4.0,3.0,,8.0,,,,,,,,,,,,,,
107173,Michel Araújo,265,BAH,4,Meia,6,2.37,0.0,0.98,18,0,False,1.0,1.0,8.0,15.0,5.0,6.0,,3.0,,,2.0,,,,,1.0,,,,
124481,Mateo Ponte,263,BOT,2,Lateral,2,5.27,-0.11,3.15,11,0,True,1.0,3.0,12.0,6.0,,7.0,,1.0,2.0,,,,,,,,1.0,,,
107231,Danilo,263,BOT,4,Meia,7,13.4,0.4,6.88,20,0,True,2.0,1.0,33.0,11.0,12.0,13.0,7.0,,,,6.0,,,,,,1.0,,,
97468,Marçal,263,BOT,2,Lateral,6,7.03,0.0,3.33,7,0,False,,3.0,8.0,13.0,2.0,2.0,,,3.0,,3.0,,,,,1.0,,,,
141419,Fredi Lippert,265,BAH,3,Zagueiro,6,2.0,0.0,0.0,0,0,False,,,,,,,,,,,,,,,,,,,,
129663,Ruan Pablo,265,BAH,5,Atacante,6,1.44,0.0,0.17,3,0,False,,,,1.0,1.0,,,,,,,,,,,,,,,
111829,Kayky,285,INT,5,Atacante,5,3.63,0.0,1.27,6,0,False,,,2.0,,,2.0,,,,,3.0,,,,,,,,,
69140,Allan,263,BOT,4,Meia,6,4.5,0.0,2.05,11,0,False,,3.0,16.0,11.0,3.0,5.0,,,,,,,,,,,,,,
142890,Montoro,263,BOT,4,Meia,6,6.52,0.0,2.67,22,0,False,3.0,5.0,13.0,17.0,6.0,26.0,,,,,9.0,,,,,,2.0,,,
95799,Artur,276,SAO,5,Atacante,7,8.83,0.18,5.02,23,0,True,3.0,1.0,19.0,9.0,19.0,31.0,3.0,2.0,,,17.0,1.0,,,,,,,,
117910,Breno Bidon,264,COR,4,Meia,7,8.05,-0.18,3.47,26,0,True,1.0,5.0,28.0,35.0,8.0,61.0,2.0,2.0,,,2.0,,,,,,1.0,,,
136955,Sanabria,265,BAH,5,Atacante,6,5.33,-0.11,2.51,15,0,True,1.0,2.0,5.0,10.0,8.0,11.0,2.0,2.0,,,2.0,,,,,,,,,
98672,Savarino,266,FLU,4,Meia,6,12.44,3.46,5.65,20,0,True,2.0,2.0,8.0,6.0,16.0,16.0,6.0,6.0,,,12.0,,,,,,4.0,,,
129930,Cristhian Loor,263,BOT,1,Goleiro,6,2.0,0.0,0.0,0,0,False,,,,,,,,,,,,,,,,,,,,
94968,Juninho Capixaba,280,RBB,2,Lateral,7,11.82,-0.87,6.7,24,0,True,2.0,12.0,51.0,46.0,12.0,32.0,3.0,2.0,8.0,,5.0,,1.0,,,,2.0,,,
39850,Vagner Mancini,280,RBB,6,Técnico,7,8.39,0.15,5.31,27,0,True,,,,,,,,,,10.0,,,,,,,,,,
70360,Eduardo Sasha,280,RBB,5,Atacante,7,5.37,1.46,1.49,19,0,True,,1.0,6.0,4.0,8.0,14.0,1.0,3.0,,,7.0,,,,,,,,2.0,
100848,Luan Cândido,287,VIT,2,Lateral,7,6.37,0.34,3.68,18,0,True,2.0,2.0,17.0,15.0,4.0,6.0,,6.0,6.0,,3.0,1.0,,,,1.0,,,,
93882,Cleiton,280,RBB,1,Goleiro,6,5.9,0.0,2.24,8,0,False,,1.0,,,,,,,2.0,,,,,13.0,8.0,,,,,
100695,Fernando,280,RBB,5,Atacante,7,6.29,0.59,5.21,14,0,True,1.0,2.0,16.0,8.0,10.0,13.0,3.0,3.0,,,6.0,,,,,,1.0,,,
142877,Villalba,263,BOT,5,Atacante,6,3.76,0.0,1.53,14,0,False,,2.0,9.0,6.0,2.0,2.0,1.0,,,,1.0,,,,,,,,,
142484,Barrera,263,BOT,4,Meia,5,4.93,0.0,2.46,11,0,False,,,5.0,9.0,2.0,5.0,1.0,,,,6.0,,,,,,1.0,,,
94067,Matheus Fernandes,280,RBB,4,Meia,6,4.54,0.0,2.78,14,0,False,1.0,2.0,19.0,14.0,10.0,5.0,,1.0,,,1.0,,,,,,,,,
78605,Gabriel,280,RBB,4,Meia,6,5.28,0.0,3.08,18,0,False,,5.0,25.0,15.0,3.0,8.0,2.0,,,,5.0,,1.0,,,,,,,
146375,Kadir,263,BOT,5,Atacante,6,3.82,-0.33,1.88,13,0,True,1.0,2.0,6.0,18.0,10.0,8.0,,1.0,,,5.0,,,,,,,,,
104693,Newton,276,SAO,4,Meia,6,4.18,-0.36,1.95,11,0,True,,2.0,12.0,7.0,3.0,8.0,,,,,1.0,,,,,,,,,
110750,Gustavo Marques,280,RBB,3,Zagueiro,7,7.21,0.4,4.42,24,0,True,,3.0,30.0,20.0,8.0,17.0,1.0,1.0,8.0,,6.0,,,,,,,,,
105213,Sant'Anna,280,RBB,2,Lateral,6,8.56,0.0,5.61,12,0,False,2.0,4.0,16.0,11.0,4.0,6.0,,3.0,6.0,,4.0,,,,,,,,,
110715,Andrés Hurtado,280,RBB,2,Lateral,6,5.23,0.0,3.35,16,0,False,,2.0,13.0,10.0,7.0,6.0,1.0,,4.0,,2.0,,,,,,,,,
143072,Gabriel Abdias,263,BOT,2,Lateral,6,3.0,0.0,0.0,0,0,False,,,,,,,,,,,,,,,,,,,,
108133,Isidro Pitta,280,RBB,5,Atacante,6,4.81,-0.07,3.12,25,0,True,2.0,3.0,2.0,28.0,27.0,13.0,5.0,13.0,,,8.0,1.0,,,,,1.0,,1.0,
103295,Eric Ramires,280,RBB,4,Meia,7,2.32,0.16,0.68,19,0,True,,2.0,7.0,13.0,3.0,10.0,,,,,,1.0,,,,,,,,
111246,Alix Vinicius,280,RBB,3,Zagueiro,7,5.08,0.0,2.81,19,0,False,,5.0,17.0,31.0,4.0,9.0,,,7.0,,2.0,,,,,1.0,,,,
107236,Vanderlan,280,RBB,2,Lateral,6,4.23,0.0,0.6,2,0,False,,1.0,1.0,1.0,,,,,,,,,,,,,,,,
104588,Fabrício,280,RBB,1,Goleiro,6,2.0,0.0,0.0,0,0,False,,,,,,,,,,,,,,,,,,,,
112886,Lucas Barbosa,280,RBB,5,Atacante,7,9.57,-0.3,6.18,25,0,True,2.0,5.0,34.0,41.0,28.0,43.0,5.0,7.0,,,18.0,,,,,,2.0,,,
106434,Eduardo Santos,280,RBB,3,Zagueiro,6,3.6,0.0,1.05,4,0,False,,,1.0,1.0,,,,,,,,,,,,,1.0,,,
113157,Nathan Mendes,287,VIT,2,Lateral,6,7.52,0.0,5.02,12,0,False,1.0,3.0,21.0,14.0,1.0,10.0,,,5.0,,,,,,,,,,,
103014,Laquintana,287,VIT,5,Atacante,6,3.92,-0.08,1.0,1,0,True,,,,1.0,1.0,1.0,,,,,,,,,,,,,,
122394,Gustavinho,280,RBB,4,Meia,6,5.32,0.0,2.46,18,0,False,2.0,1.0,15.0,15.0,2.0,6.0,1.0,,,,4.0,,,,,,,,,
111760,Fabinho,280,RBB,4,Meia,6,2.85,0.0,1.29,11,0,False,,,11.0,15.0,1.0,9.0,,,,,,,,,,1.0,,,,
72605,Vitor Hugo,282,CAM,3,Zagueiro,7,5.88,0.0,3.15,14,0,False,,2.0,5.0,7.0,2.0,4.0,2.0,1.0,4.0,,1.0,,,,,,,,,
124239,Henry Mosquera,280,RBB,5,Atacante,5,5.11,0.0,3.3,20,0,False,4.0,4.0,15.0,21.0,15.0,16.0,,6.0,,,12.0,,,,,,,,,
68920,Dudu,282,CAM,5,Atacante,6,5.77,0.0,2.24,17,0,False,,,3.0,3.0,5.0,12.0,2.0,,,,7.0,,,,,,,,,
91607,Rony,277,SAN,5,Atacante,6,5.84,-1.17,2.84,21,0,True,,4.0,23.0,26.0,13.0,32.0,1.0,9.0,,,3.0,,,,,,,,,
107744,Praxedes,280,RBB,4,Meia,6,4.0,0.0,0.0,0,0,False,,,,,,,,,,,,,,,,,,,,
39656,Alan Franco,282,CAM,4,Meia,7,4.58,0.0,1.95,20,0,False,1.0,5.0,25.0,27.0,3.0,8.0,,2.0,,,3.0,,,,,,,,,
122897,Guzmán Rodríguez,280,RBB,3,Zagueiro,6,4.94,-0.64,1.0,3,0,True,,1.0,2.0,,,,,,,,,,,,,,,,,
98909,Cuello,282,CAM,5,Atacante,3,9.41,-0.5,6.5,24,0,True,2.0,3.0,35.0,22.0,24.0,37.0,5.0,17.0,,,10.0,,,,,,5.0,,,
100084,Igor Gomes,282,CAM,4,Meia,7,4.47,-0.04,1.82,10,0,True,1.0,1.0,3.0,6.0,,5.0,1.0,1.0,,,1.0,,,,,,,,,
92087,Lyanco,282,CAM,3,Zagueiro,6,8.7,0.9,3.58,10,0,True,,2.0,10.0,12.0,3.0,8.0,1.0,,3.0,,,,,,,1.0,,,,
87999,Gustavo Scarpa,282,CAM,4,Meia,5,6.41,0.0,2.88,13,0,False,1.0,,6.0,3.0,7.0,6.0,1.0,1.0,,,4.0,,,,,,1.0,,,
140906,Davi Gomes,280,RBB,5,Atacante,5,5.19,0.0,4.25,2,0,False,,,1.0,,2.0,,,,,,2.0,,,,,,1.0,,,
132274,Ignacio Sosa,280,RBB,4,Meia,6,4.44,0.0,1.91,16,0,False,,5.0,14.0,17.0,1.0,19.0,1.0,,,,1.0,,,,,,,,,
132580,Vinicinho,280,RBB,5,Atacante,6,3.87,-0.05,2.13,15,0,True,,,11.0,4.0,4.0,20.0,,1.0,,,3.0,,,,,,,,,
100842,Ruan,282,CAM,3,Zagueiro,5,6.2,0.0,3.7,20,0,False,,7.0,26.0,17.0,2.0,14.0,2.0,1.0,4.0,,2.0,,,,,,,,,
103767,Gabriel Menino,277,SAN,4,Meia,6,8.53,0.0,4.99,10,0,False,,2.0,19.0,6.0,4.0,14.0,1.0,1.0,,,6.0,,,,,,,,,
101002,Júnior Santos,263,BOT,5,Atacante,6,4.34,0.48,1.86,15,0,True,,1.0,4.0,12.0,9.0,11.0,1.0,6.0,,,3.0,,,,,,1.0,,,
122755,Lucas Cunha,280,RBB,3,Zagueiro,6,3.0,0.0,0.0,0,0,False,,,,,,,,,,,,,,,,,,,,
72460,Bernard,282,CAM,4,Meia,6,6.34,0.83,3.5,24,0,True,4.0,,18.0,16.0,7.0,19.0,3.0,3.0,,,3.0,,,,,,,,,
105068,Reinier,282,CAM,4,Meia,6,5.49,-1.54,4.2,20,0,True,2.0,1.0,15.0,10.0,6.0,10.0,4.0,,,,9.0,,,,,,1.0,,,
115674,Gabriel Delfim,282,CAM,1,Goleiro,7,3.89,1.8,2.6,5,0,True,,,,,,1.0,,,,,,,,15.0,7.0,,,,,
107554,Natanael,282,CAM,2,Lateral,7,8.79,-0.75,5.19,19,0,True,2.0,,37.0,17.0,6.0,32.0,,4.0,3.0,,5.0,,,,,1.0,,,,
122990,Patrick,280,RBB,4,Meia,7,3.84,-0.16,0.8,1,0,True,,,,,1.0,,,,,,,,,,,,,,,
78248,Gustavo Henrique,264,COR,3,Zagueiro,7,8.13,-1.33,4.22,23,0,True,1.0,4.0,19.0,19.0,11.0,9.0,2.0,1.0,7.0,,8.0,,1.0,,,,,,,
78435,Vitinho,264,COR,5,Atacante,6,5.08,0.02,2.45,8,0,True,1.0,,5.0,6.0,5.0,5.0,,,,,2.0,,,,,,,,,
92440,André Ramalho,264,COR,3,Zagueiro,6,5.73,0.0,2.55,6,0,False,,4.0,4.0,5.0,1.0,8.0,,,2.0,,,,,,,,,,,
95556,Raniele,264,COR,4,Meia,7,7.36,-0.83,4.39,23,0,True,,6.0,46.0,33.0,13.0,33.0,2.0,1.0,,,2.0,,,,,,1.0,,,
40990,Dorival Júnior,276,SAO,6,Técnico,7,9.18,-0.6,4.6,21,0,True,,,,,,,,,,4.0,,,,,,,,,,
85048,Memphis Depay,264,COR,5,Atacante,7,9.33,0.6,2.67,12,0,True,,1.0,2.0,5.0,7.0,16.0,1.0,2.0,,,6.0,,,,,,1.0,,,
118774,Alexsander,282,CAM,4,Meia,6,5.78,0.0,2.48,8,0,False,,1.0,8.0,5.0,1.0,6.0,,1.0,,,3.0,,,,,,1.0,,,
105647,Maurício,275,PAL,4,Meia,6,7.29,0.0,4.56,24,0,False,1.0,2.0,15.0,17.0,12.0,19.0,7.0,2.0,,,12.0,,,,,,,,,
101574,Hugo Souza,264,COR,1,Goleiro,7,8.87,0.46,4.11,24,0,True,,2.0,1.0,,,1.0,,,8.0,,,,1.0,61.0,27.0,,,,,1.0
105531,Matheus Bidu,264,COR,2,Lateral,7,12.34,0.21,7.2,22,0,True,1.0,4.0,46.0,27.0,11.0,58.0,3.0,7.0,7.0,,1.0,,1.0,,,,,,,
77485,Carrillo,264,COR,4,Meia,6,4.35,0.0,1.53,20,0,False,1.0,4.0,20.0,29.0,6.0,8.0,,3.0,,,,,,,,,,,,
98720,Angileri,264,COR,2,Lateral,6,5.32,0.0,4.09,10,0,False,,3.0,11.0,6.0,4.0,6.0,1.0,,3.0,,,,,,,,,,,
102340,Cacá,287,VIT,3,Zagueiro,7,5.52,0.21,2.59,20,0,True,,5.0,9.0,12.0,6.0,4.0,1.0,,7.0,,1.0,,1.0,,,1.0,,,,
117632,Garro,264,COR,4,Meia,3,10.22,-0.14,4.83,26,0,True,6.0,9.0,18.0,28.0,14.0,73.0,2.0,2.0,,,14.0,,,,,,2.0,,,
96342,Charles,264,COR,4,Meia,6,4.49,0.0,2.25,4,0,False,,1.0,6.0,3.0,,4.0,,1.0,,,,,,,,,,,,
121824,Kayke,264,COR,5,Atacante,5,3.64,0.0,1.65,6,0,False,,,5.0,1.0,,3.0,,,,,1.0,,,,,,,,,
125488,João Pedro,264,COR,3,Zagueiro,6,6.91,0.0,4.12,5,0,False,,1.0,4.0,3.0,1.0,3.0,1.0,,1.0,,1.0,,,,,,,,,
97642,Félix Torres,285,INT,3,Zagueiro,6,5.18,0.0,3.75,19,0,False,,3.0,28.0,16.0,5.0,6.0,1.0,1.0,4.0,,2.0,,,,,,,,,
98225,Pedro Raul,264,COR,5,Atacante,6,2.94,0.07,1.13,15,0,True,,1.0,3.0,10.0,2.0,7.0,1.0,4.0,,,3.0,,,,,,,,,
133543,Gui Negão,264,COR,5,Atacante,6,3.27,-0.35,1.8,11,0,True,,1.0,6.0,6.0,3.0,4.0,1.0,,,,1.0,,,,,,,,,
145744,André,264,COR,4,Meia,7,7.77,1.76,4.39,18,0,True,2.0,2.0,23.0,19.0,9.0,15.0,4.0,,,,1.0,,,,,2.0,,,,
127242,Bahia,264,COR,4,Meia,6,2.0,0.0,0.0,0,0,False,,,,,,,,,,,,,,,,,,,,
131753,Felipe Longo,264,COR,1,Goleiro,6,2.0,0.0,0.0,0,0,False,,,,,,,,,,,,,,,,,,,,
107908,Hugo,264,COR,2,Lateral,6,4.0,0.0,0.0,0,0,False,,,,,,,,,,,,,,,,,,,,
42500,Fagner,283,CRU,2,Lateral,2,5.63,0.0,3.81,20,0,False,4.0,3.0,30.0,23.0,4.0,11.0,,,2.0,,2.0,,,,,,,,,
84558,Lucas Romero,283,CRU,4,Meia,2,8.04,-0.47,4.67,20,0,True,3.0,3.0,35.0,23.0,4.0,23.0,2.0,,,,5.0,,1.0,,,,,,,
91158,Kaio,263,BOT,3,Zagueiro,5,7.0,0.0,0.0,0,0,False,,,,,,,,,,,,,,,,,,,,
79701,Lucas Silva,283,CRU,4,Meia,6,3.22,0.0,0.36,17,0,False,,5.0,7.0,8.0,2.0,3.0,,,,,,,,,,,,,,
45125,Tite,263,BOT,6,Técnico,7,8.75,0.23,3.88,8,0,True,,,,,,,,,,,,,,,,,,,,
89275,William,283,CRU,2,Lateral,2,9.29,1.28,4.39,14,0,True,,1.0,27.0,17.0,3.0,6.0,,1.0,4.0,,4.0,,,,,1.0,,,,
96610,Matheus Pereira,283,CRU,4,Meia,7,14.46,-0.05,7.49,26,0,True,5.0,10.0,24.0,42.0,29.0,91.0,9.0,6.0,,,12.0,3.0,,,,,1.0,,1.0,
122396,Ryan,264,COR,4,Meia,6,3.0,0.0,0.0,0,0,False,,,,,,,,,,,,,,,,,,,,
111690,Matheus Cunha,285,INT,1,Goleiro,6,4.12,0.0,3.18,16,0,False,1.0,2.0,,,,3.0,,,6.0,,,,,28.0,20.0,,,,,
124912,Jonathan Jesus,283,CRU,3,Zagueiro,7,7.15,0.09,4.6,18,0,True,,4.0,41.0,19.0,8.0,7.0,,1.0,4.0,,1.0,,,,,,,,,
141995,Dieguinho,264,COR,4,Meia,6,3.19,0.0,1.43,15,0,False,,,6.0,2.0,2.0,5.0,1.0,1.0,,,1.0,,,,,,,,,
100742,Matheus Henrique,283,CRU,4,Meia,6,4.55,-0.05,2.02,26,0,True,1.0,3.0,24.0,17.0,8.0,26.0,,,,,1.0,,1.0,,,,,,,
105047,João Marcelo,283,CRU,3,Zagueiro,7,4.7,0.93,2.46,14,0,True,,2.0,11.0,14.0,1.0,11.0,1.0,1.0,2.0,,,,,,,,,,,
114405,Sinisterra,283,CRU,5,Atacante,5,5.85,0.0,3.27,8,0,False,,,8.0,8.0,7.0,1.0,1.0,,,,2.0,,,,,,,,,
88479,Walace,287,VIT,4,Meia,2,2.75,-0.24,1.08,7,0,True,,,3.0,5.0,3.0,2.0,,,,,1.0,,,,,,,,,
143600,Kauã Moraes,283,CRU,2,Lateral,6,6.81,0.0,4.83,10,0,False,1.0,2.0,10.0,14.0,1.0,13.0,2.0,,2.0,,1.0,,,,,,,,,
132264,Arroyo,283,CRU,5,Atacante,7,5.81,-2.61,4.15,24,0,True,3.0,4.0,15.0,21.0,16.0,28.0,4.0,2.0,,,14.0,,,,,1.0,,,,
69783,Danilo,262,FLA,3,Zagueiro,6,6.79,1.94,2.56,10,0,True,,,8.0,4.0,1.0,2.0,1.0,,1.0,,,,,,,1.0,1.0,,,
122660,Japa,2305,MIR,4,Meia,6,5.51,0.0,3.71,8,0,False,,,7.0,4.0,6.0,8.0,1.0,,,,3.0,,,,,,,,,
117404,Otávio,283,CRU,1,Goleiro,7,4.79,0.33,4.09,16,0,True,,2.0,1.0,,,2.0,,,2.0,,,,,57.0,19.0,,,,,
80061,Saúl,262,FLA,4,Meia,2,5.61,-0.82,2.11,9,0,True,1.0,,10.0,5.0,,1.0,,,,,,,,,,,,,,
113158,Marquinhos,283,CRU,5,Atacante,6,3.54,0.0,0.45,2,0,False,,,,2.0,,3.0,,,,,,,,,,,,,,
93478,Wanderson,283,CRU,5,Atacante,6,3.98,0.0,1.95,18,0,False,,,8.0,8.0,6.0,3.0,2.0,3.0,,,3.0,,,,,,,,,
137543,Tevis,283,CRU,5,Atacante,6,2.0,0.0,0.0,0,0,False,,,,,,,,,,,,,,,,,,,,
83528,Léo Pereira,262,FLA,3,Zagueiro,7,8.75,-0.22,4.66,22,0,True,1.0,5.0,16.0,14.0,10.0,10.0,2.0,,10.0,,3.0,,,,,,,,,
84816,Varela,262,FLA,2,Lateral,7,8.35,0.0,4.38,20,0,False,2.0,4.0,20.0,11.0,4.0,16.0,1.0,1.0,7.0,,,1.0,,,,,,,,
131967,Villarreal,283,CRU,5,Atacante,6,7.96,0.0,4.98,14,0,False,1.0,,12.0,9.0,11.0,16.0,3.0,2.0,,,5.0,,,,,,1.0,,,
84735,Jorginho,262,FLA,4,Meia,3,8.6,-0.45,3.94,22,0,True,3.0,4.0,37.0,18.0,3.0,28.0,2.0,,,,,,1.0,,,2.0,,,,
86757,Everton,277,SAN,5,Atacante,7,6.07,0.0,2.07,11,0,False,1.0,2.0,4.0,8.0,12.0,6.0,,,,,3.0,,,,,,,,,
82627,Luiz Araújo,262,FLA,5,Atacante,6,6.76,-0.52,2.94,16,0,True,1.0,2.0,15.0,9.0,3.0,9.0,2.0,1.0,,,2.0,,1.0,,,,,,,
91473,Erick Pulgar,262,FLA,4,Meia,7,6.67,0.27,3.07,17,0,True,,6.0,33.0,23.0,1.0,11.0,1.0,,,,1.0,,,,,1.0,1.0,,,
90285,Bruno Henrique,262,FLA,5,Atacante,6,5.08,-0.11,2.63,20,0,True,3.0,5.0,9.0,15.0,7.0,15.0,2.0,3.0,,,4.0,,,,,,,,,
98873,Samuel Lino,262,FLA,5,Atacante,7,12.81,0.36,8.74,26,0,True,7.0,3.0,45.0,23.0,20.0,48.0,9.0,4.0,,,14.0,,,,,,2.0,,,
97867,Léo Ortiz,262,FLA,3,Zagueiro,7,8.31,0.0,4.12,22,0,False,,,17.0,14.0,3.0,6.0,1.0,1.0,10.0,,,,,,,,2.0,,,
87863,Arrascaeta,262,FLA,4,Meia,5,13.75,0.0,5.37,19,0,False,4.0,2.0,12.0,9.0,19.0,17.0,3.0,2.0,,,7.0,1.0,,,,,4.0,,,
109096,Plata,262,FLA,5,Atacante,2,10.31,-0.83,6.53,16,0,True,2.0,2.0,34.0,7.0,6.0,13.0,2.0,,,,12.0,,,,,,2.0,,,
146807,Rayan Lelis,283,CRU,5,Atacante,6,2.0,0.0,0.0,0,0,False,,,,,,,,,,,,,,,,,,,,
96870,Emerson Royal,262,FLA,2,Lateral,6,7.19,-0.77,5.27,13,0,True,1.0,1.0,19.0,15.0,1.0,7.0,,2.0,7.0,,1.0,,,,,,,,,
137542,Kaique Kenji,283,CRU,5,Atacante,6,2.61,0.0,1.25,11,0,False,,3.0,2.0,5.0,2.0,4.0,1.0,,,,3.0,,,,,,,,,
111832,Jefté,275,PAL,2,Lateral,5,4.16,0.0,2.47,7,0,False,1.0,1.0,3.0,5.0,,1.0,,2.0,2.0,,,,,,,,,,,
115914,Evertton Araújo,262,FLA,4,Meia,5,2.59,0.0,1.17,18,0,False,1.0,3.0,9.0,18.0,12.0,3.0,,,,,,,,,,1.0,1.0,,,
96652,Allan,264,COR,4,Meia,6,3.12,0.0,1.74,20,0,False,1.0,4.0,21.0,22.0,4.0,10.0,,,,,3.0,,,,,1.0,,,,
122573,Wallace Yan,280,RBB,5,Atacante,7,5.14,2.22,2.44,10,0,True,2.0,1.0,5.0,7.0,3.0,7.0,,2.0,,,6.0,,,,,1.0,,,,
62977,Ganso,266,FLU,4,Meia,6,3.87,-0.37,1.67,20,0,True,1.0,2.0,14.0,12.0,1.0,12.0,,1.0,,,3.0,,,,,,1.0,,,
88393,Ayrton Lucas,262,FLA,2,Lateral,5,8.18,0.0,5.03,17,0,False,2.0,,14.0,14.0,6.0,6.0,,,9.0,,5.0,,,,,,,,,
78117,Everaldo,265,BAH,5,Atacante,6,4.97,0.0,3.05,18,0,False,,2.0,10.0,13.0,6.0,16.0,4.0,1.0,,,4.0,,,,,1.0,1.0,,1.0,
140492,João Victor,262,FLA,3,Zagueiro,6,4.34,0.0,6.5,1,0,False,,,1.0,,,,,,1.0,,,,,,,,,,,
78445,Renê,266,FLU,2,Lateral,6,9.68,0.0,6.18,19,0,False,2.0,1.0,51.0,17.0,4.0,18.0,,,4.0,,4.0,,,,,,,,,
122320,Daniel Sales,262,FLA,2,Lateral,6,2.0,0.0,0.0,0,0,False,,,,,,,,,,,,,,,,,,,,
78855,Thiago Santos,294,CFC,3,Zagueiro,7,4.02,-0.54,3.07,20,0,True,,7.0,25.0,24.0,3.0,17.0,,,5.0,,2.0,,,,,,,,,
73384,Samuel Xavier,266,FLU,2,Lateral,7,7.75,0.65,3.5,17,0,True,,5.0,22.0,19.0,2.0,27.0,,2.0,4.0,,2.0,,,,,,,,,
99228,De la Cruz,262,FLA,4,Meia,6,4.3,0.0,0.75,11,0,False,,3.0,4.0,8.0,2.0,12.0,,,,,,,,,,,,,,
87228,Guilherme Arana,266,FLU,2,Lateral,7,8.4,0.52,3.82,17,0,True,,2.0,17.0,10.0,10.0,5.0,1.0,1.0,4.0,,5.0,,,,,,,,,
87258,Soteldo,266,FLU,5,Atacante,7,4.53,0.0,2.12,19,0,False,2.0,1.0,8.0,3.0,8.0,16.0,,1.0,,,5.0,,,,,,,,,
130189,Léo Nannetti,262,FLA,1,Goleiro,6,2.0,0.0,0.0,0,0,False,,,,,,,,,,,,,,,,,,,,
101319,Guga,266,FLU,2,Lateral,6,6.54,0.18,3.67,16,0,True,2.0,3.0,19.0,14.0,4.0,9.0,,1.0,4.0,,,,,,,,,,,
86485,Keno,294,CFC,5,Atacante,6,3.09,0.0,0.61,7,0,False,,,,2.0,1.0,6.0,,1.0,,,1.0,,,,,,,,,
82463,Otávio,266,FLU,4,Meia,6,2.81,-0.83,1.17,8,0,True,,2.0,7.0,7.0,1.0,2.0,,,,,1.0,,,,,,,,,
143295,Joshua,262,FLA,4,Meia,6,2.6,0.0,-0.3,1,0,False,,,,1.0,,,,,,,,,,,,,,,,
103523,Ignácio,266,FLU,3,Zagueiro,7,7.19,0.0,4.64,13,0,False,,4.0,19.0,10.0,6.0,10.0,2.0,,2.0,,,,,,,,1.0,,,
145705,Douglas Telles,262,FLA,5,Atacante,6,2.0,0.0,0.0,0,0,False,,,,,,,,,,,,,,,,,,,,
102928,Canobbio,266,FLU,5,Atacante,7,9.81,0.0,6.72,20,0,False,3.0,6.0,37.0,31.0,8.0,34.0,5.0,3.0,,,11.0,,,,,1.0,2.0,,,
113034,Freytes,266,FLU,3,Zagueiro,6,4.55,0.0,2.49,18,0,False,,4.0,15.0,15.0,6.0,10.0,,,4.0,,1.0,,,,,,,,,
110759,John Kennedy,266,FLU,5,Atacante,5,10.92,0.0,7.3,17,0,False,1.0,,13.0,19.0,9.0,8.0,9.0,2.0,,,16.0,,,,,,1.0,,,
79631,Cano,266,FLU,5,Atacante,6,4.31,0.0,2.28,8,0,False,,,,1.0,5.0,,1.0,,,,3.0,,,,,,1.0,,,
116447,Hércules,266,FLU,4,Meia,6,6.16,-0.24,3.21,24,0,True,,3.0,28.0,33.0,12.0,10.0,3.0,2.0,,,8.0,,,,,,,,,
101478,Marcelo Pitaluga,266,FLU,1,Goleiro,6,3.0,0.0,0.0,0,0,False,,,,,,,,,,,,,,,,,,,,
89493,Igor Rabello,266,FLU,3,Zagueiro,6,7.78,0.0,5.43,3,0,False,,,7.0,,1.0,,,,1.0,,,,,,,,,,,
132071,Serna,266,FLU,5,Atacante,6,7.18,-0.65,4.25,27,0,True,4.0,1.0,22.0,23.0,10.0,28.0,4.0,7.0,,,11.0,,,,,,1.0,,,
100987,Nonato,266,FLU,4,Meia,7,5.35,0.0,2.55,15,0,False,1.0,6.0,19.0,19.0,1.0,13.0,1.0,,,,1.0,,,,,,,,,
102137,Vitor Eudes,266,FLU,1,Goleiro,6,2.0,0.0,0.0,0,0,False,,,,,,,,,,,,,,,,,,,,
72018,Tiago Volpi,280,RBB,1,Goleiro,7,9.06,-0.29,5.28,20,0,True,,1.0,,,,3.0,2.0,,6.0,,,,,63.0,23.0,,,,,
87887,Balbuena,284,GRE,3,Zagueiro,6,7.57,0.0,4.45,8,0,False,,,13.0,2.0,1.0,2.0,,1.0,3.0,,,,,,,,,,,
87342,Kannemann,284,GRE,3,Zagueiro,6,5.72,1.9,3.06,5,0,True,,3.0,8.0,4.0,,1.0,1.0,,,,,,1.0,,,,,,,
89273,João Pedro,284,GRE,2,Lateral,7,2.59,-0.66,0.78,8,0,True,,2.0,3.0,10.0,1.0,2.0,,1.0,1.0,,,,,,,,,,,
63289,Edenílson,263,BOT,4,Meia,5,5.55,0.0,2.73,18,0,False,2.0,2.0,6.0,10.0,3.0,7.0,3.0,1.0,,,2.0,,,,,,1.0,,,
91908,Pavón,284,GRE,5,Atacante,7,5.69,-0.6,4.0,24,0,True,3.0,7.0,39.0,18.0,4.0,11.0,2.0,4.0,,,6.0,,,,,,1.0,,,
96340,Lima,277,SAN,4,Meia,6,2.99,0.0,-0.35,4,0,False,,1.0,,3.0,,1.0,,,,,,,,,,,,,,
91706,Marlon,284,GRE,2,Lateral,5,8.13,0.0,4.68,10,0,False,1.0,3.0,17.0,12.0,2.0,12.0,1.0,1.0,1.0,,2.0,,,,,,,,,
102318,Caio Paulista,284,GRE,2,Lateral,7,5.59,0.05,3.07,10,0,True,,1.0,13.0,3.0,2.0,3.0,,,2.0,,,,,,,,,,,
63013,Marcos Rocha,284,GRE,2,Lateral,6,6.39,0.0,1.94,5,0,False,,,3.0,1.0,,1.0,,,1.0,,,,,,,,,,,
127932,Júlio Fidelis,266,FLU,2,Lateral,6,4.17,0.0,4.38,4,0,False,,1.0,9.0,5.0,,3.0,,,1.0,,,,,,,,,,,
104994,Wagner Leonardo,284,GRE,3,Zagueiro,6,5.23,0.0,2.5,10,0,False,,1.0,13.0,10.0,2.0,2.0,,1.0,2.0,,,,,,,1.0,,,,
111309,Gustavo Martins,284,GRE,3,Zagueiro,7,7.11,0.0,3.94,17,0,False,2.0,5.0,15.0,19.0,6.0,6.0,2.0,1.0,4.0,,2.0,,1.0,,,,1.0,1.0,,
140484,Riquelme Felipe,266,FLU,5,Atacante,5,3.22,0.0,1.43,6,0,False,1.0,1.0,2.0,4.0,1.0,4.0,,,,,,,,,,,,,,
105563,Carlos Vinícius,284,GRE,5,Atacante,7,11.88,-0.16,4.28,26,0,True,1.0,5.0,6.0,29.0,11.0,25.0,9.0,19.0,,,14.0,,,,,,1.0,,,
90532,Arthur Melo,277,SAN,4,Meia,5,7.22,0.0,3.01,13,0,False,,1.0,15.0,9.0,1.0,39.0,,,,,,,,,,,,,,
97145,Villasanti,284,GRE,4,Meia,7,6.36,-0.75,4.02,8,0,True,,1.0,15.0,12.0,1.0,6.0,1.0,,,,2.0,,,,,,,,,
112616,Gabriel Grando,284,GRE,1,Goleiro,6,3.77,0.0,0.3,1,0,False,,,,,,,,,,,,,,1.0,1.0,,,,,
116067,Thiago Beltrame,284,GRE,1,Goleiro,6,2.08,0.0,0.7,1,0,False,,,,1.0,,1.0,,,,,,,,5.0,3.0,1.0,,,,
70944,Bruno Henrique,285,INT,4,Meia,6,4.43,0.74,2.28,26,0,True,2.0,1.0,17.0,33.0,11.0,9.0,2.0,1.0,,,5.0,,,,,,,,,
89637,Thiago Maia,285,INT,4,Meia,7,4.17,0.07,2.09,14,0,True,2.0,,11.0,4.0,1.0,2.0,,1.0,,,2.0,,,,,,,,,
89883,Dodi,284,GRE,4,Meia,3,2.2,-0.1,-0.04,9,0,True,,3.0,2.0,9.0,1.0,3.0,,,,,,,,,,,,,,
72951,Mercado,285,INT,3,Zagueiro,7,5.59,-0.42,3.43,19,0,True,,8.0,27.0,18.0,2.0,10.0,1.0,1.0,4.0,,3.0,,,,,,,,,
92182,Juninho,285,INT,3,Zagueiro,2,5.25,0.28,2.76,10,0,True,,,7.0,1.0,3.0,,,,3.0,,,,,,,,,,,
142004,Amuzu,284,GRE,5,Atacante,7,6.5,-0.2,3.52,23,0,True,3.0,,15.0,13.0,13.0,33.0,1.0,1.0,,,8.0,,,,,,1.0,,,
88136,Ivan,364,REM,1,Goleiro,6,7.58,0.0,10.2,1,0,False,,,,,,,,,1.0,,,,,4.0,,,,,,
101960,Vitinho,285,INT,5,Atacante,7,8.6,1.03,4.94,28,0,True,3.0,5.0,41.0,36.0,17.0,44.0,3.0,5.0,,,13.0,1.0,1.0,,,,1.0,,,
118238,Ronald,284,GRE,4,Meia,6,3.0,0.0,0.0,0,0,False,,,,,,,,,,,,,,,,,,,,
92981,Ronaldo,285,INT,4,Meia,6,3.35,-0.02,1.81,13,0,True,,2.0,11.0,14.0,4.0,4.0,1.0,,,,,,,,,,,,,
110510,Aguirre,285,INT,2,Lateral,7,5.92,0.19,4.06,20,0,True,1.0,3.0,23.0,21.0,9.0,4.0,2.0,2.0,4.0,,5.0,,,,,,,,,
112863,Ramón Sosa,275,PAL,5,Atacante,6,6.4,0.88,3.33,21,0,True,2.0,4.0,4.0,20.0,10.0,23.0,4.0,9.0,,,6.0,,,,,,2.0,,,
111683,Anthoni,285,INT,1,Goleiro,7,5.09,1.38,2.92,12,0,True,,,,,,1.0,,,2.0,,,,,32.0,17.0,,,,,
106202,Bruno Gomes,285,INT,4,Meia,7,6.68,0.21,3.72,28,0,True,,4.0,53.0,31.0,10.0,49.0,,,,,2.0,,,,,,1.0,,,
130889,Riquelme,284,GRE,4,Meia,6,2.42,0.0,-1.45,2,0,False,,,,3.0,,2.0,,,,,,,,,,1.0,,,,
111466,Victor Gabriel,285,INT,3,Zagueiro,2,3.51,0.0,2.16,16,0,False,,6.0,20.0,22.0,2.0,9.0,,,3.0,,,,1.0,,,1.0,,,,
93790,Marlon Freitas,275,PAL,4,Meia,7,6.42,0.12,2.85,27,0,True,1.0,6.0,33.0,27.0,15.0,2.0,2.0,1.0,,,4.0,,,,,,1.0,,,
84674,Lucas Evangelista,275,PAL,4,Meia,2,4.37,0.09,1.42,24,0,True,1.0,1.0,11.0,10.0,6.0,22.0,,1.0,,,1.0,,,,,,,,,
68872,Marcelo Lomba,275,PAL,1,Goleiro,6,7.08,0.0,8.9,1,0,False,,,,,,,,,1.0,,,,,3.0,,,,,,
97653,Murilo,275,PAL,3,Zagueiro,7,7.53,-0.58,4.03,24,0,True,1.0,3.0,23.0,33.0,3.0,5.0,2.0,,9.0,,6.0,,,,,1.0,,,,
71684,Gustavo Gómez,275,PAL,3,Zagueiro,7,11.14,0.47,5.63,26,0,True,3.0,2.0,26.0,26.0,11.0,5.0,4.0,7.0,11.0,,4.0,,,,,,,,,
86711,Richard,294,CFC,4,Meia,6,4.0,0.0,0.0,0,0,False,,,,,,,,,,,,,,,,,,,,
71631,Weverton,284,GRE,1,Goleiro,7,9.18,-1.02,5.52,25,0,True,1.0,2.0,,,,10.0,,,6.0,,,,1.0,90.0,30.0,,,,,2.0
70592,Felipe Anderson,275,PAL,4,Meia,6,5.9,-0.48,3.16,22,0,True,1.0,1.0,26.0,12.0,5.0,9.0,2.0,,,,2.0,,,,,,1.0,,,
143488,Raykkonen,285,INT,5,Atacante,6,2.63,0.0,0.5,1,0,False,,,,,,1.0,,,,,,,,,,,,,,
102130,Piquerez,275,PAL,2,Lateral,7,10.92,0.0,6.36,14,0,False,4.0,2.0,16.0,6.0,4.0,11.0,,1.0,7.0,,2.0,,,,,,1.0,,,
110506,Abel Ferreira,275,PAL,6,Técnico,7,12.53,0.47,6.91,29,0,True,,,,,,,,,,17.0,,,,,,,,,,
126977,Fernando Seabra,294,CFC,6,Técnico,7,7.41,0.02,4.95,28,0,True,,,,,,,,,,10.0,,,,,,,,,,
99818,Paulinho,275,PAL,5,Atacante,6,10.37,0.0,3.42,6,0,False,,1.0,1.0,1.0,3.0,4.0,2.0,1.0,,,,,,,,,,,,
104085,Bruno Fuchs,275,PAL,3,Zagueiro,6,8.31,0.0,4.61,8,0,False,,,9.0,7.0,,1.0,,,5.0,,,,,,,,,,,
104084,Carlos Miguel,275,PAL,1,Goleiro,7,8.68,-0.42,5.42,28,0,True,,3.0,,,,11.0,,,12.0,,,,,85.0,21.0,,,,,
105175,Khellven,275,PAL,2,Lateral,6,6.35,0.59,3.58,21,0,True,1.0,4.0,22.0,20.0,4.0,8.0,,1.0,8.0,,1.0,,1.0,,,,1.0,1.0,,
122318,Dyogo Alves,262,FLA,1,Goleiro,6,3.0,0.0,0.0,0,0,False,,,,,,,,,,,,,,,,,,,,
92811,Bruno Rodrigues,283,CRU,5,Atacante,6,3.67,-1.05,2.44,16,0,True,2.0,,7.0,8.0,3.0,15.0,1.0,6.0,,,3.0,,,,,,,,,
107989,Carbonero,285,INT,5,Atacante,6,8.44,0.12,5.07,28,0,True,4.0,4.0,9.0,29.0,24.0,57.0,7.0,15.0,,,16.0,,,,,,,,,
113103,Flaco López,275,PAL,5,Atacante,7,14.41,0.99,7.06,26,0,True,3.0,2.0,31.0,37.0,26.0,54.0,9.0,14.0,,,14.0,,,,,,,,,
124526,Giay,275,PAL,2,Lateral,7,7.4,0.0,4.89,23,0,False,,5.0,36.0,26.0,4.0,34.0,,1.0,10.0,,1.0,,,,,,,,,
79066,Alex Muralha,2305,MIR,1,Goleiro,6,4.99,0.0,4.35,2,0,False,,1.0,,,,,,,,,,,,9.0,3.0,,,,,
87742,Neto Moura,2305,MIR,4,Meia,7,3.23,-0.47,1.71,16,0,True,,6.0,18.0,14.0,7.0,5.0,,,,,2.0,,,,,,,,,
133679,Benedetti,275,PAL,3,Zagueiro,6,5.42,0.0,4.85,2,0,False,,,,1.0,,,,,2.0,,,,,,,,,,,
72279,Thomazella,2305,MIR,1,Goleiro,6,0.83,0.0,-1.35,2,0,False,,,,,,,,,,,,,,1.0,4.0,,,,,
97460,João Victor,2305,MIR,3,Zagueiro,3,4.15,-1.57,2.81,25,0,True,1.0,2.0,28.0,13.0,3.0,7.0,2.0,2.0,2.0,,3.0,,,,,1.0,,1.0,,
98384,Negueba,2305,MIR,5,Atacante,5,8.57,0.0,5.23,8,0,False,,4.0,15.0,5.0,6.0,17.0,1.0,,,,3.0,,,,,,,,,
97321,Alesson,2305,MIR,5,Atacante,6,8.83,0.78,4.71,23,0,True,4.0,2.0,34.0,22.0,11.0,34.0,,9.0,,,15.0,,,,,,1.0,,,
97520,Shaylon,2305,MIR,4,Meia,6,3.98,0.0,1.87,18,0,False,1.0,2.0,14.0,15.0,2.0,4.0,1.0,,,,2.0,,,,,,,,,
104027,Rafael Guanaes,2305,MIR,6,Técnico,7,7.35,-0.76,4.6,26,0,True,,,,,,,,,,7.0,,,,,,,,,,
82775,Lucas Ramon,276,SAO,2,Lateral,6,10.01,0.0,5.04,20,0,False,2.0,2.0,34.0,18.0,6.0,26.0,,3.0,5.0,,4.0,,,,,1.0,1.0,,,
81005,André Luis,2305,MIR,5,Atacante,6,4.07,0.9,1.48,14,0,True,,2.0,1.0,7.0,2.0,12.0,2.0,2.0,,,,,,,,,,,,
101708,Felipe Jonatan,294,CFC,2,Lateral,7,4.51,0.2,2.08,18,0,True,,,11.0,5.0,2.0,7.0,,1.0,3.0,,2.0,,,,,,,,,
83257,Gabriel,277,SAN,5,Atacante,7,9.15,-1.01,5.62,19,0,True,3.0,6.0,4.0,8.0,21.0,8.0,9.0,16.0,,,3.0,2.0,,,,1.0,,,,
136156,Larson,275,PAL,4,Meia,6,1.34,0.0,0.05,6,0,False,,1.0,,4.0,1.0,1.0,,,,,1.0,,,,,,,,,
108683,Emiliano Martínez,275,PAL,4,Meia,6,3.84,0.0,2.06,13,0,False,,1.0,17.0,8.0,1.0,3.0,,,,,2.0,,,,,,,,,
105903,Aldo Filho,2305,MIR,4,Meia,5,3.8,0.0,2.09,15,0,False,1.0,7.0,18.0,20.0,6.0,8.0,,1.0,,,3.0,,,,,,,,,
73318,Daniel Borges,2305,MIR,2,Lateral,6,6.47,0.0,4.62,6,0,False,,1.0,6.0,3.0,3.0,8.0,,,2.0,,1.0,,,,,,1.0,,,
104204,Edson Carioca,2305,MIR,5,Atacante,7,4.62,-0.51,3.04,17,0,True,,5.0,19.0,17.0,9.0,8.0,2.0,4.0,,,3.0,,,,,,1.0,,,
84042,Tiquinho Soares,263,BOT,5,Atacante,6,4.58,-0.11,1.38,9,0,True,,1.0,3.0,6.0,5.0,7.0,,4.0,,,3.0,,,,,,,,,
78478,Willian Arão,277,SAN,4,Meia,7,5.54,-0.67,3.32,20,0,True,,2.0,37.0,10.0,2.0,5.0,1.0,2.0,,,1.0,,,,,,1.0,,,
117403,Renato Marques,294,CFC,5,Atacante,6,2.73,0.0,0.74,7,0,False,,,,3.0,3.0,5.0,,,,,1.0,,,,,1.0,1.0,,,
84847,Luan Peres,277,SAN,3,Zagueiro,7,4.83,0.14,3.07,21,0,True,,3.0,23.0,22.0,2.0,16.0,1.0,,5.0,,,,,,,1.0,,,,
141754,Gabriel Bontempo,277,SAN,4,Meia,7,6.1,1.19,3.88,23,0,True,2.0,3.0,36.0,12.0,12.0,30.0,,1.0,,,3.0,1.0,,,,,1.0,,,
102256,Rollheiser,277,SAN,4,Meia,2,5.56,-2.1,3.41,21,0,True,2.0,2.0,12.0,11.0,9.0,10.0,4.0,1.0,,,4.0,,,,,,,,,
102975,Escobar,277,SAN,2,Lateral,6,9.49,-0.59,6.22,20,0,True,1.0,8.0,60.0,23.0,4.0,16.0,,1.0,6.0,,1.0,,1.0,,,,1.0,,,
77777,João Schmidt,277,SAN,4,Meia,6,4.96,0.0,2.08,14,0,False,,2.0,20.0,20.0,5.0,4.0,,,,,1.0,,,,,,,,,
91866,Zé Ivaldo,364,REM,3,Zagueiro,7,5.13,-0.39,2.29,10,0,True,,3.0,11.0,4.0,5.0,4.0,,,1.0,,3.0,,1.0,,,,,1.0,,
95466,Igor Vinícius,277,SAN,2,Lateral,6,9.65,0.0,6.39,18,0,False,1.0,4.0,53.0,21.0,,17.0,,,6.0,,2.0,,,,,,,,,
90917,Carlos Eduardo,2305,MIR,5,Atacante,6,4.42,0.0,2.63,15,0,False,1.0,1.0,9.0,9.0,7.0,16.0,1.0,5.0,,,2.0,1.0,,,,,,,,
70164,Lucas Moura,276,SAO,4,Meia,6,7.5,0.0,2.32,8,0,False,1.0,,,5.0,2.0,6.0,1.0,,,,2.0,,,,,,,,,
113690,Diógenes,277,SAN,1,Goleiro,7,4.26,-0.51,3.97,4,0,True,,1.0,,,,,,,1.0,,,,,13.0,5.0,,,,,
63008,Rafael Tolói,276,SAO,3,Zagueiro,7,8.17,-0.32,5.3,9,0,True,,3.0,23.0,13.0,3.0,3.0,,,3.0,,1.0,,,,,,,,,
104075,Sabino,276,SAO,3,Zagueiro,7,6.6,-0.36,3.75,21,0,True,,1.0,27.0,26.0,4.0,13.0,1.0,,5.0,,1.0,,,,,,1.0,,,
85403,Danielzinho,276,SAO,4,Meia,5,5.64,0.0,2.37,24,0,False,1.0,2.0,20.0,22.0,4.0,34.0,1.0,,,,1.0,1.0,,,,,,,,
89840,Calleri,276,SAO,5,Atacante,7,10.57,-1.12,5.02,24,0,True,1.0,6.0,16.0,39.0,20.0,45.0,8.0,9.0,,,7.0,,1.0,,,,,,,
101290,Ferreira,276,SAO,5,Atacante,6,6.1,-0.13,3.45,23,0,True,,2.0,17.0,6.0,9.0,25.0,4.0,,,,5.0,,,,,,,,,
141868,Vini Lira,277,SAN,2,Lateral,5,3.79,0.0,2.42,4,0,False,,1.0,7.0,6.0,1.0,,,,,,1.0,,,,,,,,,
91573,Arboleda,276,SAO,3,Zagueiro,7,8.03,-0.93,3.96,15,0,True,,1.0,24.0,7.0,1.0,7.0,,2.0,4.0,,2.0,,,,,,,,,
105300,Ferraresi,263,BOT,3,Zagueiro,7,6.6,-0.2,3.75,23,0,True,,6.0,45.0,27.0,5.0,14.0,1.0,3.0,3.0,,2.0,,,,,,,1.0,,
106028,Coronel,276,SAO,1,Goleiro,6,7.31,1.16,5.8,2,0,True,,,,,,,,,,,,,,12.0,4.0,,,,,
80570,Wendell,276,SAO,2,Lateral,6,7.87,-0.4,4.18,19,0,True,3.0,5.0,32.0,41.0,4.0,14.0,,2.0,4.0,,3.0,,,,,,,,,
87470,Thaciano,277,SAN,4,Meia,6,5.28,0.0,2.0,17,0,False,,1.0,7.0,3.0,5.0,7.0,2.0,5.0,,,2.0,,,,,,,,,
106294,Marcos Antônio,276,SAO,4,Meia,7,5.7,-0.16,2.73,21,0,True,2.0,1.0,22.0,18.0,8.0,19.0,,2.0,,,4.0,,,,,,,,,
71123,Thiago Mendes,267,VAS,4,Meia,7,7.62,0.42,4.29,24,0,True,1.0,8.0,20.0,17.0,9.0,51.0,5.0,2.0,,,7.0,,,,,,,,,
107873,Bobadilla,276,SAO,4,Meia,7,7.67,-0.39,3.74,17,0,True,2.0,3.0,31.0,20.0,3.0,7.0,,1.0,,,6.0,,,,,,1.0,,,
86410,Victor Luis,2305,MIR,2,Lateral,6,3.65,0.0,1.2,7,0,False,,2.0,4.0,7.0,2.0,2.0,,1.0,1.0,,,,1.0,,,,,,,
81091,Jair,267,VAS,4,Meia,7,5.2,0.0,2.08,5,0,False,,,6.0,2.0,,4.0,,,,,,,,,,,,,,
93716,Paulo Henrique,267,VAS,2,Lateral,6,7.45,-0.36,3.29,20,0,True,2.0,5.0,28.0,22.0,4.0,22.0,,1.0,2.0,,2.0,,1.0,,,,,,,
81845,Alisson,266,FLU,4,Meia,6,3.52,0.0,0.96,8,0,False,1.0,3.0,3.0,5.0,,5.0,,,,,1.0,,1.0,,,,,,,
90309,David,267,VAS,5,Atacante,7,5.38,1.43,2.43,22,0,True,1.0,,4.0,16.0,7.0,9.0,4.0,12.0,,,5.0,,,,,,,,,
86686,Tchê Tchê,267,VAS,4,Meia,6,4.54,-0.43,2.88,20,0,True,,3.0,21.0,17.0,6.0,15.0,2.0,1.0,,,5.0,,,,,,,,,
131279,Thiago Azaf,294,CFC,5,Atacante,6,1.0,0.0,0.0,0,0,False,,,,,,,,,,,,,,,,,,,,
113359,Pablo Maia,276,SAO,4,Meia,6,4.21,-0.23,1.85,19,0,True,,3.0,16.0,32.0,10.0,13.0,1.0,,,,1.0,,,,,,,,,
117818,Young,276,SAO,1,Goleiro,6,3.0,0.0,0.0,0,0,False,,,,,,,,,,,,,,,,,,,,
95936,Daniel Fuzato,267,VAS,1,Goleiro,6,1.59,0.0,-1.0,0,0,False,,1.0,,,,,,,,,,,,,,,,,,
141609,Lucca,276,SAO,5,Atacante,6,2.05,0.0,0.23,4,0,False,,,1.0,2.0,,,,,,,,,,,,,,,,
131617,André Silva,276,SAO,5,Atacante,6,3.18,0.0,0.48,16,0,False,,5.0,2.0,13.0,3.0,10.0,,,,,5.0,,,,,,,,,
97095,Carlos Cuesta,267,VAS,3,Zagueiro,6,4.47,0.0,1.51,15,0,False,1.0,1.0,9.0,21.0,3.0,6.0,,,2.0,,,,1.0,,,1.0,1.0,1.0,,
140542,Ryan Francisco,276,SAO,5,Atacante,6,4.35,0.0,-0.3,1,0,False,,,,1.0,,,,,,,,,,,,,,,,
99213,Puma Rodríguez,267,VAS,2,Lateral,7,7.07,0.15,4.04,18,0,True,4.0,3.0,13.0,6.0,8.0,1.0,2.0,1.0,1.0,,6.0,,,,,,1.0,,,
105584,Lucas Piton,267,VAS,2,Lateral,7,4.81,0.0,2.34,18,0,False,1.0,,17.0,14.0,5.0,4.0,,1.0,1.0,,4.0,,,,,,,,,
111682,Adson,267,VAS,4,Meia,6,5.7,-0.51,3.29,15,0,True,,1.0,20.0,7.0,10.0,12.0,,,,,7.0,,,,,,,,,
90703,Matheuzinho,287,VIT,4,Meia,7,9.83,3.08,4.68,24,0,True,4.0,3.0,14.0,11.0,14.0,34.0,4.0,2.0,,,14.0,1.0,,,,,,,,
116706,Andrés Gómez,267,VAS,5,Atacante,7,13.07,0.0,7.22,23,0,False,3.0,9.0,42.0,28.0,28.0,33.0,5.0,5.0,,,15.0,,,,,,3.0,,,
117330,Robert Renan,267,VAS,3,Zagueiro,7,5.44,-0.82,3.09,26,0,True,,4.0,38.0,23.0,5.0,4.0,1.0,,3.0,,2.0,,,,,,1.0,,,
118563,Rodriguinho,280,RBB,4,Meia,5,5.87,0.0,3.63,15,0,False,,3.0,18.0,18.0,11.0,7.0,2.0,1.0,,,3.0,1.0,,,,,1.0,,,
90588,Caíque,287,VIT,4,Meia,7,4.57,-0.2,2.57,22,0,True,,5.0,35.0,21.0,2.0,27.0,,,,,1.0,,1.0,,,,,,,
122485,Barros,267,VAS,4,Meia,6,8.61,0.0,4.64,18,0,False,,5.0,32.0,31.0,10.0,44.0,3.0,,,,,,1.0,,,1.0,,,,
142279,Nuno Moreira,267,VAS,4,Meia,6,4.7,-0.5,1.98,19,0,True,1.0,3.0,11.0,12.0,7.0,9.0,1.0,1.0,,,4.0,,,,,,,,,
99440,Baralhas,287,VIT,4,Meia,5,9.25,0.0,5.24,15,0,False,2.0,4.0,31.0,26.0,9.0,19.0,2.0,,,,1.0,,,,,,,,,
115141,Lucas Freitas,267,VAS,3,Zagueiro,6,6.03,0.0,4.67,3,0,False,,,,1.0,1.0,1.0,1.0,,1.0,,,,,,,,,,,
92180,Jair Ventura,287,VIT,6,Técnico,7,9.5,0.93,5.54,26,0,True,,,,,,,,,,9.0,,,,,,,,,,
101597,Ramon,287,VIT,2,Lateral,5,8.07,0.0,4.81,17,0,False,,4.0,23.0,26.0,5.0,11.0,2.0,,6.0,,3.0,,,,,,,,,
104118,Lucas Arcanjo,287,VIT,1,Goleiro,7,10.15,1.53,5.96,23,0,True,1.0,1.0,,,,3.0,,,8.0,,,,1.0,85.0,32.0,,,,,2.0
92696,Renato Kayzer,287,VIT,5,Atacante,6,5.72,-0.09,2.46,18,0,True,1.0,2.0,7.0,16.0,5.0,10.0,3.0,11.0,,,3.0,,,,,,,,,
111879,Mateus Silva,287,VIT,2,Lateral,7,8.92,2.62,6.57,8,0,True,2.0,1.0,16.0,4.0,2.0,6.0,,1.0,3.0,,1.0,,,,,,,,,
116461,Jamerson,287,VIT,2,Lateral,7,8.24,1.42,5.38,15,0,True,,1.0,26.0,4.0,6.0,11.0,,,6.0,,3.0,,,,,,,,,
96793,Camutanga,287,VIT,3,Zagueiro,5,6.71,0.0,3.95,7,0,False,,,8.0,2.0,2.0,3.0,,,3.0,,1.0,,,,,,,1.0,,
97645,Thiago Couto,287,VIT,1,Goleiro,6,3.0,0.0,0.0,0,0,False,,,,,,,,,,,,,,,,,,,,
90031,Mendoza,293,CAP,5,Atacante,7,7.66,-0.45,4.21,26,0,True,1.0,,21.0,11.0,15.0,14.0,5.0,3.0,,,7.0,,,,,,3.0,,,
42222,Osvaldo,287,VIT,5,Atacante,6,4.07,0.0,0.4,2,0,False,,,,,1.0,,,,,,,,,,,,,,,
80129,Jadson,293,CAP,4,Meia,7,5.32,0.25,3.51,21,0,True,1.0,5.0,44.0,24.0,2.0,21.0,,,,,3.0,,1.0,,,,,,,
130620,Edenílson,287,VIT,4,Meia,6,2.96,0.0,1.42,11,0,False,,2.0,15.0,8.0,,1.0,,,,,,,,,,1.0,,,,
92273,Odair Hellmann,293,CAP,6,Técnico,7,9.08,-0.1,5.95,26,0,True,,,,,,,,,,13.0,,,,,,,,,,
118752,Mateus Carvalho,267,VAS,4,Meia,6,4.0,0.0,0.0,0,0,False,,,,,,,,,,,,,,,,,,,,
110668,Esquivel,293,CAP,2,Lateral,7,7.43,-1.17,5.14,17,0,True,3.0,1.0,24.0,29.0,8.0,17.0,1.0,,5.0,,1.0,,,,,1.0,,,,
107985,Terán,293,CAP,3,Zagueiro,6,5.67,-1.31,3.91,14,0,True,,,15.0,10.0,4.0,7.0,,,5.0,,3.0,,,,,,,,,
110698,Mycael,293,CAP,1,Goleiro,7,9.01,0.44,6.9,4,0,True,,2.0,,,,2.0,,,1.0,,,,1.0,12.0,6.0,,,,,2.0
120433,Léo Derik,293,CAP,2,Lateral,6,5.81,0.0,3.65,9,0,False,,,11.0,1.0,,1.0,,,3.0,,1.0,,,,,,,,,
125746,Dudu,293,CAP,4,Meia,6,2.34,0.0,1.59,17,0,False,,,10.0,7.0,3.0,5.0,1.0,,,,1.0,,,,,,,,,
113113,Benavídez,293,CAP,2,Lateral,6,9.33,0.0,5.4,19,0,False,4.0,6.0,22.0,15.0,4.0,21.0,1.0,2.0,7.0,,3.0,,,,,,,,,
123869,Aguirre,293,CAP,3,Zagueiro,7,5.15,0.0,3.26,22,0,False,,3.0,22.0,28.0,3.0,5.0,,1.0,7.0,,6.0,,,,,,1.0,,,
85626,Léo,293,CAP,3,Zagueiro,6,6.77,0.0,4.9,2,0,False,,,4.0,4.0,,,,,1.0,,,,,,,,,,,
104330,Dudu,287,VIT,4,Meia,6,5.01,0.0,3.95,2,0,False,,,,2.0,,1.0,1.0,,,,,,,,,,,,,
123101,Leozinho,293,CAP,5,Atacante,6,6.34,0.58,5.06,15,0,True,,1.0,15.0,8.0,10.0,11.0,4.0,,,,7.0,,,,,,1.0,,,
105518,Renan Peixoto,293,CAP,5,Atacante,6,2.67,0.0,0.8,9,0,False,,,1.0,4.0,1.0,4.0,,1.0,,,1.0,,,,,,1.0,,,
145387,Rúben Ismael,287,VIT,4,Meia,6,4.0,0.0,0.0,0,0,False,,,,,,,,,,,,,,,,,,,,
128431,João Cruz,293,CAP,4,Meia,7,5.81,-0.74,4.12,20,0,True,4.0,1.0,17.0,13.0,13.0,9.0,2.0,2.0,,,9.0,,,,,,,,,
122316,Batata,293,CAP,2,Lateral,6,1.0,0.0,0.0,0,0,False,,,,,,,,,,,,,,,,,,,,
125926,Zapelli,293,CAP,4,Meia,6,3.89,-0.25,1.31,18,0,True,1.0,4.0,12.0,8.0,5.0,7.0,,,,,2.0,,,,,1.0,,,,
131832,Portilla,293,CAP,4,Meia,6,3.35,0.0,1.42,17,0,False,,4.0,15.0,20.0,5.0,13.0,,,,,1.0,,,,,,,,,
112017,Felipinho,293,CAP,4,Meia,6,4.79,0.0,2.99,8,0,False,,2.0,16.0,8.0,1.0,1.0,,,,,,,,,,,1.0,,,
63354,Rodrigo Moledo,294,CFC,3,Zagueiro,2,5.59,-0.14,3.39,7,0,True,,,5.0,1.0,1.0,3.0,1.0,,1.0,,1.0,,,,,,,,,
130283,Matheus Dias,294,CFC,4,Meia,6,1.0,0.0,0.0,0,0,False,,,,,,,,,,,,,,,,,,,,
71227,Maicon,294,CFC,3,Zagueiro,2,3.7,0.0,1.79,15,0,False,,,7.0,5.0,,4.0,,1.0,4.0,,,,1.0,,,1.0,,,,
143193,Viveros,293,CAP,5,Atacante,7,13.49,0.71,9.02,24,0,True,3.0,4.0,4.0,55.0,18.0,74.0,16.0,21.0,,,24.0,4.0,,,,,2.0,,,
84339,Bruno Melo,294,CFC,2,Lateral,3,5.12,0.09,2.9,26,0,True,1.0,3.0,20.0,12.0,7.0,13.0,1.0,3.0,6.0,,,,,,,1.0,,,,
90302,Pedro Rocha,294,CFC,5,Atacante,7,7.2,0.2,4.56,27,0,True,1.0,1.0,11.0,25.0,23.0,27.0,8.0,13.0,,,13.0,,,,,1.0,1.0,,,
82628,Tinga,294,CFC,2,Lateral,6,5.37,-0.16,3.38,17,0,True,2.0,,20.0,3.0,2.0,11.0,,,2.0,,1.0,,,,,,,,,
127970,Felipe Chiqueti,293,CAP,4,Meia,6,2.07,0.0,1.35,7,0,False,,1.0,4.0,8.0,2.0,8.0,,,,,1.0,,,,,,,,,
117930,Lavega,294,CFC,5,Atacante,7,5.24,0.0,3.31,25,0,False,2.0,3.0,15.0,14.0,10.0,12.0,5.0,4.0,,,3.0,,,,,,,,,
104811,Sebastián Gómez,294,CFC,4,Meia,7,4.31,0.15,2.79,24,0,True,1.0,3.0,35.0,31.0,8.0,21.0,,,,,4.0,,,,,,,,,
84626,Josué,294,CFC,4,Meia,7,6.38,0.56,4.04,25,0,True,9.0,2.0,11.0,22.0,11.0,40.0,1.0,,,,7.0,,,,,1.0,2.0,,,
110708,Pedro Rangel,294,CFC,1,Goleiro,6,6.43,-1.05,4.55,18,0,True,,1.0,1.0,,,4.0,,,6.0,,,,,58.0,26.0,,,,,
143532,Carlos Eduardo,293,CAP,1,Goleiro,6,1.0,0.0,0.0,0,0,False,,,,,,,,,,,,,,,,,,,,
130842,Matheus Soares,293,CAP,1,Goleiro,6,1.0,0.0,0.0,0,0,False,,,,,,,,,,,,,,,,,,,,
123648,Lucas Ronier,294,CFC,5,Atacante,5,10.77,0.0,6.7,18,0,False,3.0,3.0,36.0,19.0,16.0,50.0,1.0,1.0,,,7.0,,,,,,2.0,,,
125803,Pedro Morisco,294,CFC,1,Goleiro,7,7.56,0.0,4.39,11,0,False,,1.0,,,,3.0,,,,,,,1.0,46.0,18.0,,,,,1.0
128427,Alejandro García,293,CAP,4,Meia,6,4.0,0.0,0.0,0,0,False,,,,,,,,,,,,,,,,,,,,
97878,Jacy,294,CFC,3,Zagueiro,2,5.08,-0.35,3.82,24,0,True,,2.0,38.0,16.0,8.0,21.0,1.0,1.0,4.0,,,,,,,1.0,,,,
109127,Tiago Cóser,294,CFC,3,Zagueiro,2,3.61,0.0,2.72,23,0,False,,3.0,10.0,25.0,2.0,9.0,3.0,,6.0,,1.0,,,,,1.0,,,,
112576,Vini Paulista,294,CFC,4,Meia,6,3.45,-0.13,2.2,25,0,True,,3.0,31.0,11.0,6.0,12.0,,1.0,,,1.0,,,,,,1.0,,,
97795,Marcelinho,364,REM,2,Lateral,7,5.71,-0.52,4.88,24,0,True,2.0,3.0,27.0,8.0,16.0,34.0,2.0,2.0,3.0,,7.0,,,,,,1.0,,,
82730,Marcelo Rangel,364,REM,1,Goleiro,7,5.7,0.3,3.84,28,0,True,,2.0,,,,6.0,,,2.0,,,,,106.0,48.0,,,,,1.0
124834,Ruan Assis,294,CFC,5,Atacante,6,1.0,0.0,0.0,0,0,False,,,,,,,,,,,,,,,,,,,,
77656,Cédric Soares,276,SAO,2,Lateral,6,3.73,0.0,0.94,8,0,False,,1.0,5.0,2.0,2.0,,,,,,,,,,,,,,,
101405,Wallisson,2305,MIR,4,Meia,6,4.54,-0.26,2.67,19,0,True,,4.0,35.0,23.0,5.0,17.0,,1.0,,,,,,,,1.0,,,,
141406,Andrey Fernandes,267,VAS,5,Atacante,6,1.41,0.0,1.7,1,0,False,,,,,,1.0,,,,,1.0,,,,,,,,,
104257,João Lucas,364,REM,2,Lateral,5,4.59,0.0,2.82,6,0,False,,3.0,11.0,8.0,2.0,6.0,,,,,1.0,,,,,,,,,
115266,Renan Viana,293,CAP,5,Atacante,6,2.0,0.0,0.0,0,0,False,,,,,,,,,,,,,,,,,,,,
141337,Lucas Taverna,294,CFC,2,Lateral,5,2.69,0.0,1.95,4,0,False,,1.0,3.0,4.0,,1.0,,,1.0,,,,,,,,,,,
68822,Rafael Santos,315,CHA,1,Goleiro,6,4.94,0.0,3.75,4,0,False,,,,,,,,,,,,,,20.0,11.0,,,,,
115840,Benassi,294,CFC,1,Goleiro,6,1.0,0.0,0.0,0,0,False,,,,,,,,,,,,,,,,,,,,
83074,Ygor Vinhas,364,REM,1,Goleiro,6,3.0,0.0,0.0,0,0,False,,,,,,,,,,,,,,,,,,,,
71043,Léo Vieira,265,BAH,1,Goleiro,5,6.82,0.0,5.02,16,0,False,,1.0,,,,4.0,,,2.0,,,,,71.0,23.0,,,,,
107700,Eduardo Melo,364,REM,5,Atacante,7,2.54,0.41,1.8,2,0,True,,,1.0,1.0,1.0,1.0,,1.0,,,1.0,,,,,,,,,
98224,Jáderson,364,REM,4,Meia,6,2.35,0.0,0.78,12,0,False,,,4.0,3.0,1.0,7.0,,,,,,,,,,,,,,
145782,Tassano,364,REM,3,Zagueiro,6,3.0,0.0,0.0,0,0,False,,,,,,,,,,,,,,,,,,,,
141385,João Victor,364,REM,1,Goleiro,6,1.0,0.0,0.0,0,0,False,,,,,,,,,,,,,,,,,,,,
102911,Zé Ricardo,364,REM,4,Meia,7,5.09,0.34,3.12,27,0,True,1.0,5.0,42.0,40.0,6.0,34.0,1.0,3.0,,,6.0,,,,,1.0,,,,
68938,Giovanni Augusto,315,CHA,4,Meia,7,4.69,-0.61,3.6,19,0,True,5.0,2.0,15.0,13.0,4.0,22.0,1.0,1.0,,,4.0,,,,,,,,,
95332,Marcinho,315,CHA,5,Atacante,7,4.66,-0.43,4.05,26,0,True,2.0,2.0,24.0,18.0,12.0,20.0,5.0,4.0,,,6.0,,,,,,,,,
97432,Victor Caetano,315,CHA,3,Zagueiro,6,3.16,0.0,1.48,8,0,False,,3.0,11.0,7.0,,1.0,,1.0,,,,,,,,,,,,
104470,Everton,315,CHA,2,Lateral,6,3.89,0.0,1.93,20,0,False,1.0,4.0,12.0,15.0,7.0,18.0,,,2.0,,2.0,,,,,1.0,,,,
141386,Marcos Alexandre,364,REM,1,Goleiro,6,1.0,0.0,0.0,0,0,False,,,,,,,,,,,,,,,,,,,,
143455,PH Gama,364,REM,4,Meia,6,2.0,0.0,0.0,0,0,False,,,,,,,,,,,,,,,,,,,,
104519,Camilo,315,CHA,4,Meia,7,4.57,0.04,2.79,23,0,True,,8.0,47.0,42.0,6.0,14.0,,,,,2.0,,,,,,,,,
101393,Eduardo Doma,315,CHA,3,Zagueiro,7,3.65,-0.41,2.16,25,0,True,,5.0,27.0,16.0,7.0,3.0,1.0,,2.0,,2.0,,1.0,,,1.0,,,,
102906,Anderson,315,CHA,1,Goleiro,7,5.6,-1.12,3.54,14,0,True,,1.0,,,,5.0,,,1.0,,,,,54.0,27.0,,,,,
83048,Rafael Thyere,315,CHA,3,Zagueiro,6,2.75,0.0,-0.1,3,0,False,,,2.0,1.0,,,,,,,,,,,,,,1.0,,
123738,Herrera,280,RBB,5,Atacante,6,4.6,-0.19,2.55,22,0,True,,4.0,20.0,24.0,12.0,11.0,1.0,2.0,,,12.0,,,,,,,,,
109336,Rafael Carvalheira,315,CHA,4,Meia,5,5.7,0.0,2.72,14,0,False,,2.0,15.0,19.0,5.0,4.0,2.0,1.0,,,2.0,,1.0,,,,,,,
97900,Vitão,262,FLA,3,Zagueiro,6,6.62,0.0,2.37,9,0,False,,2.0,2.0,6.0,2.0,1.0,,,4.0,,,,,,,,,,,
110426,Bernabei,285,INT,2,Lateral,7,9.29,0.46,5.71,25,0,True,1.0,7.0,34.0,49.0,28.0,27.0,4.0,12.0,6.0,,11.0,,1.0,,,1.0,1.0,,,
130843,Arthur Dias,293,CAP,3,Zagueiro,7,5.83,-0.36,3.62,24,0,True,,6.0,35.0,21.0,6.0,14.0,,1.0,7.0,,,,,,,,,,,
68708,Eduardo,2305,MIR,4,Meia,7,6.45,-1.92,4.05,21,0,True,,1.0,14.0,11.0,11.0,16.0,6.0,,,,3.0,,,,,1.0,1.0,,,
121870,Gustavo Talles,315,CHA,2,Lateral,6,2.0,0.0,0.0,0,0,False,,,,,,,,,,,,,,,,,,,,
130806,Kauan,315,CHA,3,Zagueiro,7,1.67,0.1,1.32,8,0,True,,2.0,7.0,7.0,,2.0,,,1.0,,1.0,,,,,,,1.0,,
99552,Rossi,262,FLA,1,Goleiro,7,7.92,-0.51,4.69,27,0,True,,,,,,2.0,,,11.0,,,,,73.0,24.0,,,,,
116066,Rubens,315,CHA,5,Atacante,6,2.38,0.0,1.24,10,0,False,,2.0,3.0,7.0,1.0,4.0,1.0,,,,1.0,,,,,,,,,
89837,Lucho Acosta,266,FLU,4,Meia,7,11.1,0.72,5.06,23,0,True,5.0,5.0,23.0,20.0,13.0,17.0,5.0,,,,5.0,,,,,,1.0,,,
107453,João Paulo,315,CHA,3,Zagueiro,6,4.5,0.0,3.13,6,0,False,1.0,3.0,6.0,11.0,2.0,3.0,1.0,,,,,,,,,,,,,
89274,Andreas Pereira,275,PAL,4,Meia,7,12.03,0.3,4.8,28,0,True,10.0,3.0,29.0,23.0,18.0,26.0,1.0,5.0,,,11.0,,,,,,1.0,,,
89368,Braithwaite,284,GRE,5,Atacante,6,5.19,0.15,0.53,18,0,True,,,3.0,10.0,2.0,9.0,,4.0,,,2.0,,,,,,,,,
78850,Reinaldo,2305,MIR,2,Lateral,7,7.68,-1.26,3.37,23,0,True,4.0,5.0,14.0,13.0,13.0,14.0,1.0,,2.0,,6.0,,,,,,1.0,,,
126471,Barreal,277,SAN,4,Meia,6,9.79,-0.32,5.1,20,0,True,1.0,6.0,36.0,23.0,14.0,17.0,4.0,3.0,,,7.0,,1.0,,,1.0,,,,
39148,Hulk,266,FLU,5,Atacante,6,13.05,-1.0,7.06,21,0,True,5.0,2.0,9.0,12.0,19.0,54.0,7.0,8.0,,,15.0,,,,,,,,,
51772,Everton Ribeiro,265,BAH,4,Meia,6,7.84,0.0,3.96,18,0,False,4.0,1.0,22.0,12.0,6.0,29.0,,,,,4.0,,1.0,,,,,,,
100652,Yuri Alberto,264,COR,5,Atacante,7,10.25,-0.33,4.07,18,0,True,2.0,2.0,8.0,24.0,15.0,12.0,3.0,13.0,,,14.0,,,,,,1.0,,,
140438,David,315,CHA,4,Meia,6,1.03,0.0,0.65,9,0,False,,,3.0,2.0,3.0,1.0,,,,,,,1.0,,,,,,,
80287,Luciano,276,SAO,5,Atacante,5,13.05,0.0,5.59,22,0,False,1.0,4.0,16.0,24.0,17.0,34.0,8.0,8.0,,,8.0,3.0,,,,,1.0,,1.0,
130414,Robert,315,CHA,4,Meia,5,3.51,0.0,3.0,1,0,False,,,2.0,,,,,,,,,,,,,,,,,
141776,Gustavo Henrique,277,SAN,4,Meia,7,4.72,0.99,3.58,15,0,True,,5.0,34.0,19.0,3.0,23.0,,,,,2.0,,,,,1.0,,,,
122781,Caballero,277,SAN,5,Atacante,6,3.47,0.0,1.69,7,0,False,,,2.0,5.0,4.0,4.0,,1.0,,,1.0,1.0,,,,,1.0,,,
103445,Kaio Jorge,283,CRU,5,Atacante,7,12.61,1.68,5.33,22,0,True,1.0,2.0,6.0,8.0,22.0,22.0,8.0,6.0,,,9.0,2.0,,,,,1.0,,,
128433,Johan Rojas,267,VAS,4,Meia,6,4.07,0.0,1.71,17,0,False,1.0,3.0,7.0,13.0,8.0,3.0,,3.0,,,8.0,,,,,,1.0,,,
94583,Pedro,262,FLA,5,Atacante,7,15.66,-0.58,8.19,27,0,True,5.0,2.0,18.0,17.0,15.0,22.0,16.0,5.0,,,18.0,1.0,,,,,1.0,,,
86292,Bolasie,315,CHA,5,Atacante,6,3.75,-0.06,1.98,20,0,True,2.0,4.0,5.0,24.0,12.0,15.0,1.0,3.0,,,7.0,1.0,,,,,1.0,,1.0,
101908,Willian Machado,2305,MIR,3,Zagueiro,7,5.25,-0.86,3.39,22,0,True,1.0,3.0,31.0,19.0,3.0,13.0,1.0,,2.0,,4.0,,,,,,,,,
114802,Vitor Roque,275,PAL,5,Atacante,7,15.15,-0.15,6.44,17,0,True,,1.0,15.0,15.0,12.0,41.0,5.0,4.0,,,8.0,1.0,,,,,4.0,,,
106104,Enamorado,284,GRE,5,Atacante,3,7.82,1.08,3.52,23,0,True,3.0,4.0,27.0,16.0,10.0,34.0,,2.0,,,5.0,,,,,,1.0,,,
146991,Rhuan Gabriel,283,CRU,4,Meia,6,1.39,0.0,1.2,1,0,False,,,,1.0,,3.0,,,,,,,,,,,,,,
144423,Nicolas Pontes,283,CRU,2,Lateral,6,1.0,0.0,0.0,0,0,False,,,,,,,,,,,,,,,,,,,,
115025,Miguelito,277,SAN,4,Meia,6,5.19,0.0,4.05,10,0,False,2.0,1.0,13.0,8.0,4.0,6.0,1.0,,,,1.0,,1.0,,,,,,,
133673,Mateus Xavier,277,SAN,5,Atacante,6,2.33,0.0,1.2,1,0,False,,,1.0,1.0,,,,,,,,,,,,,,,,
115986,Denilson,2305,MIR,4,Meia,7,4.61,-0.28,2.95,18,0,True,,4.0,31.0,29.0,2.0,17.0,1.0,,,,2.0,,1.0,,,,,,,
145400,Cauê,280,RBB,2,Lateral,6,4.23,0.0,3.47,3,0,False,,1.0,4.0,4.0,2.0,,,,1.0,,,,,,,,,,,
142130,Marcelo Eráclito,283,CRU,1,Goleiro,6,1.0,0.0,0.0,0,0,False,,,,,,,,,,,,,,,,,,,,
132412,Román Gómez,265,BAH,2,Lateral,2,7.81,-0.01,4.73,13,0,True,,2.0,25.0,18.0,8.0,10.0,,,4.0,,,,,,,,,,,
118655,Saldivia,267,VAS,3,Zagueiro,7,5.99,-1.38,3.76,13,0,True,1.0,3.0,22.0,14.0,5.0,12.0,,,2.0,,1.0,,,,,,,1.0,,
126182,Paulinho,285,INT,4,Meia,6,3.85,-0.1,1.9,22,0,True,,8.0,25.0,29.0,6.0,21.0,,1.0,,,5.0,,,,,,,,,
90061,Bruno Pacheco,315,CHA,2,Lateral,7,6.57,-0.77,4.7,18,0,True,3.0,3.0,36.0,12.0,1.0,17.0,1.0,1.0,1.0,,,,,,,,,,,
94514,Lucas Oliveira,2305,MIR,3,Zagueiro,2,4.75,-0.03,2.75,11,0,True,,2.0,11.0,3.0,2.0,2.0,1.0,1.0,1.0,,1.0,,,,,,,,,
108713,Galeano,364,REM,5,Atacante,3,4.26,-0.45,1.75,17,0,True,,3.0,7.0,7.0,8.0,19.0,,2.0,,,7.0,,,,,,,,,
147090,Kauã Pascini,282,CAM,2,Lateral,7,3.91,0.0,3.35,9,0,False,,1.0,10.0,7.0,2.0,1.0,,,3.0,,1.0,,,,,,,,,
103183,Andrew,262,FLA,1,Goleiro,6,3.0,0.0,0.0,0,0,False,,,,,,,,,,,,,,,,,,,,
93988,Breno Lopes,294,CFC,5,Atacante,7,8.32,-0.38,4.83,24,0,True,1.0,3.0,15.0,9.0,7.0,32.0,8.0,11.0,,,7.0,1.0,,,,,,,,
133696,Wallace Davi,263,BOT,4,Meia,6,4.0,0.0,0.0,0,0,False,,,,,,,,,,,,,,,,,,,,
114040,Minda,282,CAM,5,Atacante,7,7.2,0.0,3.61,16,0,False,2.0,,7.0,2.0,6.0,8.0,2.0,2.0,,,5.0,1.0,,,,,2.0,,,
70666,Marllon,364,REM,3,Zagueiro,7,6.18,0.31,3.04,26,0,True,1.0,4.0,32.0,13.0,3.0,14.0,2.0,,2.0,,1.0,,,,,,,1.0,,
141131,Vitão,282,CAM,3,Zagueiro,6,4.68,-0.54,4.52,6,0,True,,1.0,8.0,4.0,1.0,1.0,1.0,,1.0,,,,,,,,1.0,,,
130048,Noriega,284,GRE,3,Zagueiro,7,7.14,0.0,3.71,20,0,False,1.0,5.0,26.0,32.0,4.0,20.0,1.0,,4.0,,3.0,,,,,,,,,
83433,Patrick,364,REM,4,Meia,7,5.24,-0.07,3.66,24,0,True,,,43.0,15.0,7.0,24.0,,1.0,,,2.0,,1.0,,,,3.0,,,
106302,Preciado,282,CAM,2,Lateral,6,7.65,0.0,4.38,11,0,False,1.0,4.0,17.0,19.0,4.0,16.0,,,3.0,,1.0,,,,,,,,,
126120,Marcelinho,280,RBB,4,Meia,6,3.16,0.0,2.18,5,0,False,1.0,,2.0,4.0,2.0,3.0,,2.0,,,1.0,,,,,,,,,
94154,Maycon,282,CAM,4,Meia,6,4.88,0.07,2.12,17,0,True,,,11.0,13.0,2.0,7.0,2.0,,,,2.0,,,,,,,,,
69208,Gabriel Paulista,264,COR,3,Zagueiro,7,8.32,0.07,4.0,20,0,True,,5.0,21.0,14.0,11.0,9.0,1.0,1.0,7.0,,1.0,,,,,,,,,
130280,Phillipe Gabriel,267,VAS,1,Goleiro,6,1.0,0.0,0.0,0,0,False,,,,,,,,,,,,,,,,,,,,
105157,Villagra,285,INT,4,Meia,7,5.73,0.57,2.24,21,0,True,,4.0,28.0,32.0,5.0,22.0,,,,,3.0,,,,,,,,,
116034,Victor Hugo,282,CAM,4,Meia,6,6.59,0.19,3.56,21,0,True,1.0,1.0,10.0,5.0,8.0,21.0,4.0,,,,7.0,,,,,,,,,
106708,Igor Formiga,2305,MIR,2,Lateral,7,8.67,-1.21,5.98,23,0,True,4.0,2.0,54.0,33.0,13.0,8.0,3.0,,1.0,,4.0,,,,,,,,,
101715,Alerrandro,285,INT,5,Atacante,7,6.06,-0.12,3.32,22,0,True,3.0,1.0,8.0,23.0,14.0,21.0,3.0,5.0,,,7.0,,,,,,,,,
71536,Luiz Gustavo,293,CAP,4,Meia,7,6.36,0.52,3.51,20,0,True,,2.0,24.0,19.0,4.0,22.0,2.0,,,,8.0,,1.0,,,,1.0,,,
141873,Jacaré,264,COR,2,Lateral,6,2.0,0.0,0.0,0,0,False,,,,,,,,,,,,,,,,,,,,
103388,Emmanuel Martínez,287,VIT,4,Meia,7,6.02,-0.31,3.25,20,0,True,,6.0,38.0,28.0,5.0,32.0,,1.0,,,2.0,,,,,,,,,
95362,Cassierra,282,CAM,5,Atacante,5,6.61,0.0,2.5,21,0,False,1.0,1.0,3.0,11.0,7.0,10.0,3.0,4.0,,,6.0,,,,,,2.0,,,
86859,José Welison,364,REM,4,Meia,7,3.74,0.0,2.62,23,0,False,,6.0,41.0,36.0,13.0,14.0,,,,,1.0,,,,,,,1.0,,
113125,Picco,364,REM,4,Meia,6,6.12,-0.03,3.38,26,0,True,,2.0,47.0,27.0,9.0,4.0,2.0,,,,2.0,,,,,,,,,
105089,Tetê,284,GRE,5,Atacante,6,8.28,-0.84,3.52,21,0,True,,1.0,18.0,9.0,15.0,16.0,2.0,1.0,,,10.0,,,,,,1.0,,,
100342,Léo Andrade,364,REM,3,Zagueiro,6,4.79,0.0,2.95,4,0,False,,1.0,9.0,4.0,,1.0,,,,,,,,,,,,,,
123689,Milans,264,COR,2,Lateral,6,7.2,0.0,4.26,7,0,False,,,9.0,7.0,,7.0,,1.0,3.0,,,,,,,,,,,
97906,Riccieli,287,VIT,3,Zagueiro,6,4.85,0.0,3.5,2,0,False,,,1.0,1.0,1.0,,,,1.0,,,,,,,,,,,
142265,Dell,265,BAH,5,Atacante,6,1.82,0.0,0.65,4,0,False,,,2.0,3.0,1.0,3.0,,,,,1.0,,,,,1.0,,,,
146374,Gilberto Junior,293,CAP,2,Lateral,6,5.56,-0.45,3.67,8,0,True,,,11.0,3.0,,3.0,,1.0,2.0,,2.0,,,,,,,,,
90370,Matheus Pereira,264,COR,4,Meia,7,2.83,-0.04,0.8,20,0,True,,2.0,9.0,13.0,5.0,4.0,,,,,2.0,,,,,,,,,
146623,Luis Pacheco,275,PAL,4,Meia,6,1.72,0.0,-0.08,4,0,False,,2.0,1.0,2.0,1.0,,,,,,,,,,,,,,,
110598,Marino Hinestroza,267,VAS,5,Atacante,6,4.84,-0.82,1.62,15,0,True,,,7.0,6.0,7.0,14.0,,,,,,,,,,,1.0,,,
87552,Vitor Bueno,364,REM,4,Meia,6,7.21,0.25,3.9,22,0,True,3.0,2.0,7.0,11.0,8.0,19.0,4.0,,,,12.0,,,,,,1.0,,,
110633,Gustavo,294,CFC,4,Meia,6,3.3,0.0,0.9,4,0,False,,,1.0,,2.0,1.0,,,,,,,,,,,,,,
105842,Edu,287,VIT,3,Zagueiro,5,4.13,0.0,1.5,1,0,False,,,1.0,,,,,,,,,,,,,,,,,
147088,Cissé,282,CAM,4,Meia,7,2.2,-0.21,1.79,16,0,True,,2.0,9.0,14.0,4.0,18.0,1.0,1.0,,,1.0,,,,,,,,,
107859,Fintelman,287,VIT,1,Goleiro,6,2.0,0.0,0.0,0,0,False,,,,,,,,,,,,,,,,,,,,
145404,Arthur,275,PAL,2,Lateral,6,5.37,0.41,4.43,20,0,True,,1.0,27.0,25.0,6.0,12.0,,,9.0,,3.0,,,,,1.0,,,,
140496,Tiaguinho,284,GRE,4,Meia,6,0.93,0.0,0.0,1,0,False,,,,,,,,,,,,,,,,,,,,
68952,Marinho,287,VIT,5,Atacante,6,4.6,0.0,2.02,12,0,False,,2.0,9.0,10.0,5.0,19.0,,2.0,,,2.0,,,,,,,,,
141628,Pablo Lúcio,262,FLA,4,Meia,6,2.0,0.0,0.0,0,0,False,,,,,,,,,,,,,,,,,,,,
99789,Brenner,267,VAS,5,Atacante,6,6.94,0.0,2.9,14,0,False,,1.0,8.0,4.0,7.0,11.0,1.0,3.0,,,5.0,,,,,,2.0,,,
107075,Yuri Sena,287,VIT,1,Goleiro,6,1.0,0.0,0.0,0,0,False,,,,,,,,,,,,,,,,,,,,
101729,Fabinho,294,CFC,5,Atacante,6,2.17,0.08,1.36,12,0,True,1.0,1.0,1.0,6.0,3.0,2.0,1.0,,,,1.0,,,,,,,,,
130906,Riquelme,293,CAP,4,Meia,6,1.53,0.0,1.06,5,0,False,,1.0,4.0,3.0,,,,,,,1.0,,,,,,,,,
145436,Belé,275,PAL,5,Atacante,6,3.0,0.0,0.0,0,0,False,,,,,,,,,,,,,,,,,,,,
94930,Lucas Paquetá,262,FLA,4,Meia,7,13.94,-0.81,6.58,18,0,True,,4.0,35.0,27.0,19.0,32.0,5.0,3.0,,,6.0,,,,,,,,,
141551,Índio,282,CAM,4,Meia,6,1.0,0.0,0.0,0,0,False,,,,,,,,,,,,,,,,,,,,
146632,Alisson,285,INT,2,Lateral,6,1.0,0.0,0.0,0,0,False,,,,,,,,,,,,,,,,,,,,
104134,Fabri,287,VIT,5,Atacante,6,5.12,0.0,2.49,9,0,False,1.0,,6.0,3.0,3.0,3.0,,,,,2.0,,,,,,1.0,,,
124270,Allex,285,INT,4,Meia,5,2.25,0.0,1.25,11,0,False,,1.0,5.0,3.0,3.0,9.0,,,,,1.0,,,,,,,,,
147202,João Bezerra,285,INT,5,Atacante,6,1.19,0.0,0.6,2,0,False,,,,,,,,,,,1.0,,,,,,,,,
118844,Kaio César,264,COR,5,Atacante,3,9.83,-0.21,5.77,17,0,True,2.0,3.0,26.0,13.0,8.0,46.0,2.0,1.0,,,9.0,,,,,,,,,
145036,Fernando Pradella,277,SAN,5,Atacante,6,0.82,0.0,0.0,1,0,False,,,,,,,,,,,,,,,,,,,,
89256,Gerson,283,CRU,4,Meia,7,8.46,0.06,4.56,25,0,True,3.0,5.0,49.0,27.0,8.0,49.0,,5.0,,,7.0,,,,,,,,,
147883,João Vitor,267,VAS,5,Atacante,6,3.49,0.0,3.13,4,0,False,,,8.0,,,1.0,,,,,,,,,,,,,,
130698,Kadu,263,BOT,2,Lateral,6,1.0,0.0,0.0,0,0,False,,,,,,,,,,,,,,,,,,,,
141615,Pedro Ferreira,276,SAO,4,Meia,6,1.55,0.3,1.1,4,0,True,,,,3.0,2.0,5.0,,,,,1.0,,,,,,,,,
151003,Eduardo,275,PAL,5,Atacante,6,1.0,0.0,0.0,0,0,False,,,,,,,,,,,,,,,,,,,,
111279,Mancha,315,CHA,2,Lateral,6,3.0,0.0,0.0,0,0,False,,,,,,,,,,,,,,,,,,,,
108131,Garcez,315,CHA,5,Atacante,7,4.68,-0.5,3.65,14,0,True,,,11.0,9.0,12.0,14.0,2.0,2.0,,,4.0,,,,,,,,,
142638,João Victor,285,INT,5,Atacante,6,0.63,0.0,-0.8,1,0,False,,1.0,,1.0,,1.0,,,,,,,,,,,,,,
147782,Arthur Novaes,263,BOT,4,Meia,6,1.0,0.0,0.0,0,0,False,,,,,,,,,,,,,,,,,,,,
142086,Kauan Toledo,263,BOT,5,Atacante,6,2.55,0.0,1.99,9,0,True,,1.0,8.0,10.0,3.0,8.0,,1.0,,,3.0,,,,,,,,,
141991,Tico,364,REM,5,Atacante,6,0.94,0.0,0.25,2,0,False,,,,,,1.0,,,,,,,,,,,,,,
147788,Arthur Izaque,263,BOT,5,Atacante,6,1.0,0.0,0.0,0,0,False,,,,,,,,,,,,,,,,,,,,
148109,Filipe Lima,364,REM,5,Atacante,6,1.0,0.0,0.0,0,0,False,,,,,,,,,,,,,,,,,,,,
141126,Pedro Cobra,282,CAM,1,Goleiro,6,1.0,0.0,0.0,0,0,False,,,,,,,,,,,,,,,,,,,,
148103,Rafael Soares,364,REM,4,Meia,6,1.0,0.0,0.0,0,0,False,,,,,,,,,,,,,,,,,,,,
130438,Diego,285,INT,1,Goleiro,6,1.0,0.0,0.0,0,0,False,,,,,,,,,,,,,,,,,,,,
143463,Wesley Natã,266,FLU,5,Atacante,6,2.77,1.97,3.5,2,0,True,1.0,,1.0,1.0,1.0,,,,,,,,,,,,,,,
82407,Chico Kim,2305,MIR,4,Meia,7,3.19,-0.7,1.77,8,0,True,,,6.0,5.0,3.0,6.0,,,,,1.0,,,,,,,,,
112939,Catarozzi,364,REM,4,Meia,6,5.41,0.0,0.9,1,0,False,,,1.0,2.0,,,,,,,,,,,,,,,,
116065,Cuiabano,267,VAS,2,Lateral,6,12.84,-0.32,7.68,17,0,True,4.0,4.0,49.0,17.0,13.0,17.0,1.0,1.0,2.0,,8.0,,,,,,,,,
108162,Nardoni,284,GRE,4,Meia,6,5.68,-0.37,1.81,17,0,True,,2.0,11.0,19.0,4.0,19.0,1.0,1.0,,,1.0,,,,,,,,,
147546,Roger,284,GRE,4,Meia,6,1.5,0.0,1.2,2,0,False,,,1.0,1.0,,,,,,,1.0,,,,,,,,,
148215,Djhordney,276,SAO,4,Meia,7,1.7,0.13,1.38,7,0,True,,2.0,9.0,11.0,,3.0,,,,,,,,,,,,,,
146410,Marquinhos,263,BOT,4,Meia,6,0.85,0.0,0.0,1,0,False,,,,,,,,,,,,,,,,,,,,
146430,Justino,263,BOT,3,Zagueiro,6,3.34,0.0,2.75,10,0,False,,4.0,8.0,5.0,,10.0,1.0,,1.0,,,,,,,,1.0,,,
99815,Arias,275,PAL,4,Meia,7,13.74,0.21,6.85,23,0,True,3.0,4.0,50.0,25.0,16.0,39.0,4.0,4.0,,,10.0,,,,,,1.0,,,
127969,Matheus Reis,266,FLU,5,Atacante,5,1.0,0.0,0.0,0,0,False,,,,,,,,,,,,,,,,,,,,
148152,Ararat,294,CFC,4,Meia,6,4.0,0.0,0.0,0,0,False,,,,,,,,,,,,,,,,,,,,
110144,Spinelli,267,VAS,5,Atacante,6,5.59,0.0,2.95,16,0,False,,,10.0,16.0,13.0,10.0,1.0,,,,9.0,,,,,,1.0,,,
148124,Vinicius,315,CHA,3,Zagueiro,6,1.63,0.0,0.1,2,0,False,,1.0,1.0,1.0,,,,,,,,,,,,,,,,
97911,Lucas Silva,287,VIT,5,Atacante,2,3.62,0.77,1.6,5,0,True,,1.0,2.0,,2.0,4.0,,,,,2.0,,,,,,,,,
148206,Nadson,277,SAN,5,Atacante,6,1.0,0.0,0.0,0,0,False,,,,,,,,,,,,,,,,,,,,
145563,João Ananias,277,SAN,3,Zagueiro,6,3.43,0.0,2.5,6,0,False,,1.0,9.0,6.0,1.0,3.0,,,1.0,,,,,,,,,1.0,,
97899,Matheus Bahia,285,INT,2,Lateral,6,6.27,-0.4,3.9,19,0,True,2.0,4.0,31.0,20.0,1.0,20.0,,4.0,4.0,,1.0,,1.0,,,1.0,,,,
109987,Medina,263,BOT,4,Meia,2,6.76,-0.53,3.64,18,0,True,,3.0,30.0,17.0,7.0,27.0,1.0,,,,3.0,1.0,,,,1.0,,,,
105048,Jajá,364,REM,5,Atacante,6,6.5,0.06,5.15,23,0,True,1.0,2.0,24.0,17.0,10.0,24.0,7.0,7.0,,,10.0,,,,,1.0,,,,
130393,Luiz Gustavo,265,BAH,3,Zagueiro,6,1.0,0.0,0.0,0,0,False,,,,,,,,,,,,,,,,,,,,
104666,Moisés,277,SAN,5,Atacante,6,4.78,0.0,2.35,13,0,False,1.0,,2.0,5.0,,5.0,2.0,,,,4.0,1.0,,,,,,,,
131964,Jhoan Hernández,263,BOT,2,Lateral,6,3.69,0.0,0.0,1,0,False,,,,,,,,,,,,,,,,,,,,
93371,Rodrigo Rodrigues,294,CFC,5,Atacante,6,3.28,0.0,-0.9,1,0,False,,,,3.0,,,,,,,,,,,,,,,,
126189,Tomás Pérez,282,CAM,4,Meia,3,2.87,-1.12,1.33,15,0,True,,2.0,16.0,14.0,1.0,4.0,,,,,2.0,,,,,1.0,,,,
124386,Kainã,315,CHA,1,Goleiro,6,1.0,0.0,0.0,0,0,False,,,,,,,,,,,,,,,,,,,,
101807,Oliva,277,SAN,4,Meia,7,6.09,-0.26,3.25,19,0,True,2.0,1.0,21.0,27.0,6.0,12.0,2.0,,,,2.0,,,,,,,,,
104036,Labyad,264,COR,4,Meia,5,4.52,0.0,2.05,11,0,False,2.0,1.0,3.0,6.0,1.0,4.0,1.0,,,,,,,,,,,,,
92747,Eduardo Domínguez,282,CAM,6,Técnico,7,10.16,0.05,5.4,24,0,True,,,,,,,,,,11.0,,,,,,,,,,
141400,Huguinho,263,BOT,4,Meia,7,5.29,0.99,3.14,11,0,True,,4.0,16.0,21.0,6.0,18.0,1.0,,,,,,1.0,,,,,,,
100804,Tchamba,364,REM,3,Zagueiro,6,4.48,0.0,2.7,20,0,False,1.0,1.0,25.0,8.0,5.0,9.0,,1.0,2.0,,2.0,,,,,,,2.0,,
133671,Gustavo Reis,280,RBB,1,Goleiro,6,1.0,0.0,0.0,0,0,False,,,,,,,,,,,,,,,,,,,,
147545,Jefinho,284,GRE,4,Meia,6,1.46,0.0,1.5,1,0,False,,,1.0,,,,,,,,,,,,,,,,,
93368,Lucas Veríssimo,277,SAN,3,Zagueiro,7,8.94,-0.3,4.46,15,0,True,1.0,3.0,25.0,19.0,4.0,8.0,,2.0,5.0,,1.0,,,,,,,,,
124219,Millán,266,FLU,3,Zagueiro,7,4.87,1.25,1.97,8,0,True,,1.0,3.0,7.0,4.0,,,1.0,2.0,,1.0,,,,,,,,,
93834,Keiller,294,CFC,1,Goleiro,6,4.0,0.0,0.0,0,0,False,,,,,,,,,,,,,,,,,,,,
143465,Keven Samuel,266,FLU,5,Atacante,6,1.0,0.0,0.0,0,0,False,,,,,,,,,,,,,,,,,,,,
124424,Rodrigo Castillo,266,FLU,5,Atacante,7,6.78,-0.31,3.66,16,0,True,1.0,2.0,9.0,26.0,6.0,17.0,4.0,3.0,,,4.0,,,,,,,,,
139200,Pedro Kauã,285,INT,3,Zagueiro,6,1.0,0.0,0.0,0,0,False,,,,,,,,,,,,,,,,,,,,
41929,Renato Gaúcho,284,GRE,6,Técnico,7,9.65,-0.44,5.22,16,0,True,,,,,,,,,,5.0,,,,,,,,,,
147875,Daniel Silva,262,FLA,3,Zagueiro,6,1.0,0.0,0.0,0,0,False,,,,,,,,,,,,,,,,,,,,
142261,Jeferson,284,GRE,5,Atacante,6,1.0,0.0,0.0,0,0,False,,,,,,,,,,,,,,,,,,,,
88963,Leonardo Jardim,262,FLA,6,Técnico,7,12.91,-0.19,7.3,25,0,True,,,,,,,,,,16.0,,,,,,,,,,
142275,Luiz Felipe,262,FLA,4,Meia,6,1.0,0.0,0.0,0,0,False,,,,,,,,,,,,,,,,,,,,
81720,Lingard,264,COR,5,Atacante,6,3.67,0.0,1.62,17,0,False,1.0,2.0,12.0,19.0,6.0,8.0,,1.0,,,3.0,,,,,,,,,
115537,Marcos Victor,265,BAH,3,Zagueiro,2,5.05,0.0,3.77,6,0,False,,,12.0,3.0,,1.0,,,1.0,,,,,,,,,,,
121823,Kauê,264,COR,1,Goleiro,6,5.21,0.0,4.98,4,0,False,,2.0,,,,1.0,,,1.0,,,,,18.0,7.0,,,,,
133690,Bruno Lopes,267,VAS,5,Atacante,6,1.57,0.0,1.7,1,0,False,,,,1.0,1.0,,,,,,1.0,,,,,,,,,
148125,Ryan Augusto,280,RBB,2,Lateral,7,4.69,1.14,3.72,7,0,True,,,9.0,3.0,3.0,5.0,,1.0,1.0,,3.0,,,,,,,,,
129661,Wendel,265,BAH,4,Meia,6,1.0,0.0,0.0,0,0,False,,,,,,,,,,,,,,,,,,,,
142260,Bernardo Zortea,284,GRE,4,Meia,6,1.1,-0.62,0.88,5,0,True,,,3.0,4.0,2.0,1.0,,,,,,,1.0,,,,,,,
140726,David Martins,265,BAH,4,Meia,6,0.65,0.0,-0.1,3,0,False,,,,1.0,,,,,,,,,,,,,,,,
141752,Caio Valle,263,BOT,4,Meia,6,1.0,0.0,0.0,0,0,False,,,,,,,,,,,,,,,,,,,,
147268,Anderson Pato,287,VIT,5,Atacante,6,3.12,0.0,1.38,4,0,False,,1.0,4.0,1.0,1.0,,,,,,,,,,,,,,,
143153,Tarzia,287,VIT,5,Atacante,3,4.34,0.05,3.16,22,0,True,1.0,3.0,18.0,22.0,9.0,29.0,2.0,2.0,,,8.0,,,,,,,,,
141594,Pedro Gabriel,284,GRE,2,Lateral,6,5.78,0.0,3.3,15,0,False,1.0,7.0,17.0,22.0,3.0,3.0,,,5.0,,3.0,,,,,,,,,
145659,Nicolas,276,SAO,2,Lateral,5,2.79,0.0,5.0,1,0,False,,,,,,,,,1.0,,,,,,,,,,,
95131,Gabriel Taliari,364,REM,5,Atacante,7,9.07,0.19,4.92,17,0,True,1.0,2.0,14.0,28.0,15.0,31.0,4.0,5.0,,,6.0,2.0,,,,,,,,
84268,Georgemy,2305,MIR,1,Goleiro,6,3.0,0.0,0.0,0,0,False,,,,,,,,,,,,,,,,,,,,
147192,Claudinho,293,CAP,2,Lateral,6,6.48,-1.36,6.47,7,0,True,1.0,,13.0,10.0,2.0,6.0,,,3.0,,1.0,,,,,,1.0,,,
42411,Cuca,277,SAN,6,Técnico,7,10.21,-0.01,6.13,20,0,True,,,,,,,,,,9.0,,,,,,,,,,
141184,Walace Falcão,267,VAS,3,Zagueiro,6,1.0,0.0,0.0,0,0,False,,,,,,,,,,,,,,,,,,,,
107256,Zé Vitor,287,VIT,4,Meia,2,6.64,0.0,4.79,17,0,False,,4.0,40.0,36.0,13.0,28.0,1.0,,,,4.0,,1.0,,,,,,,
142257,Luis Eduardo,284,GRE,3,Zagueiro,6,1.45,0.0,-0.3,2,0,False,,,,2.0,,,,,,,,,,,,,,,,
127273,Artur Jorge,283,CRU,6,Técnico,7,12.31,0.46,6.66,21,0,True,,,,,,,,,,14.0,,,,,,,,,,
97905,Matheus Aurélio,315,CHA,1,Goleiro,6,2.61,0.0,1.7,2,0,False,,1.0,,,,,,,,,,,,8.0,6.0,,,,,
110605,Vinícius Balieiro,315,CHA,4,Meia,5,3.62,0.0,1.84,5,0,False,,,5.0,1.0,,4.0,,,,,,,,,,,,,,
130209,Renê,287,VIT,5,Atacante,7,9.09,-0.69,7.01,20,0,True,1.0,2.0,14.0,18.0,14.0,36.0,9.0,4.0,,,15.0,,,,,,1.0,,,
143252,Gean,287,VIT,2,Lateral,6,1.0,0.0,0.0,0,0,False,,,,,,,,,,,,,,,,,,,,
149715,Rafael Gonzaga,277,SAN,2,Lateral,6,2.79,0.0,2.4,1,0,False,,,2.0,2.0,,,,,,,,,,,,,,,,
121811,Da Silva,315,CHA,4,Meia,6,3.0,0.0,0.0,0,0,False,,,,,,,,,,,,,,,,,,,,
123005,Sidney,265,BAH,4,Meia,6,1.0,0.0,0.0,0,0,False,,,,,,,,,,,,,,,,,,,,
102877,Gabriel Poveda,364,REM,5,Atacante,6,1.97,0.0,0.43,15,0,False,,,4.0,5.0,1.0,6.0,,,,,1.0,,,,,1.0,,,,
101820,Mayk,364,REM,2,Lateral,6,5.75,0.0,3.27,14,0,False,1.0,,14.0,4.0,3.0,7.0,,,3.0,,,,,,,,,,,
123016,David Braga,364,REM,4,Meia,6,4.2,1.32,1.75,12,0,True,,2.0,7.0,5.0,1.0,8.0,1.0,,,,1.0,,,,,,,,,
103347,Matheus Alexandre,364,REM,2,Lateral,6,4.19,0.0,1.92,11,0,False,,1.0,5.0,4.0,1.0,,,,3.0,,,,,,,,,,,
94034,Kevin Ramírez,315,CHA,5,Atacante,6,4.21,0.0,3.18,5,0,False,1.0,,3.0,,1.0,4.0,,,,,3.0,,,,,,,,,
149993,Iago Machado,264,COR,3,Zagueiro,6,1.11,0.0,0.6,2,0,False,,,1.0,1.0,,,,,,,,,,,,,,,,
150197,Osorio,276,SAO,3,Zagueiro,6,1.38,0.0,1.33,6,0,False,1.0,1.0,6.0,10.0,,2.0,,,,,,,,,,1.0,,,,
124264,Kauan Jesus,285,INT,1,Goleiro,6,1.0,0.0,0.0,0,0,False,,,,,,,,,,,,,,,,,,,,
148717,Tetê,276,SAO,5,Atacante,6,0.63,0.0,-0.32,5,0,False,,1.0,,2.0,,,,,,,,,,,,,,,,
130282,Anthony,263,BOT,3,Zagueiro,6,3.0,0.0,0.0,0,0,False,,,,,,,,,,,,,,,,,,,,
147089,Cauã Soares,282,CAM,5,Atacante,6,1.39,0.0,0.73,6,0,False,,,1.0,,,1.0,,,,,2.0,,,,,,,,,
141405,Avellar,267,VAS,2,Lateral,6,2.8,0.0,3.45,2,0,False,,,4.0,1.0,,,,,,,1.0,,,,,,,,,
85465,Alex Santana,264,COR,4,Meia,6,4.02,0.0,0.8,1,0,False,,,,,1.0,,,,,,,,,,,,,,,
130309,Rodrigo Falcão,277,SAN,1,Goleiro,6,1.0,0.0,0.0,0,0,False,,,,,,,,,,,,,,,,,,,,
130399,Igor Felisberto,276,SAO,2,Lateral,6,1.0,0.0,0.0,0,0,False,,,,,,,,,,,,,,,,,,,,
149991,David,294,CFC,5,Atacante,6,0.92,0.0,0.0,1,0,False,,,,,,,,,,,,,,,,,,,,
146701,Benjamin Arhin,285,INT,4,Meia,6,1.73,0.0,-0.3,1,0,False,,,,1.0,,,,,,,,,,,,,,,,
150757,Samuel Pierri,277,SAN,4,Meia,6,1.88,0.0,0.45,2,0,False,,,1.0,2.0,,,,,,,,,,,,,,,,
141795,Kauan Coutinho,287,VIT,3,Zagueiro,5,1.0,0.0,0.0,0,0,False,,,,,,,,,,,,,,,,,,,,
143253,Wendell,287,VIT,4,Meia,6,2.0,0.0,0.0,0,0,False,,,,,,,,,,,,,,,,,,,,
149994,Jhuan Nunes,280,RBB,5,Atacante,6,1.54,0.0,1.15,2,0,False,,,1.0,,1.0,,,,,,,,,,,,,,,
130233,Iuri,265,BAH,1,Goleiro,6,1.0,0.0,0.0,0,0,False,,,,,,,,,,,,,,,,,,,,
150826,Nícollas,264,COR,5,Atacante,6,1.0,0.0,0.0,0,0,False,,,,,,,,,,,,,,,,,,,,
150825,Breno,280,RBB,3,Zagueiro,6,2.8,0.0,3.35,2,0,False,,,1.0,1.0,,1.0,,,1.0,,,,,,,,,,,
150180,Ramon Rique,267,VAS,4,Meia,6,4.31,0.0,3.08,8,0,False,2.0,,5.0,7.0,,,1.0,,,,1.0,,,,,,,,,
148092,Vitor Ramon,284,GRE,2,Lateral,6,1.0,0.0,0.2,1,0,False,,1.0,1.0,1.0,,,,,,,,,,,,,,,,
132750,João Pedro,277,SAN,1,Goleiro,6,1.0,0.0,0.0,0,0,False,,,,,,,,,,,,,,,,,,,,
142868,Johnny,262,FLA,2,Lateral,6,0.89,0.0,0.0,1,0,False,,,,,,,,,,,,,,,,,,,,
147792,Koné,275,PAL,3,Zagueiro,6,2.0,0.0,0.0,0,0,False,,,,,,,,,,,,,,,,,,,,
129665,Pablo,267,VAS,1,Goleiro,6,1.0,0.0,0.0,0,0,False,,,,,,,,,,,,,,,,,,,,
145660,Luiz Felipe,285,INT,2,Lateral,6,1.65,0.0,1.45,2,0,False,,,2.0,,,,,1.0,,,,,,,,,,,,
141382,Gustavo Santana,276,SAO,5,Atacante,6,3.6,0.0,3.6,4,0,False,,,1.0,3.0,3.0,2.0,1.0,,,,2.0,,,,,,,,,
144898,Vitinho,293,CAP,2,Lateral,6,1.0,0.0,0.0,0,0,False,,,,,,,,,,,,,,,,,,,,
150952,Arthur Monteiro,293,CAP,2,Lateral,6,1.0,0.0,0.0,0,0,False,,,,,,,,,,,,,,,,,,,,
147736,Pepê Fermino,277,SAN,4,Meia,6,1.0,0.0,0.0,0,0,False,,,,,,,,,,,,,,,,,,,,
96678,Bustos,294,CFC,2,Lateral,7,3.66,-0.64,-0.35,2,0,True,,,,4.0,,1.0,,,,,,,,,,,,,,
144255,João Alencar,277,SAN,3,Zagueiro,6,1.0,0.0,0.0,0,0,False,,,,,,,,,,,,,,,,,,,,
150959,Davizinho,277,SAN,2,Lateral,6,2.01,0.0,1.62,4,0,False,,,1.0,,,,,,1.0,,,,,,,,,,,
130279,Lukas Zuccarello,267,VAS,4,Meia,6,2.32,0.0,1.3,1,0,False,,,,,1.0,1.0,,,,,,,,,,,,,,
148126,Weimar Palacios,280,RBB,3,Zagueiro,6,1.0,0.0,0.0,0,0,False,,,,,,,,,,,,,,,,,,,,
141536,Yuri Alves,280,RBB,4,Meia,6,1.55,0.0,1.05,4,0,False,,,2.0,2.0,1.0,2.0,,,,,,,,,,,,,,
147544,Gabriel Menegon,284,GRE,1,Goleiro,6,1.81,0.0,0.0,1,0,False,,,,,,,,,,,,,,,,,,,,
141125,Robert,282,CAM,1,Goleiro,6,1.0,0.0,0.0,0,0,False,,,,,,,,,,,,,,,,,,,,
150995,Sayago,262,FLA,4,Meia,6,2.0,0.0,0.0,0,0,False,,,,,,,,,,,,,,,,,,,,
