aproveitamento_visitante,aproveitamento_mandante,local,status_transmissao_tr,status_cronometro_tr,periodo_tr,partida_data,inicio_cronometro_tr,placar_oficial_visitante,placar_oficial_mandante,partida_id,clube_visitante_posicao,clube_visitante_id,clube_casa_posicao,clube_casa_id,timestamp,campeonato_id,valida,transmissao.label,transmissao.url,nome_casa,nome_visitante,odd_casa,odd_vis,odd_empate,prob_casa,prob_vis,prob_over_25,forca_casa,forca_vis
"['e', 'd', 'v', 'e', 'v']","['d', 'd', 'e', 'd', 'd']",Cícero de Souza Marques,,,,2026-10-07 19:30:00,,,,346579,15,2305,11,280,1791412200,26,True,fique por dentro,https://ge.globo.com/sp/vale-do-paraiba-regiao/futebol/brasileirao-serie-a/jogo/07-10-2026/bragantino-mirassol.ghtml?utm_source=cartolafc,RBB,MIR,1.67,3.9,3.5,0.525,0.225,,favorito,zebra
"['d', 'd', 'd', 'd', 'd']","['e', 'd', 'd', 'v', 'd']",Beira-Rio,,,,2026-10-07 19:30:00,,,,346581,14,264,18,285,1791412200,26,True,fique por dentro,https://ge.globo.com/rs/futebol/brasileirao-serie-a/jogo/07-10-2026/internacional-corinthians.ghtml?utm_source=cartolafc,INT,COR,1.97,3.2,3.1,0.444,0.273,,favorito,zebra
"['v', 'd', 'd', 'd', 'e']","['d', 'd', 'd', 'd', 'd']",Mangueirão,,,,2026-10-07 19:30:00,,,,346584,17,284,19,364,1791412200,26,True,,,REM,GRE,2.13,3.03,3.23,0.423,0.298,,equilibrado,zebra
"['v', 'd', 'v', 'd', 'e']","['d', 'd', 'v', 'e', 'd']",Barradão,,,,2026-10-07 20:00:00,,,,346583,20,315,13,287,1791414000,26,True,fique por dentro,https://ge.globo.com/ba/futebol/brasileirao-serie-a/jogo/07-10-2026/vitoria-chapecoense.ghtml?utm_source=cartolafc,VIT,CHA,1.61,4.6,3.68,0.559,0.196,,favorito,zebra
"['d', 'v', 'd', 'v', 'v']","['d', 'e', 'e', 'v', 'd']",Nilton Santos (Engenhão),,,,2026-10-07 20:30:00,,,,346576,16,267,12,263,1791415800,26,True,fique por dentro,https://ge.globo.com/rj/futebol/brasileirao-serie-a/jogo/07-10-2026/botafogo-vasco.ghtml?utm_source=cartolafc,BOT,VAS,2.65,2.32,3.3,0.34,0.388,,zebra,equilibrado
"['v', 'v', 'd', 'v', 'd']","['v', 'd', 'v', 'd', 'v']",Mineirão,,,,2026-10-07 21:30:00,,,,346580,10,276,6,283,1791419400,26,True,fique por dentro,https://ge.globo.com/mg/futebol/brasileirao-serie-a/jogo/07-10-2026/cruzeiro-sao-paulo.ghtml?utm_source=cartolafc,CRU,SAO,1.82,3.6,3.35,0.488,0.247,,favorito,zebra
"['v', 'v', 'v', 'v', 'v']","['v', 'v', 'v', 'v', 'v']",Vila Belmiro,,,,2026-10-08 19:30:00,,,,346577,1,262,8,277,1791498600,26,True,fique por dentro,https://ge.globo.com/sp/santos-e-regiao/futebol/brasileirao-serie-a/jogo/08-10-2026/santos-flamengo.ghtml?utm_source=cartolafc,SAN,FLA,3.85,1.77,3.5,0.234,0.509,,zebra,favorito
"['v', 'd', 'v', 'e', 'v']","['v', 'e', 'd', 'e', 'v']",Arena da Baixada,,,,2026-10-08 20:00:00,,,,346582,7,282,3,293,1791500400,26,True,fique por dentro,https://ge.globo.com/pr/futebol/brasileirao-serie-a/jogo/08-10-2026/atletico-pr-atletico-mg.ghtml?utm_source=cartolafc,CAP,CAM,2.0,3.42,3.15,0.451,0.263,,equilibrado,zebra
"['v', 'v', 'd', 'e', 'd']","['v', 'e', 'v', 'd', 'v']",Maracanã,,,,2026-10-08 21:30:00,,,,346575,9,294,4,266,1791505800,26,True,,,FLU,CFC,1.44,6.0,4.05,0.627,0.15,,favorito_forte,zebra
"['v', 'v', 'v', 'v', 'd']","['v', 'e', 'e', 'v', 'e']",Nubank Parque,,,,2026-10-08 21:30:00,,,,346578,5,265,2,275,1791505800,26,True,,,PAL,BAH,1.49,5.25,4.05,0.605,0.172,,favorito_forte,zebra
