time,adversario,mandante,prob_vitoria,forca,adv_gc_pg,n_provaveis,n_valor_oculto,n_valor_bom,media_residuo_z,media_pb,preco_medio,concentracao_valor,momentum_of,momentum_def,sequencia,score_time,tier_time
CAP,CHA,False,0.462,favorito,2.230769230769231,12,1,6,0.777,3.226,7.66,0.583,1.418,2.047,3.0,0.847,A
BAH,MIR,True,0.552,favorito,1.5714285714285714,10,1,4,0.58,3.138,7.41,0.5,1.214,1.289,-2.0,0.727,A
FLA,FLU,True,0.649,favorito_forte,1.5714285714285714,11,1,3,0.514,3.499,10.43,0.364,0.916,0.928,6.0,0.624,B
CFC,BOT,True,0.351,zebra,1.7857142857142858,10,0,4,0.207,2.313,5.86,0.4,1.097,1.974,-2.0,0.617,B
RBB,CRU,True,0.437,equilibrado,1.7142857142857142,12,1,4,0.23,2.708,6.56,0.417,0.853,1.406,1.0,0.593,B
SAN,CAM,False,0.257,zebra,1.1428571428571428,11,0,6,0.374,2.825,6.57,0.545,1.418,0.944,8.0,0.593,B
SAO,VIT,True,0.544,favorito,2.142857142857143,12,0,2,0.122,2.758,7.02,0.167,0.703,1.024,-2.0,0.59,B
CHA,CAP,True,0.261,zebra,1.5,12,0,5,0.528,2.552,5.15,0.417,0.966,1.081,-1.0,0.578,B
CAM,SAN,True,0.471,favorito,1.6428571428571428,12,1,2,-0.177,2.047,5.52,0.25,1.041,1.024,4.0,0.564,B
INT,GRE,False,0.377,equilibrado,1.1428571428571428,11,0,1,0.183,3.055,6.86,0.091,1.45,1.411,1.0,0.524,C
VAS,REM,True,0.0,,1.8666666666666667,12,1,4,0.197,3.306,7.83,0.417,1.45,0.414,4.0,0.521,C
CRU,RBB,False,0.295,zebra,1.0714285714285714,9,1,3,0.289,3.491,8.56,0.444,1.318,1.015,2.0,0.516,C
VIT,SAO,False,0.182,zebra,0.8571428571428571,12,1,3,0.324,3.069,7.63,0.333,1.631,0.967,1.0,0.498,C
PAL,COR,True,0.586,favorito,1.2857142857142858,11,0,5,0.3,3.685,10.9,0.455,0.483,0.276,6.0,0.472,C
MIR,BAH,False,0.205,zebra,1.0,11,0,3,0.164,2.685,5.69,0.273,1.194,0.809,4.0,0.45,C
GRE,INT,True,0.34,zebra,1.4285714285714286,12,0,3,0.067,2.543,6.84,0.25,0.748,1.041,2.0,0.442,C
BOT,CFC,False,0.375,equilibrado,1.3571428571428572,9,0,3,0.175,3.001,8.34,0.333,0.69,0.864,-2.0,0.44,C
FLU,FLA,False,0.138,zebra,0.7142857142857143,12,1,1,-0.078,2.927,7.77,0.167,1.45,1.128,2.0,0.346,D
REM,VAS,False,0.0,,1.2,12,0,4,0.131,2.929,5.72,0.333,0.545,0.75,2.0,0.291,D
COR,PAL,False,0.167,zebra,0.6428571428571429,12,0,3,-0.448,2.668,8.61,0.25,0.773,1.706,-7.0,0.187,D
