nome,clube,posicao,status_label,preco,variacao,media,jogos,mandante,adversario,tendencia,prob_vitoria,min_valorizar,pb_media,resiliencia_pct,confiabilidade,media_bayesiana,residuo_z,armadilha_label,custo_beneficio,cb_rank,oportunidade_confronto,vantagem_mando,score_confronto_100,condicao_mando,pontos_esperados,caro_e_vale,recomendacao,time_momentum_of,time_momentum_def,adv_momentum_of,adv_momentum_def,sequencia_time
Viveros,CAP,Atacante,Provável,12.78,0.0,8.96,23,True,CAM,estavel,0.0,9.0,3.09,0.345,1.0,7.927,2.928,valor_oculto,0.62,23,0.175,37.8,52.1,neutro,4.74,False,RESERVA_LUXO,1.418,2.047,1.041,1.024,3.0
Samuel Lino,FLA,Atacante,Provável,12.45,0.0,8.64,25,False,SAN,estavel,0.0,8.6,4.36,0.505,1.0,7.747,2.792,valor_oculto,0.622,22,0.775,11.1,58.4,neutro,5.74,False,TITULAR,0.916,0.928,1.418,0.944,6.0
Renê,VIT,Atacante,Provável,9.78,-1.53,7.24,19,True,CHA,baixa,0.0,7.2,3.19,0.441,1.0,6.564,2.156,valor_oculto,0.671,10,0.875,53.3,76.4,favoravel,4.9,False,RESERVA_LUXO,1.631,0.967,0.966,1.081,1.0
Alejo Véliz,BAH,Atacante,Provável,6.73,-0.46,5.46,9,False,PAL,estavel,0.0,5.5,2.24,0.41,1.0,5.224,1.779,valor_oculto,0.776,2,0.05,-29.7,27.1,desfavoravel,3.63,False,RESERVA_LUXO,1.214,1.289,0.483,0.276,-2.0
Cuello,CAM,Atacante,Provável,9.91,-1.13,6.64,23,False,CAP,baixa,0.0,6.6,4.47,0.673,1.0,6.206,1.634,valor_oculto,0.626,17,0.25,-37.8,46.4,neutro,5.12,False,TITULAR,1.041,1.024,1.418,2.047,4.0
Pedro,FLA,Atacante,Provável,16.24,0.83,8.3,26,False,SAN,alta,0.0,8.3,2.61,0.314,1.0,7.514,1.445,valor_bom,0.463,84,0.775,11.1,58.4,neutro,5.26,False,WATCH,0.916,0.928,1.418,0.944,6.0
Colidio,VAS,Atacante,Provável,11.2,0.61,8.13,6,False,BOT,alta,0.0,8.1,4.13,0.508,0.75,6.317,1.312,valor_bom,0.423,99,0.95,-20.5,72.0,favoravel_visitante,5.49,False,TITULAR,1.867,0.533,0.69,0.864,3.0
Lucas Barbosa,RBB,Atacante,Provável,9.87,0.16,6.26,24,True,MIR,estavel,0.0,6.3,4.18,0.668,1.0,5.934,1.29,valor_bom,0.601,27,0.575,26.2,46.6,neutro,4.8,False,TITULAR,0.853,1.406,1.194,0.809,1.0
Bruno Duarte,VAS,Atacante,Provável,10.12,2.73,8.3,3,False,BOT,alta,0.0,8.3,3.97,0.478,0.375,5.869,1.109,valor_bom,0.217,137,0.95,-20.5,72.0,favoravel_visitante,5.05,False,WATCH,1.867,0.533,0.69,0.864,3.0
Pedro Rocha,CFC,Atacante,Provável,7.0,-1.88,4.65,26,False,FLU,baixa,0.0,4.7,2.0,0.43,1.0,4.722,0.973,valor_bom,0.675,9,0.3,-37.8,35.7,desfavoravel,3.22,False,WATCH,1.097,1.974,1.45,1.128,-2.0
Pavón,GRE,Atacante,Provável,6.29,0.09,4.24,23,False,REM,estavel,0.0,4.2,2.89,0.682,1.0,4.425,0.97,valor_bom,0.703,7,0.775,-22.2,45.7,neutro,3.49,False,TITULAR,0.748,1.041,0.879,1.088,2.0
Marcinho,CHA,Atacante,Provável,5.09,-0.76,4.22,25,False,VIT,baixa,0.0,4.2,2.22,0.526,1.0,3.821,0.925,valor_bom,0.751,3,0.15,-53.3,27.0,desfavoravel,3.36,False,TITULAR,0.966,1.081,1.631,0.967,-1.0
Fernando,RBB,Atacante,Provável,5.7,0.13,5.06,13,True,MIR,estavel,0.0,5.1,2.83,0.559,1.0,4.113,0.911,valor_bom,0.722,4,0.575,26.2,46.6,neutro,3.36,False,TITULAR,0.853,1.406,1.194,0.809,1.0
Túlio Eduardo,CHA,Atacante,Provável,7.13,1.26,4.43,7,False,VIT,alta,0.0,4.4,1.0,0.226,0.875,4.711,0.891,valor_bom,0.578,37,0.15,-53.3,27.0,desfavoravel,3.75,False,WATCH,0.966,1.081,1.631,0.967,-1.0
Arthur Cabral,BOT,Atacante,Provável,9.48,0.37,5.63,20,True,VAS,estavel,0.0,5.6,2.58,0.458,1.0,5.438,0.788,valor_bom,0.574,43,0.725,20.5,45.6,neutro,4.08,False,WATCH,0.69,0.864,1.867,0.533,-2.0
Kaio César,COR,Atacante,Provável,10.04,-0.31,5.87,16,False,INT,estavel,0.0,5.9,4.25,0.724,1.0,5.566,0.739,valor_bom,0.554,50,0.55,-4.5,43.1,neutro,3.42,False,TITULAR,0.773,1.706,1.45,1.411,-7.0
Vitinho,INT,Atacante,Provável,7.57,0.03,4.7,27,True,COR,estavel,0.0,4.7,3.55,0.755,1.0,4.759,0.734,valor_bom,0.629,16,0.25,4.5,55.1,neutro,4.71,False,TITULAR,1.45,1.411,0.773,1.706,1.0
Flaco López,PAL,Atacante,Provável,13.42,-0.03,6.85,25,True,BAH,estavel,0.0,6.8,3.69,0.539,1.0,6.391,0.71,valor_bom,0.476,83,0.375,29.7,46.1,neutro,3.9,False,TITULAR,0.483,0.276,1.214,1.289,6.0
Matheus Martins,BOT,Atacante,Provável,6.69,0.0,4.13,18,True,VAS,estavel,0.0,4.1,2.35,0.569,1.0,4.385,0.693,valor_bom,0.655,11,0.725,20.5,45.6,neutro,4.01,False,TITULAR,0.69,0.864,1.867,0.533,-2.0
Artur,SAO,Atacante,Provável,8.65,0.05,5.04,22,False,CRU,estavel,0.0,5.0,3.27,0.649,1.0,5.018,0.579,valor_bom,0.58,36,0.425,-42.2,32.1,desfavoravel,3.54,False,TITULAR,0.703,1.024,1.318,1.015,-2.0
Bruno Santos,MIR,Atacante,Provável,4.8,-1.77,4.12,9,False,RBB,baixa,0.0,4.1,2.34,0.568,1.0,3.392,0.563,valor_bom,0.707,6,0.5,-26.2,51.7,neutro,3.38,False,TITULAR,1.194,0.809,0.853,1.406,4.0
Gabriel,SAN,Atacante,Provável,10.16,-0.41,5.69,18,True,FLA,estavel,0.0,5.7,0.86,0.151,1.0,5.465,0.56,valor_bom,0.538,60,0.1,-11.1,44.6,neutro,3.53,False,WATCH,1.418,0.944,0.916,0.928,8.0
Breno Lopes,CFC,Atacante,Provável,8.7,0.0,5.02,23,False,FLU,estavel,0.0,5.0,2.02,0.402,1.0,5.004,0.539,valor_bom,0.575,40,0.3,-37.8,35.7,desfavoravel,3.13,False,WATCH,1.097,1.974,1.45,1.128,-2.0
Hulk,FLU,Atacante,Provável,14.05,1.54,6.95,20,True,CFC,alta,0.0,7.0,3.15,0.453,1.0,6.381,0.518,valor_bom,0.454,86,0.875,37.8,82.1,favoravel,5.38,True,WATCH,1.45,1.128,1.097,1.974,2.0
Erick Pulga,BAH,Atacante,Provável,8.38,-0.11,4.78,26,False,PAL,estavel,0.0,4.8,3.16,0.661,1.0,4.822,0.439,neutro,0.575,40,0.05,-29.7,27.1,desfavoravel,3.59,False,TITULAR,1.214,1.289,0.483,0.276,-2.0
Vargas,CAP,Atacante,Provável,9.27,2.05,5.22,6,True,CAM,alta,0.0,5.2,1.39,0.266,0.75,5.07,0.387,neutro,0.41,106,0.175,37.8,52.1,neutro,3.81,False,WATCH,1.418,2.047,1.041,1.024,3.0
Tarzia,VIT,Atacante,Provável,4.29,0.33,3.06,21,True,CHA,estavel,0.0,3.1,2.06,0.673,1.0,2.926,0.333,neutro,0.682,8,0.875,53.3,76.4,favoravel,3.21,False,TITULAR,1.631,0.967,0.966,1.081,1.0
Alerrandro,INT,Atacante,Provável,6.18,0.0,3.45,21,True,COR,estavel,0.0,3.5,1.59,0.461,1.0,3.866,0.295,neutro,0.626,17,0.25,4.5,55.1,neutro,3.61,False,WATCH,1.45,1.411,0.773,1.706,1.0
Gabriel Taliari,REM,Atacante,Provável,8.88,0.5,4.77,16,True,GRE,estavel,0.0,4.8,2.77,0.581,1.0,4.833,0.236,neutro,0.544,54,0.5,22.2,45.8,neutro,3.84,False,TITULAR,0.879,1.088,0.748,1.041,1.0
Garcez,CHA,Atacante,Provável,5.18,-0.59,3.8,13,False,VIT,baixa,0.0,3.8,2.57,0.676,1.0,3.333,0.22,neutro,0.643,12,0.15,-53.3,27.0,desfavoravel,3.46,False,TITULAR,0.966,1.081,1.631,0.967,-1.0
Amuzu,GRE,Atacante,Provável,6.7,-0.02,3.66,22,False,REM,estavel,0.0,3.7,2.61,0.713,1.0,4.006,0.188,neutro,0.598,30,0.775,-22.2,45.7,neutro,2.98,False,TITULAR,0.748,1.041,0.879,1.088,2.0
Mendoza,CAP,Atacante,Provável,8.11,0.64,4.27,25,True,CAM,alta,0.0,4.3,2.47,0.578,1.0,4.437,0.053,neutro,0.547,52,0.175,37.8,52.1,neutro,3.51,False,TITULAR,1.418,2.047,1.041,1.024,3.0
Serna,FLU,Atacante,Provável,7.83,0.91,4.12,26,True,CFC,alta,0.0,4.1,2.31,0.561,1.0,4.317,0.025,neutro,0.551,51,0.875,37.8,82.1,favoravel,4.42,False,TITULAR,1.45,1.128,1.097,1.974,2.0
Erick,VIT,Atacante,Provável,8.14,-0.04,4.18,23,True,CHA,estavel,0.0,4.2,2.05,0.49,1.0,4.381,-0.035,neutro,0.538,60,0.875,53.3,76.4,neutro,4.26,False,WATCH,1.631,0.967,0.966,1.081,1.0
Cristian Olivera,BAH,Atacante,Provável,8.1,0.0,4.1,20,False,PAL,estavel,0.0,4.1,3.2,0.78,1.0,4.345,-0.064,neutro,0.536,63,0.05,-29.7,27.1,desfavoravel,3.08,False,TITULAR,1.214,1.289,0.483,0.276,-2.0
Edson Carioca,MIR,Atacante,Provável,5.13,-1.25,3.15,16,False,RBB,baixa,0.0,3.1,2.15,0.683,1.0,2.958,-0.242,neutro,0.577,39,0.5,-26.2,51.7,neutro,3.5,False,TITULAR,1.194,0.809,0.853,1.406,4.0
Calleri,SAO,Atacante,Provável,11.69,0.77,5.2,23,False,CRU,alta,0.0,5.2,2.2,0.423,1.0,5.137,-0.41,neutro,0.439,94,0.425,-42.2,32.1,desfavoravel,3.63,False,WATCH,0.703,1.024,1.318,1.015,-2.0
Vitor Roque,PAL,Atacante,Provável,15.3,-0.57,6.32,16,True,BAH,baixa,0.0,6.3,3.82,0.604,1.0,5.866,-0.496,neutro,0.383,114,0.375,29.7,46.1,neutro,3.51,False,TITULAR,0.483,0.276,1.214,1.289,6.0
Kaio Jorge,CRU,Atacante,Provável,10.93,0.62,4.76,21,True,SAO,alta,0.0,4.8,1.86,0.391,1.0,4.815,-0.577,armadilha_leve,0.441,91,0.375,42.2,58.1,neutro,3.43,False,WATCH,1.318,1.015,0.703,1.024,2.0
Bruno Rodrigues,CRU,Atacante,Provável,4.72,0.0,2.4,15,True,SAO,estavel,0.0,2.4,1.2,0.5,1.0,2.46,-0.609,armadilha_leve,0.521,69,0.375,42.2,58.1,neutro,2.74,False,WATCH,1.318,1.015,0.703,1.024,2.0
Wallace Yan,RBB,Atacante,Provável,2.92,0.0,1.24,9,True,MIR,estavel,0.0,1.2,0.68,0.548,1.0,1.087,-0.84,armadilha_leve,0.372,118,0.575,26.2,46.6,neutro,3.03,False,WATCH,0.853,1.406,1.194,0.809,1.0
Yuri Alberto,COR,Atacante,Provável,10.58,0.0,4.1,17,False,INT,estavel,0.0,4.1,2.1,0.512,1.0,4.374,-1.035,armadilha_leve,0.413,105,0.55,-4.5,43.1,neutro,3.33,False,WATCH,0.773,1.706,1.45,1.411,-7.0
Galeano,REM,Atacante,Provável,4.71,0.26,1.83,16,True,GRE,estavel,0.0,1.8,1.83,1.0,1.0,2.078,-1.106,armadilha_leve,0.441,91,0.5,22.2,45.8,neutro,2.25,False,WATCH,0.879,1.088,0.748,1.041,1.0
Carlos Vinícius,GRE,Atacante,Provável,12.04,-0.45,4.46,25,False,REM,estavel,0.0,4.5,1.38,0.309,1.0,4.581,-1.258,armadilha_leve,0.38,115,0.775,-22.2,45.7,neutro,3.72,False,WATCH,0.748,1.041,0.879,1.088,2.0
Eduardo Sasha,RBB,Atacante,Provável,3.91,0.0,0.98,18,True,MIR,estavel,0.0,1.0,0.98,1.0,1.0,1.47,-1.277,armadilha_leve,0.376,116,0.575,26.2,46.6,neutro,2.24,False,WATCH,0.853,1.406,1.194,0.809,1.0
Gabriel Delfim,CAM,Goleiro,Provável,2.09,-0.63,1.15,4,False,CAP,baixa,0.0,1.1,1.15,1.0,0.5,2.649,1.455,valor_bom,0.634,7,0.1,-37.8,29.7,desfavoravel,3.02,False,WATCH,1.041,1.024,1.418,2.047,4.0
Gabriel Batista,BOT,Goleiro,Provável,5.72,-0.17,5.18,5,True,VAS,estavel,0.0,5.2,4.18,0.807,0.625,4.674,1.211,valor_bom,0.511,21,0.475,20.5,49.6,neutro,3.6,False,TITULAR,0.69,0.864,1.867,0.533,-2.0
Lucas Arcanjo,VIT,Goleiro,Provável,8.62,-1.28,5.74,22,True,CHA,baixa,0.0,5.7,3.92,0.683,1.0,5.372,0.878,valor_bom,0.623,8,0.825,53.3,77.0,favoravel,5.0,True,TITULAR,1.631,0.967,0.966,1.081,1.0
Diógenes,SAN,Goleiro,Provável,4.77,-0.23,5.1,3,True,FLA,estavel,0.0,5.1,3.43,0.673,0.375,3.863,0.874,valor_bom,0.304,30,0.0,-11.1,39.7,neutro,3.8,False,WATCH,1.418,0.944,0.916,0.928,8.0
Otávio,CRU,Goleiro,Provável,4.46,0.21,3.77,15,True,SAO,estavel,0.0,3.8,3.44,0.912,1.0,3.641,0.818,valor_bom,0.816,2,0.825,42.2,75.2,favoravel,3.4,False,TITULAR,1.318,1.015,0.703,1.024,2.0
Coronel,SAO,Goleiro,Provável,6.15,0.0,4.5,1,False,CRU,estavel,0.0,4.5,4.5,1.0,0.125,4.374,0.762,valor_bom,0.089,40,0.15,-42.2,27.1,desfavoravel,3.67,False,WATCH,0.703,1.024,1.318,1.015,-2.0
Marcelo Rangel,REM,Goleiro,Provável,5.4,-1.03,3.87,27,True,GRE,baixa,0.0,3.9,3.5,0.904,1.0,3.982,0.7,valor_bom,0.737,5,0.95,22.2,68.1,favoravel,4.14,False,TITULAR,0.879,1.088,0.748,1.041,1.0
Ronaldo,BAH,Goleiro,Provável,8.01,0.5,5.03,18,False,PAL,estavel,0.0,5.0,3.36,0.668,1.0,4.823,0.546,valor_bom,0.602,10,0.225,-29.7,38.2,desfavoravel,4.09,False,TITULAR,1.214,1.289,0.483,0.276,-2.0
Carlos Miguel,PAL,Goleiro,Provável,9.1,0.38,5.39,27,True,BAH,estavel,0.0,5.4,3.35,0.622,1.0,5.154,0.541,valor_bom,0.566,15,0.2,29.7,53.1,neutro,4.21,False,TITULAR,0.483,0.276,1.214,1.289,6.0
Mycael,CAP,Goleiro,Provável,8.57,0.9,6.67,3,True,CAM,alta,0.0,6.7,5.0,0.75,0.375,4.989,0.535,valor_bom,0.218,35,0.6,37.8,57.4,neutro,4.17,False,WATCH,1.418,2.047,1.041,1.024,3.0
Anthoni,INT,Goleiro,Provável,3.71,-0.92,2.45,11,True,COR,baixa,0.0,2.5,1.54,0.629,1.0,2.849,0.485,neutro,0.768,4,0.475,4.5,52.4,neutro,3.57,False,TITULAR,1.45,1.411,0.773,1.706,1.0
Pedro Rangel,CFC,Goleiro,Provável,7.48,0.0,4.67,17,False,FLU,estavel,0.0,4.7,2.91,0.623,1.0,4.57,0.476,neutro,0.611,9,0.05,-37.8,18.4,desfavoravel,3.4,False,TITULAR,1.097,1.974,1.45,1.128,-2.0
Tiago Volpi,RBB,Goleiro,Provável,9.35,-0.58,5.47,19,True,MIR,baixa,0.0,5.5,3.26,0.596,1.0,5.141,0.462,neutro,0.55,18,0.75,26.2,58.4,neutro,3.97,False,TITULAR,0.853,1.406,1.194,0.809,1.0
Rossi,FLA,Goleiro,Provável,8.43,0.57,4.85,26,False,SAN,alta,0.0,4.8,2.73,0.563,1.0,4.734,0.338,neutro,0.562,16,0.575,11.1,55.9,neutro,4.05,False,TITULAR,0.916,0.928,1.418,0.944,6.0
Anderson,CHA,Goleiro,Provável,6.72,1.37,3.72,13,False,VIT,alta,0.0,3.7,3.34,0.898,1.0,3.963,0.168,neutro,0.59,12,0.575,-53.3,36.5,desfavoravel,3.62,False,TITULAR,0.966,1.081,1.631,0.967,-1.0
Weverton,GRE,Goleiro,Provável,10.2,2.72,5.26,24,False,REM,alta,0.0,5.3,3.8,0.722,1.0,5.035,0.146,neutro,0.494,24,0.85,-22.2,54.2,neutro,4.44,False,TITULAR,0.748,1.041,0.879,1.088,2.0
Fábio,FLU,Goleiro,Provável,9.43,0.22,4.59,27,True,CFC,estavel,0.0,4.6,3.66,0.797,1.0,4.537,-0.122,neutro,0.481,25,0.4,37.8,59.9,neutro,4.21,False,TITULAR,1.45,1.128,1.097,1.974,2.0
Hugo Souza,COR,Goleiro,Provável,8.41,-0.94,4.09,23,False,INT,baixa,0.0,4.1,2.35,0.575,1.0,4.159,-0.192,neutro,0.495,23,0.9,-4.5,49.9,neutro,3.32,False,TITULAR,0.773,1.706,1.45,1.411,-7.0
Walter,MIR,Goleiro,Provável,6.3,1.24,3.05,21,False,RBB,alta,0.0,3.0,2.57,0.843,1.0,3.411,-0.193,neutro,0.541,19,0.65,-26.2,53.9,neutro,4.12,False,TITULAR,1.194,0.809,0.853,1.406,4.0
Léo Jardim,VAS,Goleiro,Provável,6.49,0.11,2.89,26,False,BOT,estavel,0.0,2.9,2.31,0.799,1.0,3.235,-0.428,neutro,0.498,22,0.3,-20.5,53.2,neutro,3.35,False,TITULAR,1.867,0.533,0.69,0.864,3.0
Pedro Lima,SAO,Lateral,Provável,7.27,3.27,9.9,1,False,CRU,alta,0.0,9.9,6.9,0.697,0.125,5.706,1.667,valor_oculto,0.098,97,0.15,-42.2,26.3,desfavoravel,4.17,False,RESERVA_LUXO,0.703,1.024,1.318,1.015,-2.0
Luciano Juba,BAH,Lateral,Provável,10.8,-0.85,7.04,24,False,PAL,baixa,0.0,7.0,3.71,0.527,1.0,6.576,1.28,valor_bom,0.609,29,0.225,-29.7,37.4,desfavoravel,4.55,False,TITULAR,1.214,1.289,0.483,0.276,-2.0
Arthur,PAL,Lateral,Provável,4.96,-0.81,4.29,19,True,BAH,baixa,0.0,4.3,3.03,0.706,1.0,4.109,1.03,valor_bom,0.828,1,0.2,29.7,52.4,neutro,3.2,False,WATCH,0.483,0.276,1.214,1.289,6.0
Emerson Royal,FLA,Lateral,Provável,7.96,0.0,5.63,12,False,SAN,estavel,0.0,5.6,3.46,0.615,1.0,5.451,1.016,valor_bom,0.685,5,0.575,11.1,55.2,neutro,4.25,False,TITULAR,0.916,0.928,1.418,0.944,6.0
Marcelinho,REM,Lateral,Provável,6.23,0.17,5.07,23,True,GRE,estavel,0.0,5.1,3.72,0.734,1.0,4.711,0.981,valor_bom,0.756,2,0.95,22.2,67.4,favoravel,4.49,False,TITULAR,0.879,1.088,0.748,1.041,1.0
Escobar,SAN,Lateral,Provável,10.08,0.02,6.51,19,True,FLA,estavel,0.0,6.5,5.3,0.814,1.0,6.117,0.967,valor_bom,0.607,31,0.0,-11.1,39.0,neutro,4.27,False,TITULAR,1.418,0.944,0.916,0.928,8.0
Matheus Bidu,COR,Lateral,Provável,12.13,0.41,7.22,21,False,INT,estavel,0.0,7.2,5.12,0.709,1.0,6.658,0.939,valor_bom,0.549,53,0.9,-4.5,49.2,neutro,4.05,False,TITULAR,0.773,1.706,1.45,1.411,-7.0
Bernabei,INT,Lateral,Provável,8.83,-0.65,5.84,24,True,COR,baixa,0.0,5.8,3.88,0.664,1.0,5.676,0.912,valor_bom,0.643,17,0.475,4.5,51.6,neutro,4.36,False,TITULAR,1.45,1.411,0.773,1.706,1.0
Cuiabano,VAS,Lateral,Provável,13.16,1.04,7.58,16,False,BOT,alta,0.0,7.6,5.58,0.736,1.0,6.781,0.779,valor_bom,0.515,63,0.3,-20.5,52.5,neutro,4.5,False,TITULAR,1.867,0.533,0.69,0.864,3.0
Bruno Pacheco,CHA,Lateral,Provável,7.34,-0.42,4.91,17,False,VIT,estavel,0.0,4.9,3.5,0.713,1.0,4.997,0.745,valor_bom,0.681,6,0.575,-53.3,35.7,desfavoravel,4.01,False,TITULAR,0.966,1.081,1.631,0.967,-1.0
Román Gómez,BAH,Lateral,Provável,7.82,0.0,5.01,12,False,PAL,estavel,0.0,5.0,4.01,0.8,1.0,5.079,0.615,valor_bom,0.649,14,0.225,-29.7,37.4,desfavoravel,4.21,False,TITULAR,1.214,1.289,0.483,0.276,-2.0
Igor Formiga,MIR,Lateral,Provável,9.88,1.18,5.99,22,False,RBB,alta,0.0,6.0,4.13,0.689,1.0,5.775,0.614,valor_bom,0.585,42,0.65,-26.2,53.2,neutro,5.07,False,TITULAR,1.194,0.809,0.853,1.406,4.0
Juninho Capixaba,RBB,Lateral,Provável,12.69,0.0,7.0,23,True,MIR,estavel,0.0,7.0,4.74,0.677,1.0,6.531,0.606,valor_bom,0.515,63,0.75,26.2,57.6,neutro,4.67,False,TITULAR,0.853,1.406,1.194,0.809,1.0
Mateus Silva,VIT,Lateral,Provável,6.3,-1.14,5.26,7,True,CHA,baixa,0.0,5.3,3.69,0.702,0.875,4.417,0.573,valor_bom,0.613,27,0.825,53.3,76.3,favoravel,4.14,False,TITULAR,1.631,0.967,0.966,1.081,1.0
Matheuzinho,COR,Lateral,Provável,10.63,0.19,6.11,22,False,INT,estavel,0.0,6.1,4.43,0.725,1.0,5.863,0.448,neutro,0.552,50,0.9,-4.5,49.2,neutro,4.01,False,TITULAR,0.773,1.706,1.45,1.411,-7.0
Bustos,CFC,Lateral,Provável,4.3,-0.7,-0.3,1,False,FLU,baixa,0.0,0.0,0.0,0.0,0.125,3.238,0.427,neutro,0.094,99,0.05,-37.8,17.5,desfavoravel,3.08,False,WATCH,1.097,1.974,1.45,1.128,-2.0
Esquivel,CAP,Lateral,Provável,8.6,1.7,5.22,16,True,CAM,alta,0.0,5.2,2.97,0.569,1.0,5.207,0.424,neutro,0.605,33,0.6,37.8,56.7,neutro,4.34,False,TITULAR,1.418,2.047,1.041,1.024,3.0
Aguirre,INT,Lateral,Provável,5.73,-1.0,4.09,19,True,COR,baixa,0.0,4.1,2.56,0.626,1.0,3.969,0.35,neutro,0.693,4,0.475,4.5,51.6,neutro,3.72,False,TITULAR,1.45,1.411,0.773,1.706,1.0
Jamerson,VIT,Lateral,Provável,6.82,-0.91,4.8,14,True,CHA,baixa,0.0,4.8,3.73,0.777,1.0,4.393,0.257,neutro,0.644,16,0.825,53.3,76.3,favoravel,4.33,False,TITULAR,1.631,0.967,0.966,1.081,1.0
Ryan Augusto,RBB,Lateral,Provável,3.55,0.0,3.17,6,True,MIR,estavel,0.0,3.2,2.67,0.842,0.75,2.412,0.027,neutro,0.51,67,0.75,26.2,57.6,neutro,3.31,False,TITULAR,0.853,1.406,1.194,0.809,1.0
Gilberto,CAP,Lateral,Provável,6.69,-0.67,4.4,14,True,CAM,baixa,0.0,4.4,3.4,0.773,1.0,4.138,0.007,neutro,0.619,25,0.6,37.8,56.7,neutro,3.63,False,TITULAR,1.418,2.047,1.041,1.024,3.0
Natanael,CAM,Lateral,Provável,9.54,0.45,5.18,18,False,CAP,estavel,0.0,5.2,4.12,0.795,1.0,5.181,0.003,neutro,0.543,57,0.1,-37.8,28.9,desfavoravel,4.18,False,TITULAR,1.041,1.024,1.418,2.047,4.0
Marlon,REM,Lateral,Provável,6.25,0.53,4.13,6,True,GRE,alta,0.0,4.1,4.13,1.0,0.75,3.873,-0.08,neutro,0.465,76,0.95,22.2,67.4,neutro,4.2,False,TITULAR,0.879,1.088,0.748,1.041,1.0
Renan Lodi,CAM,Lateral,Provável,9.29,-0.46,4.98,23,False,CAP,estavel,0.0,5.0,3.55,0.713,1.0,5.032,-0.084,neutro,0.542,59,0.1,-37.8,28.9,desfavoravel,4.02,False,TITULAR,1.041,1.024,1.418,2.047,4.0
Vitinho,BOT,Lateral,Provável,9.03,-0.97,4.86,22,True,VAS,baixa,0.0,4.9,3.72,0.765,1.0,4.946,-0.085,neutro,0.548,55,0.475,20.5,48.8,neutro,4.32,False,TITULAR,0.69,0.864,1.867,0.533,-2.0
Bruno Melo,CFC,Lateral,Provável,5.03,-0.04,2.96,25,False,FLU,estavel,0.0,3.0,1.8,0.608,1.0,3.135,-0.238,neutro,0.623,23,0.05,-37.8,17.5,desfavoravel,2.81,False,WATCH,1.097,1.974,1.45,1.128,-2.0
Wendell,SAO,Lateral,Provável,8.27,0.0,4.28,18,False,CRU,estavel,0.0,4.3,2.78,0.65,1.0,4.558,-0.243,neutro,0.551,52,0.15,-42.2,26.3,desfavoravel,3.75,False,TITULAR,0.703,1.024,1.318,1.015,-2.0
Caio Paulista,GRE,Lateral,Provável,5.54,0.0,3.08,9,False,REM,estavel,0.0,3.1,2.41,0.782,1.0,3.362,-0.291,neutro,0.607,31,0.85,-22.2,53.5,neutro,3.45,False,TITULAR,0.748,1.041,0.879,1.088,2.0
William,CRU,Lateral,Provável,8.01,-0.94,3.92,13,True,SAO,baixa,0.0,3.9,3.23,0.824,1.0,4.401,-0.322,neutro,0.549,53,0.825,42.2,74.5,neutro,3.72,False,TITULAR,1.318,1.015,0.703,1.024,2.0
Luan Cândido,VIT,Lateral,Provável,6.03,0.57,3.52,17,True,CHA,alta,0.0,3.5,2.05,0.582,1.0,3.571,-0.329,neutro,0.592,40,0.825,53.3,76.3,neutro,4.3,False,TITULAR,1.631,0.967,0.966,1.081,1.0
Khellven,PAL,Lateral,Provável,5.76,-0.73,3.34,20,True,BAH,baixa,0.0,3.3,2.04,0.611,1.0,3.437,-0.334,neutro,0.597,37,0.2,29.7,52.4,neutro,2.91,False,WATCH,0.483,0.276,1.214,1.289,6.0
Felipe Jonatan,CFC,Lateral,Provável,4.31,0.0,2.08,17,False,FLU,estavel,0.0,2.1,1.55,0.745,1.0,2.592,-0.389,neutro,0.601,35,0.05,-37.8,17.5,desfavoravel,2.83,False,WATCH,1.097,1.974,1.45,1.128,-2.0
Bruno Tubarão,CHA,Lateral,Provável,3.17,0.0,1.1,1,False,VIT,estavel,0.0,1.1,1.1,1.0,0.125,1.761,-0.425,neutro,0.069,104,0.575,-53.3,35.7,desfavoravel,3.3,False,WATCH,0.966,1.081,1.631,0.967,-1.0
Guga,FLU,Lateral,Provável,6.36,0.0,3.47,15,True,CFC,estavel,0.0,3.5,2.2,0.634,1.0,3.543,-0.555,armadilha_leve,0.557,49,0.4,37.8,59.1,neutro,3.66,False,WATCH,1.45,1.128,1.097,1.974,2.0
Alex Telles,BOT,Lateral,Provável,8.65,-1.01,4.14,21,True,VAS,baixa,0.0,4.1,2.04,0.493,1.0,4.428,-0.573,armadilha_leve,0.512,66,0.475,20.5,48.8,neutro,4.27,False,WATCH,0.69,0.864,1.867,0.533,-2.0
Guilherme Arana,FLU,Lateral,Provável,7.88,0.0,3.55,16,True,CFC,estavel,0.0,3.5,2.61,0.735,1.0,4.094,-0.645,armadilha_leve,0.52,62,0.4,37.8,59.1,neutro,3.91,False,WATCH,1.45,1.128,1.097,1.974,2.0
Gabriel Rojas,CRU,Lateral,Provável,6.0,-0.06,2.85,8,True,SAO,estavel,0.0,2.9,2.48,0.87,1.0,3.265,-0.695,armadilha_leve,0.544,56,0.825,42.2,74.5,neutro,3.22,False,WATCH,1.318,1.015,0.703,1.024,2.0
Rodinei,SAN,Lateral,Provável,6.02,-0.69,1.0,2,True,FLA,baixa,0.0,1.0,1.0,1.0,0.25,3.144,-0.858,armadilha_leve,0.131,95,0.0,-11.1,39.0,neutro,3.25,False,WATCH,1.418,0.944,0.916,0.928,8.0
João Pedro,GRE,Lateral,Provável,3.25,0.52,1.0,7,False,REM,alta,0.0,1.0,0.57,0.57,0.875,1.45,-0.893,armadilha_leve,0.39,81,0.85,-22.2,53.5,neutro,2.76,False,WATCH,0.748,1.041,0.879,1.088,2.0
Alex Sandro,FLA,Lateral,Provável,7.71,-0.18,3.13,17,False,SAN,estavel,0.0,3.1,2.07,0.661,1.0,3.787,-0.949,armadilha_leve,0.491,69,0.575,11.1,55.2,neutro,3.0,False,WATCH,0.916,0.928,1.418,0.944,6.0
Paulo Henrique,VAS,Lateral,Provável,7.81,0.74,3.24,19,False,BOT,alta,0.0,3.2,2.4,0.741,1.0,3.815,-0.962,armadilha_leve,0.488,72,0.3,-20.5,52.5,neutro,3.41,False,WATCH,1.867,0.533,0.69,0.864,3.0
Reinaldo,MIR,Lateral,Provável,8.94,0.97,3.52,22,False,RBB,alta,0.0,3.5,2.07,0.588,1.0,3.963,-1.278,armadilha_leve,0.443,79,0.65,-26.2,53.2,neutro,4.1,False,WATCH,1.194,0.809,0.853,1.406,4.0
Matheus Pereira,CRU,Meia,Provável,14.51,-0.79,7.46,25,True,SAO,baixa,0.0,7.5,4.86,0.651,1.0,6.644,1.648,valor_oculto,0.458,108,0.375,42.2,59.6,neutro,4.43,False,TITULAR,1.318,1.015,0.703,1.024,2.0
Acevedo,BAH,Meia,Provável,7.55,0.04,5.11,25,False,PAL,estavel,0.0,5.1,4.71,0.922,1.0,4.863,1.552,valor_oculto,0.644,13,0.05,-29.7,26.5,desfavoravel,3.54,False,TITULAR,1.214,1.289,0.483,0.276,-2.0
Danilo,BOT,Meia,Provável,13.0,-0.57,7.01,19,True,VAS,baixa,0.0,7.0,4.64,0.662,1.0,6.146,1.371,valor_bom,0.473,99,0.725,20.5,46.2,neutro,4.56,False,TITULAR,0.69,0.864,1.867,0.533,-2.0
Jean Lucas,BAH,Meia,Provável,8.85,-1.47,5.38,23,False,PAL,baixa,0.0,5.4,3.86,0.717,1.0,5.048,1.252,valor_bom,0.57,40,0.05,-29.7,26.5,desfavoravel,3.51,False,TITULAR,1.214,1.289,0.483,0.276,-2.0
Josué,CFC,Meia,Provável,5.82,0.17,3.95,24,False,FLU,estavel,0.0,4.0,1.87,0.473,1.0,3.986,1.243,valor_bom,0.685,5,0.3,-37.8,35.7,desfavoravel,3.32,False,WATCH,1.097,1.974,1.45,1.128,-2.0
Gustavo Henrique,SAN,Meia,Provável,3.73,-0.3,3.29,14,True,FLA,estavel,0.0,3.3,3.29,1.0,1.0,2.925,1.23,valor_bom,0.784,2,0.1,-11.1,45.2,neutro,2.57,False,WATCH,1.418,0.944,0.916,0.928,8.0
Carrascal,FLA,Meia,Provável,11.5,1.39,6.29,20,False,SAN,alta,0.0,6.3,3.79,0.603,1.0,5.662,1.156,valor_bom,0.492,87,0.775,11.1,59.8,neutro,4.09,False,TITULAR,0.916,0.928,1.418,0.944,6.0
Rodrigo Nestor,BAH,Meia,Provável,6.04,0.24,3.94,20,False,PAL,estavel,0.0,3.9,2.94,0.746,1.0,3.984,1.117,valor_bom,0.66,9,0.05,-29.7,26.5,desfavoravel,3.93,False,TITULAR,1.214,1.289,0.483,0.276,-2.0
João Cruz,CAP,Meia,Provável,6.55,0.0,4.18,19,True,CAM,estavel,0.0,4.2,2.6,0.622,1.0,4.154,1.075,valor_bom,0.634,16,0.175,37.8,53.2,neutro,3.23,False,TITULAR,1.418,2.047,1.041,1.024,3.0
Felipe Morais,CRU,Meia,Provável,4.36,0.08,4.75,4,True,SAO,estavel,0.0,4.8,3.5,0.737,0.5,3.108,0.991,valor_bom,0.356,146,0.375,42.2,59.6,neutro,3.33,False,WATCH,1.318,1.015,0.703,1.024,2.0
Yago Felipe,CHA,Meia,Provável,8.64,0.48,5.65,6,False,VIT,estavel,0.0,5.7,4.82,0.853,0.75,4.76,0.945,valor_bom,0.413,128,0.15,-53.3,26.4,desfavoravel,3.86,False,TITULAR,0.966,1.081,1.631,0.967,-1.0
Villasanti,GRE,Meia,Provável,7.11,-1.35,4.46,7,False,REM,baixa,0.0,4.5,3.75,0.841,0.875,4.264,0.945,valor_bom,0.525,66,0.775,-22.2,46.4,neutro,4.44,False,TITULAR,0.748,1.041,0.879,1.088,2.0
Gabriel Bontempo,SAN,Meia,Provável,4.91,-0.64,3.66,22,True,FLA,baixa,0.0,3.7,3.21,0.877,1.0,3.294,0.863,valor_bom,0.671,8,0.1,-11.1,45.2,neutro,3.17,False,TITULAR,1.418,0.944,0.916,0.928,8.0
Lucas Romero,CRU,Meia,Provável,8.51,0.0,4.89,19,True,SAO,estavel,0.0,4.9,3.57,0.73,1.0,4.654,0.854,valor_bom,0.547,57,0.375,42.2,59.6,neutro,3.65,False,TITULAR,1.318,1.015,0.703,1.024,2.0
Reinier,CAM,Meia,Provável,7.03,0.0,4.18,19,False,CAP,estavel,0.0,4.2,2.6,0.622,1.0,4.154,0.835,valor_bom,0.591,31,0.25,-37.8,47.1,neutro,3.72,False,TITULAR,1.041,1.024,1.418,2.047,4.0
Thiago Mendes,VAS,Meia,Provável,7.2,-1.05,4.25,23,False,BOT,baixa,0.0,4.2,2.95,0.694,1.0,4.21,0.829,valor_bom,0.585,33,0.95,-20.5,74.4,favoravel_visitante,4.09,False,TITULAR,1.867,0.533,0.69,0.864,3.0
Cissé,CAM,Meia,Provável,2.41,0.0,1.93,15,False,CAP,estavel,0.0,1.9,1.6,0.829,1.0,1.628,0.745,valor_bom,0.676,7,0.25,-37.8,47.1,neutro,2.46,False,BANCO,1.041,1.024,1.418,2.047,4.0
Luiz Gustavo,CAP,Meia,Provável,5.84,-0.72,3.42,19,True,CAM,baixa,0.0,3.4,2.89,0.845,1.0,3.619,0.734,valor_bom,0.62,22,0.175,37.8,53.2,neutro,2.96,False,TITULAR,1.418,2.047,1.041,1.024,3.0
Barreal,SAN,Meia,Provável,10.11,0.0,5.37,19,True,FLA,estavel,0.0,5.4,4.05,0.754,1.0,4.992,0.707,valor_bom,0.494,86,0.1,-11.1,45.2,neutro,3.84,False,TITULAR,1.418,0.944,0.916,0.928,8.0
Raniele,COR,Meia,Provável,8.19,-0.04,4.57,22,False,INT,estavel,0.0,4.6,4.12,0.902,1.0,4.443,0.701,valor_bom,0.542,58,0.55,-4.5,43.5,neutro,3.09,False,TITULAR,0.773,1.706,1.45,1.411,-7.0
Gerson,CRU,Meia,Provável,8.4,-1.11,4.63,24,True,SAO,baixa,0.0,4.6,4.0,0.864,1.0,4.496,0.685,valor_bom,0.535,64,0.375,42.2,59.6,neutro,3.55,False,TITULAR,1.318,1.015,0.703,1.024,2.0
Lescano,VAS,Meia,Provável,10.74,3.38,9.25,2,False,BOT,alta,0.0,9.2,6.75,0.73,0.25,5.124,0.671,valor_bom,0.119,179,0.95,-20.5,74.4,favoravel_visitante,4.65,False,WATCH,1.867,0.533,0.69,0.864,3.0
Bruno Gomes,INT,Meia,Provável,6.47,-0.19,3.71,27,True,COR,estavel,0.0,3.7,3.71,1.0,1.0,3.798,0.634,valor_bom,0.587,32,0.25,4.5,56.4,neutro,3.9,False,TITULAR,1.45,1.411,0.773,1.706,1.0
Giovanni Augusto,CHA,Meia,Provável,5.3,0.76,3.75,18,False,VIT,alta,0.0,3.8,2.08,0.555,1.0,3.3,0.622,valor_bom,0.623,20,0.15,-53.3,26.4,desfavoravel,2.96,False,TITULAR,0.966,1.081,1.631,0.967,-1.0
Jadson,CAP,Meia,Provável,5.07,-0.08,3.54,20,True,CAM,estavel,0.0,3.5,3.29,0.929,1.0,3.182,0.607,valor_bom,0.628,19,0.175,37.8,53.2,neutro,3.13,False,TITULAR,1.418,2.047,1.041,1.024,3.0
Vitor Bueno,REM,Meia,Provável,6.96,-1.43,3.9,21,True,GRE,baixa,0.0,3.9,2.23,0.572,1.0,3.953,0.596,valor_bom,0.568,43,0.5,22.2,46.4,neutro,3.46,False,TITULAR,0.879,1.088,0.748,1.041,1.0
Bernard,CAM,Meia,Provável,5.51,0.9,3.1,23,False,CAP,alta,0.0,3.1,1.8,0.581,1.0,3.356,0.57,valor_bom,0.609,23,0.25,-37.8,47.1,neutro,3.82,False,TITULAR,1.041,1.024,1.418,2.047,4.0
Sebastián Gómez,CFC,Meia,Provável,4.16,-0.59,2.81,23,False,FLU,baixa,0.0,2.8,2.59,0.922,1.0,2.675,0.552,valor_bom,0.643,14,0.3,-37.8,35.7,desfavoravel,2.7,False,WATCH,1.097,1.974,1.45,1.128,-2.0
Willian Arão,SAN,Meia,Provável,6.21,0.0,3.42,19,True,FLA,estavel,0.0,3.4,3.16,0.924,1.0,3.619,0.529,valor_bom,0.583,35,0.1,-11.1,45.2,neutro,3.34,False,TITULAR,1.418,0.944,0.916,0.928,8.0
Picco,REM,Meia,Provável,6.15,-0.07,3.43,25,True,GRE,estavel,0.0,3.4,3.03,0.883,1.0,3.591,0.524,valor_bom,0.584,34,0.5,22.2,46.4,neutro,4.04,False,TITULAR,0.879,1.088,0.748,1.041,1.0
Oliva,SAN,Meia,Provável,6.35,0.03,3.4,18,True,FLA,estavel,0.0,3.4,2.29,0.674,1.0,3.613,0.446,neutro,0.569,41,0.1,-11.1,45.2,neutro,2.95,False,TITULAR,1.418,0.944,0.916,0.928,8.0
Santiago Sosa,VAS,Meia,Provável,7.94,0.45,4.27,6,False,BOT,estavel,0.0,4.3,4.27,1.0,0.75,4.169,0.437,neutro,0.394,137,0.95,-20.5,74.4,favoravel_visitante,3.78,False,TITULAR,1.867,0.533,0.69,0.864,3.0
Alan Patrick,INT,Meia,Provável,7.22,-0.05,3.85,23,True,COR,estavel,0.0,3.9,2.76,0.717,1.0,3.913,0.417,neutro,0.542,58,0.25,4.5,56.4,neutro,4.0,False,TITULAR,1.45,1.411,0.773,1.706,1.0
Matheuzinho,VIT,Meia,Provável,6.75,1.01,3.6,23,True,CHA,alta,0.0,3.6,2.73,0.758,1.0,3.727,0.394,neutro,0.552,55,0.875,53.3,79.1,favoravel,4.07,False,TITULAR,1.631,0.967,0.966,1.081,1.0
Emmanuel Martínez,VIT,Meia,Provável,6.33,0.38,3.32,19,True,CHA,estavel,0.0,3.3,3.32,1.0,1.0,3.549,0.37,neutro,0.561,47,0.875,53.3,79.1,favoravel,3.86,False,TITULAR,1.631,0.967,0.966,1.081,1.0
Camilo,CHA,Meia,Provável,4.53,-0.47,2.9,22,False,VIT,estavel,0.0,2.9,2.9,1.0,1.0,2.737,0.366,neutro,0.604,26,0.15,-53.3,26.4,desfavoravel,2.87,False,TITULAR,0.966,1.081,1.631,0.967,-1.0
Zé Ricardo,REM,Meia,Provável,4.75,0.43,3.02,26,True,GRE,estavel,0.0,3.0,2.64,0.874,1.0,2.848,0.365,neutro,0.6,28,0.5,22.2,46.4,neutro,3.25,False,TITULAR,0.879,1.088,0.748,1.041,1.0
Hércules,FLU,Meia,Provável,6.4,-0.29,3.38,23,True,CFC,estavel,0.0,3.4,2.73,0.808,1.0,3.564,0.353,neutro,0.557,49,0.875,37.8,85.2,favoravel,4.07,False,TITULAR,1.45,1.128,1.097,1.974,2.0
Lucas Paquetá,FLA,Meia,Provável,14.75,0.0,6.5,17,False,SAN,estavel,0.0,6.5,5.32,0.818,1.0,5.73,0.348,neutro,0.388,140,0.775,11.1,59.8,neutro,4.03,False,TITULAR,0.916,0.928,1.418,0.944,6.0
Huguinho,BOT,Meia,Provável,4.3,-0.38,2.79,10,True,VAS,estavel,0.0,2.8,2.29,0.821,1.0,2.567,0.301,neutro,0.597,29,0.725,20.5,46.2,neutro,2.73,False,WATCH,0.69,0.864,1.867,0.533,-2.0
Savarino,FLU,Meia,Provável,8.98,0.0,4.46,19,True,CFC,estavel,0.0,4.5,3.14,0.704,1.0,4.351,0.255,neutro,0.485,90,0.875,37.8,85.2,favoravel,4.19,False,TITULAR,1.45,1.128,1.097,1.974,2.0
Denilson,MIR,Meia,Provável,4.89,0.37,3.07,17,False,RBB,estavel,0.0,3.1,2.78,0.906,1.0,2.82,0.233,neutro,0.577,37,0.5,-26.2,52.7,neutro,3.85,False,TITULAR,1.194,0.809,0.853,1.406,4.0
Medina,BOT,Meia,Provável,7.29,0.94,3.65,17,True,VAS,alta,0.0,3.6,3.36,0.921,1.0,3.792,0.22,neutro,0.52,72,0.725,20.5,46.2,neutro,3.63,False,TITULAR,0.69,0.864,1.867,0.533,-2.0
Marcos Antônio,SAO,Meia,Provável,5.86,-1.24,2.9,20,False,CRU,baixa,0.0,2.9,2.4,0.828,1.0,3.241,0.21,neutro,0.553,54,0.425,-42.2,31.9,desfavoravel,2.76,False,TITULAR,0.703,1.024,1.318,1.015,-2.0
Eduardo,MIR,Meia,Provável,8.37,2.63,4.12,20,False,RBB,alta,0.0,4.1,2.62,0.636,1.0,4.112,0.177,neutro,0.491,88,0.5,-26.2,52.7,neutro,4.36,False,TITULAR,1.194,0.809,0.853,1.406,4.0
Bobadilla,SAO,Meia,Provável,8.06,0.0,3.94,16,False,CRU,estavel,0.0,3.9,3.31,0.84,1.0,3.991,0.144,neutro,0.495,85,0.425,-42.2,31.9,desfavoravel,3.07,False,TITULAR,0.703,1.024,1.318,1.015,-2.0
Garro,COR,Meia,Provável,10.36,1.08,4.79,25,False,INT,alta,0.0,4.8,3.19,0.666,1.0,4.621,0.117,neutro,0.446,113,0.55,-4.5,43.5,neutro,3.39,False,TITULAR,0.773,1.706,1.45,1.411,-7.0
Philippe Coutinho,SAN,Meia,Provável,13.21,0.0,8.23,3,True,FLA,estavel,0.0,8.2,6.56,0.797,0.375,5.221,0.059,neutro,0.148,173,0.1,-11.1,45.2,neutro,4.06,False,WATCH,1.418,0.944,0.916,0.928,8.0
Fred,CAM,Meia,Provável,7.47,-0.5,3.0,4,False,CAP,estavel,0.0,3.0,3.0,1.0,0.5,3.729,0.051,neutro,0.25,164,0.25,-37.8,47.1,neutro,4.0,False,WATCH,1.041,1.024,1.418,2.047,4.0
Erick Pulgar,FLA,Meia,Provável,6.4,0.0,2.94,16,False,SAN,estavel,0.0,2.9,2.63,0.895,1.0,3.324,0.028,neutro,0.519,75,0.775,11.1,59.8,neutro,3.13,False,TITULAR,0.916,0.928,1.418,0.944,6.0
Chico Kim,MIR,Meia,Provável,3.89,0.25,1.95,7,False,RBB,estavel,0.0,1.9,1.95,1.0,0.875,2.13,0.022,neutro,0.479,93,0.5,-26.2,52.7,neutro,3.17,False,TITULAR,1.194,0.809,0.853,1.406,4.0
Neto Moura,MIR,Meia,Provável,3.7,-0.18,1.84,15,False,RBB,estavel,0.0,1.8,1.84,1.0,1.0,1.996,-0.005,neutro,0.539,61,0.5,-26.2,52.7,neutro,2.81,False,TITULAR,1.194,0.809,0.853,1.406,4.0
Caíque,VIT,Meia,Provável,4.77,0.11,2.62,21,True,CHA,estavel,0.0,2.6,2.62,1.0,1.0,2.528,-0.083,neutro,0.53,65,0.875,53.3,79.1,neutro,3.53,False,TITULAR,1.631,0.967,0.966,1.081,1.0
Yago Pikachu,REM,Meia,Provável,5.34,0.62,2.41,27,True,GRE,alta,0.0,2.4,1.48,0.614,1.0,2.795,-0.088,neutro,0.523,67,0.5,22.2,46.4,neutro,3.31,False,TITULAR,0.879,1.088,0.748,1.041,1.0
Thiago Maia,INT,Meia,Provável,4.1,-0.62,2.04,13,True,COR,baixa,0.0,2.0,1.27,0.623,1.0,2.134,-0.136,neutro,0.52,72,0.25,4.5,56.4,neutro,2.6,False,WATCH,1.45,1.411,0.773,1.706,1.0
Eric Ramires,RBB,Meia,Provável,2.16,-0.14,0.62,18,True,MIR,estavel,0.0,0.6,0.62,1.0,1.0,0.756,-0.141,neutro,0.35,149,0.575,26.2,47.3,neutro,1.97,False,WATCH,0.853,1.406,1.194,0.809,1.0
Jorginho,FLA,Meia,Provável,9.05,0.83,3.98,21,False,SAN,alta,0.0,4.0,2.79,0.701,1.0,4.011,-0.233,neutro,0.443,117,0.775,11.1,59.8,neutro,3.56,False,TITULAR,0.916,0.928,1.418,0.944,6.0
Martinelli,FLU,Meia,Provável,6.65,0.76,2.84,19,True,CFC,alta,0.0,2.8,2.05,0.722,1.0,3.211,-0.255,neutro,0.483,92,0.875,37.8,85.2,neutro,4.0,False,TITULAR,1.45,1.128,1.097,1.974,2.0
Marlon Freitas,PAL,Meia,Provável,6.3,0.81,2.68,26,True,BAH,alta,0.0,2.7,2.1,0.784,1.0,3.012,-0.343,neutro,0.478,94,0.375,29.7,46.8,neutro,2.89,False,TITULAR,0.483,0.276,1.214,1.289,6.0
Breno Bidon,COR,Meia,Provável,8.23,0.53,3.51,25,False,INT,alta,0.0,3.5,2.91,0.829,1.0,3.651,-0.39,neutro,0.444,114,0.55,-4.5,43.5,neutro,3.0,False,TITULAR,0.773,1.706,1.45,1.411,-7.0
Andreas Pereira,PAL,Meia,Provável,11.73,0.39,4.71,27,True,BAH,estavel,0.0,4.7,2.67,0.567,1.0,4.569,-0.397,neutro,0.39,138,0.375,29.7,46.8,neutro,3.43,False,TITULAR,0.483,0.276,1.214,1.289,6.0
Maycon,CAM,Meia,Provável,4.81,-0.17,2.2,16,False,CAP,estavel,0.0,2.2,1.58,0.718,1.0,2.229,-0.515,armadilha_leve,0.463,105,0.25,-37.8,47.1,neutro,2.95,False,WATCH,1.041,1.024,1.418,2.047,4.0
Danilo Barbosa,GRE,Meia,Provável,4.05,-0.56,0.8,4,False,REM,baixa,0.0,0.8,0.8,1.0,0.5,1.792,-0.562,armadilha_leve,0.221,166,0.775,-22.2,46.4,neutro,2.82,False,WATCH,0.748,1.041,0.879,1.088,2.0
Pablo Maia,SAO,Meia,Provável,4.44,0.0,1.85,18,False,CRU,estavel,0.0,1.9,1.57,0.849,1.0,1.985,-0.59,armadilha_leve,0.447,111,0.425,-42.2,31.9,desfavoravel,2.3,False,WATCH,0.703,1.024,1.318,1.015,-2.0
Dodi,GRE,Meia,Provável,2.3,0.0,-0.01,8,False,REM,estavel,0.0,0.0,0.0,0.0,1.0,0.527,-0.62,armadilha_leve,0.229,165,0.775,-22.2,46.4,neutro,1.77,False,WATCH,0.748,1.041,0.879,1.088,2.0
Ziyech,BOT,Meia,Provável,9.27,-0.73,1.2,1,True,VAS,baixa,0.0,1.2,1.2,1.0,0.125,3.772,-0.642,armadilha_leve,0.051,190,0.725,20.5,46.2,neutro,3.64,False,WATCH,0.69,0.864,1.867,0.533,-2.0
Ganso,FLU,Meia,Provável,4.24,0.89,1.61,19,True,CFC,alta,0.0,1.6,1.35,0.839,1.0,1.811,-0.68,armadilha_leve,0.427,125,0.875,37.8,85.2,neutro,3.63,False,WATCH,1.45,1.128,1.097,1.974,2.0
Nicolás Fonseca,CFC,Meia,Provável,4.31,-1.69,-2.6,1,False,FLU,baixa,0.0,0.0,0.0,0.0,0.125,1.744,-0.822,armadilha_leve,0.051,190,0.3,-37.8,35.7,desfavoravel,2.77,False,WATCH,1.097,1.974,1.45,1.128,-2.0
Villagra,INT,Meia,Provável,5.16,0.0,1.99,20,True,COR,estavel,0.0,2.0,1.99,1.0,1.0,2.075,-0.952,armadilha_leve,0.402,132,0.25,4.5,56.4,neutro,3.31,False,WATCH,1.45,1.411,0.773,1.706,1.0
Lucas Evangelista,PAL,Meia,Provável,4.28,0.3,1.31,23,True,BAH,estavel,0.0,1.3,1.09,0.832,1.0,1.562,-1.047,armadilha_leve,0.365,143,0.375,29.7,46.8,neutro,2.02,False,WATCH,0.483,0.276,1.214,1.289,6.0
Fernando Seabra,CFC,Técnico,Provável,7.39,-0.45,5.06,27,False,FLU,estavel,0.0,5.1,5.06,1.0,1.0,4.995,1.458,valor_bom,0.676,1,0.3,-37.8,35.8,desfavoravel,3.71,False,BANCO,1.097,1.974,1.45,1.128,-2.0
Vagner Mancini,RBB,Técnico,Provável,8.24,-0.1,5.33,26,True,MIR,estavel,0.0,5.3,5.33,1.0,1.0,5.199,0.911,valor_bom,0.631,3,0.575,26.2,47.0,neutro,4.02,False,BANCO,0.853,1.406,1.194,0.809,1.0
Odair Hellmann,CAP,Técnico,Provável,9.18,0.36,5.96,25,True,CAM,estavel,0.0,6.0,5.96,1.0,1.0,5.806,0.793,valor_bom,0.632,2,0.175,37.8,52.6,neutro,4.38,False,TITULAR,1.418,2.047,1.041,1.024,3.0
Jair Ventura,VIT,Técnico,Provável,8.57,-0.12,5.3,25,True,CHA,estavel,0.0,5.3,5.3,1.0,1.0,5.306,0.748,valor_bom,0.619,4,0.875,53.3,77.3,favoravel,4.77,True,TITULAR,1.631,0.967,0.966,1.081,1.0
Rafael Lacerda,CHA,Técnico,Provável,8.35,0.13,5.14,9,False,VIT,estavel,0.0,5.1,5.14,1.0,1.0,4.968,0.571,valor_bom,0.595,7,0.15,-53.3,27.0,desfavoravel,3.72,False,BANCO,0.966,1.081,1.631,0.967,-1.0
Cuca,SAN,Técnico,Provável,10.22,-0.21,6.17,19,True,FLA,estavel,0.0,6.2,6.17,1.0,1.0,6.301,0.552,valor_bom,0.617,5,0.1,-11.1,45.0,neutro,4.42,False,TITULAR,1.418,0.944,0.916,0.928,8.0
Fernando Diniz,COR,Técnico,Provável,8.86,0.03,5.35,21,False,INT,estavel,0.0,5.3,5.35,1.0,1.0,5.343,0.551,valor_bom,0.603,6,0.55,-4.5,43.4,neutro,3.52,False,WATCH,0.773,1.706,1.45,1.411,-7.0
Rafael Guanaes,MIR,Técnico,Provável,8.11,0.62,4.62,25,False,RBB,alta,0.0,4.6,4.62,1.0,1.0,4.657,0.444,neutro,0.574,9,0.5,-26.2,52.1,neutro,4.36,False,TITULAR,1.194,0.809,0.853,1.406,4.0
Thiago Carpini,REM,Técnico,Provável,8.47,0.63,4.13,1,True,GRE,alta,0.0,4.1,4.13,1.0,0.125,4.702,0.185,neutro,0.069,19,0.5,22.2,46.1,neutro,4.0,False,WATCH,0.879,1.088,0.748,1.041,1.0
Rogério Ceni,BAH,Técnico,Provável,10.23,-0.36,5.72,27,False,PAL,estavel,0.0,5.7,5.72,1.0,1.0,5.924,0.142,neutro,0.579,8,0.05,-29.7,27.1,desfavoravel,4.15,False,WATCH,1.214,1.289,0.483,0.276,-2.0
Pedro Emanuel,VAS,Técnico,Provável,11.33,1.29,6.3,8,False,BOT,alta,0.0,6.3,6.3,1.0,1.0,6.456,-0.03,neutro,0.57,10,0.95,-20.5,72.8,neutro,4.89,False,TITULAR,1.867,0.533,0.69,0.864,3.0
Marcão,FLU,Técnico,Provável,12.29,0.16,7.48,6,True,CFC,estavel,0.0,7.5,7.48,1.0,0.75,6.984,-0.059,neutro,0.426,18,0.875,37.8,83.1,neutro,5.66,False,TITULAR,1.45,1.128,1.097,1.974,2.0
Abel Ferreira,PAL,Técnico,Provável,12.06,-0.31,6.78,28,True,BAH,estavel,0.0,6.8,6.78,1.0,1.0,6.743,-0.178,neutro,0.559,11,0.375,29.7,46.5,neutro,4.46,False,TITULAR,0.483,0.276,1.214,1.289,6.0
Tite,BOT,Técnico,Provável,8.52,-0.77,3.72,7,True,VAS,baixa,0.0,3.7,3.72,1.0,0.875,4.282,-0.306,neutro,0.44,17,0.725,20.5,46.0,neutro,3.3,False,WATCH,0.69,0.864,1.867,0.533,-2.0
Artur Jorge,CRU,Técnico,Provável,11.85,0.32,6.46,20,True,SAO,estavel,0.0,6.5,6.46,1.0,1.0,6.503,-0.307,neutro,0.549,12,0.375,42.2,58.7,neutro,4.3,False,TITULAR,1.318,1.015,0.703,1.024,2.0
Leonardo Jardim,FLA,Técnico,Provável,13.1,-0.11,7.37,24,False,SAN,estavel,0.0,7.4,7.37,1.0,1.0,7.18,-0.318,neutro,0.548,13,0.775,11.1,58.9,neutro,4.99,False,TITULAR,0.916,0.928,1.418,0.944,6.0
Eduardo Domínguez,CAM,Técnico,Provável,10.11,-0.45,5.4,23,False,CAP,estavel,0.0,5.4,5.4,1.0,1.0,5.38,-0.355,neutro,0.532,14,0.25,-37.8,46.7,neutro,4.43,False,TITULAR,1.041,1.024,1.418,2.047,4.0
Renato Gaúcho,GRE,Técnico,Provável,10.09,0.3,5.27,15,False,REM,estavel,0.0,5.3,5.27,1.0,1.0,5.289,-0.438,neutro,0.524,15,0.775,-22.2,46.1,neutro,4.01,False,WATCH,0.748,1.041,0.879,1.088,2.0
Dorival Júnior,SAO,Técnico,Provável,9.78,0.34,4.66,20,False,CRU,estavel,0.0,4.7,4.66,1.0,1.0,4.85,-0.683,armadilha_leve,0.496,16,0.425,-42.2,32.3,desfavoravel,3.47,False,WATCH,0.703,1.024,1.318,1.015,-2.0
Gustavo Marques,RBB,Zagueiro,Provável,6.81,-0.57,4.46,23,True,MIR,baixa,0.0,4.5,3.16,0.709,1.0,4.368,1.106,valor_bom,0.641,9,0.75,26.2,57.9,neutro,3.96,False,TITULAR,0.853,1.406,1.194,0.809,1.0
Kauan,CHA,Zagueiro,Provável,1.57,-0.17,1.27,7,False,VIT,estavel,0.0,1.3,0.84,0.661,0.875,1.376,1.074,valor_bom,0.767,1,0.575,-53.3,35.9,desfavoravel,2.66,False,BANCO,0.966,1.081,1.631,0.967,-1.0
Vitão,CAM,Zagueiro,Provável,5.22,-0.54,5.18,5,False,CAP,baixa,0.0,5.2,3.38,0.653,0.625,3.645,0.96,valor_bom,0.436,64,0.1,-37.8,29.2,desfavoravel,4.13,False,TITULAR,1.041,1.024,1.418,2.047,4.0
Wallace,GRE,Zagueiro,Provável,6.52,1.45,4.15,7,False,REM,alta,0.0,4.2,2.86,0.689,0.875,4.125,0.927,valor_bom,0.554,31,0.85,-22.2,53.7,neutro,4.22,False,TITULAR,0.748,1.041,0.879,1.088,2.0
Jonathan Jesus,CRU,Zagueiro,Provável,7.06,1.03,4.39,17,True,SAO,alta,0.0,4.4,3.86,0.879,1.0,4.298,0.912,valor_bom,0.609,15,0.825,42.2,74.7,favoravel,4.01,False,TITULAR,1.318,1.015,0.703,1.024,2.0
Jacy,CFC,Zagueiro,Provável,5.43,0.0,3.99,23,False,FLU,estavel,0.0,4.0,3.21,0.805,1.0,3.653,0.859,valor_bom,0.673,4,0.05,-37.8,17.8,desfavoravel,3.11,False,TITULAR,1.097,1.974,1.45,1.128,-2.0
David Duarte,BAH,Zagueiro,Provável,6.33,0.49,3.94,20,False,PAL,estavel,0.0,3.9,2.59,0.657,1.0,3.987,0.839,valor_bom,0.63,10,0.225,-29.7,37.7,desfavoravel,3.34,False,TITULAR,1.214,1.289,0.483,0.276,-2.0
Rafael Tolói,SAO,Zagueiro,Provável,8.49,0.75,5.19,8,False,CRU,alta,0.0,5.2,4.07,0.784,1.0,4.647,0.802,valor_bom,0.547,34,0.15,-42.2,26.5,desfavoravel,3.25,False,TITULAR,0.703,1.024,1.318,1.015,-2.0
Gustavo Gómez,PAL,Zagueiro,Provável,10.67,-0.45,5.45,25,True,BAH,estavel,0.0,5.5,2.69,0.494,1.0,5.124,0.708,valor_bom,0.48,51,0.2,29.7,52.6,neutro,4.49,False,WATCH,0.483,0.276,1.214,1.289,6.0
Mercado,INT,Zagueiro,Provável,6.01,0.13,3.6,18,True,COR,estavel,0.0,3.6,2.6,0.722,1.0,3.755,0.697,valor_bom,0.625,11,0.475,4.5,51.8,neutro,3.72,False,TITULAR,1.45,1.411,0.773,1.706,1.0
Terán,CAP,Zagueiro,Provável,6.98,0.0,4.09,13,True,CAM,estavel,0.0,4.1,2.94,0.719,1.0,4.095,0.689,valor_bom,0.587,20,0.6,37.8,56.9,neutro,3.75,False,TITULAR,1.418,2.047,1.041,1.024,3.0
Léo Pereira,FLA,Zagueiro,Provável,8.97,-1.1,4.86,21,False,SAN,baixa,0.0,4.9,2.62,0.539,1.0,4.651,0.641,valor_bom,0.519,42,0.575,11.1,55.4,neutro,3.42,False,TITULAR,0.916,0.928,1.418,0.944,6.0
Thiago Santos,CFC,Zagueiro,Provável,4.56,0.26,3.25,19,False,FLU,estavel,0.0,3.2,2.46,0.757,1.0,3.083,0.629,valor_bom,0.676,3,0.05,-37.8,17.8,desfavoravel,2.2,False,WATCH,1.097,1.974,1.45,1.128,-2.0
Arthur Dias,CAP,Zagueiro,Provável,6.19,0.44,3.64,23,True,CAM,estavel,0.0,3.6,2.73,0.75,1.0,3.76,0.617,valor_bom,0.607,16,0.6,37.8,56.9,neutro,3.5,False,TITULAR,1.418,2.047,1.041,1.024,3.0
Alexander Barboza,PAL,Zagueiro,Provável,10.36,0.03,5.3,17,True,BAH,estavel,0.0,5.3,3.48,0.657,1.0,4.917,0.537,valor_bom,0.475,54,0.2,29.7,52.6,neutro,4.39,False,TITULAR,0.483,0.276,1.214,1.289,6.0
Thiago Silva,FLU,Zagueiro,Provável,6.17,-0.66,2.82,4,True,CFC,baixa,0.0,2.8,2.07,0.734,0.5,3.676,0.521,valor_bom,0.298,75,0.4,37.8,59.4,neutro,3.94,False,WATCH,1.45,1.128,1.097,1.974,2.0
Willian Machado,MIR,Zagueiro,Provável,6.11,1.23,3.46,21,False,RBB,alta,0.0,3.5,2.65,0.766,1.0,3.637,0.5,neutro,0.595,19,0.65,-26.2,53.4,neutro,3.88,False,TITULAR,1.194,0.809,0.853,1.406,4.0
Sabino,SAO,Zagueiro,Provável,6.96,-0.3,3.84,20,False,CRU,estavel,0.0,3.8,2.79,0.727,1.0,3.915,0.47,neutro,0.562,27,0.15,-42.2,26.5,desfavoravel,3.54,False,TITULAR,0.703,1.024,1.318,1.015,-2.0
Ferraresi,BOT,Zagueiro,Provável,6.8,0.27,3.73,22,True,VAS,estavel,0.0,3.7,3.05,0.818,1.0,3.83,0.432,neutro,0.563,26,0.475,20.5,49.0,neutro,4.14,False,TITULAR,0.69,0.864,1.867,0.533,-2.0
Saldivia,VAS,Zagueiro,Provável,7.37,1.54,3.71,12,False,BOT,alta,0.0,3.7,2.79,0.752,1.0,3.867,0.241,neutro,0.525,39,0.3,-20.5,52.7,neutro,3.1,False,TITULAR,1.867,0.533,0.69,0.864,3.0
Gabriel Paulista,COR,Zagueiro,Provável,8.25,0.0,4.13,19,False,INT,estavel,0.0,4.1,2.71,0.656,1.0,4.122,0.226,neutro,0.5,44,0.9,-4.5,49.4,neutro,3.18,False,TITULAR,0.773,1.706,1.45,1.411,-7.0
João Marcelo,CRU,Zagueiro,Provável,3.77,-0.1,2.14,13,True,SAO,estavel,0.0,2.1,1.45,0.678,1.0,2.348,0.218,neutro,0.623,12,0.825,42.2,74.7,favoravel,3.29,False,TITULAR,1.318,1.015,0.703,1.024,2.0
Lucas Veríssimo,SAN,Zagueiro,Provável,9.24,0.46,4.39,14,True,FLA,estavel,0.0,4.4,2.96,0.674,1.0,4.286,0.09,neutro,0.464,60,0.0,-11.1,39.2,neutro,3.72,False,TITULAR,1.418,0.944,0.916,0.928,8.0
Robert Renan,VAS,Zagueiro,Provável,6.26,0.64,3.11,25,False,BOT,alta,0.0,3.1,2.51,0.807,1.0,3.351,0.069,neutro,0.535,36,0.3,-20.5,52.7,neutro,3.43,False,TITULAR,1.867,0.533,0.69,0.864,3.0
Arboleda,SAO,Zagueiro,Provável,8.96,0.26,4.21,14,False,CRU,estavel,0.0,4.2,3.35,0.796,1.0,4.171,0.039,neutro,0.466,59,0.15,-42.2,26.5,desfavoravel,3.1,False,TITULAR,0.703,1.024,1.318,1.015,-2.0
Murilo,PAL,Zagueiro,Provável,8.11,0.0,3.87,23,True,BAH,estavel,0.0,3.9,2.09,0.54,1.0,3.93,0.035,neutro,0.485,47,0.2,29.7,52.6,neutro,3.8,False,TITULAR,0.483,0.276,1.214,1.289,6.0
Eduardo Doma,CHA,Zagueiro,Provável,4.06,0.55,2.25,24,False,VIT,alta,0.0,2.2,1.75,0.778,1.0,2.359,0.033,neutro,0.581,22,0.575,-53.3,35.9,desfavoravel,2.8,False,WATCH,0.966,1.081,1.631,0.967,-1.0
Gustavo Henrique,COR,Zagueiro,Provável,9.46,1.04,4.33,22,False,INT,alta,0.0,4.3,2.6,0.6,1.0,4.27,-0.001,neutro,0.451,63,0.9,-4.5,49.4,neutro,3.09,False,TITULAR,0.773,1.706,1.45,1.411,-7.0
Juninho,INT,Zagueiro,Provável,4.97,0.0,2.77,9,True,COR,estavel,0.0,2.8,1.77,0.639,1.0,2.73,-0.056,neutro,0.549,33,0.475,4.5,51.8,neutro,3.23,False,TITULAR,1.45,1.411,0.773,1.706,1.0
Millán,FLU,Zagueiro,Provável,3.62,-0.87,1.22,7,True,CFC,baixa,0.0,1.2,0.79,0.648,0.875,2.002,-0.111,neutro,0.484,48,0.4,37.8,59.4,neutro,2.53,False,WATCH,1.45,1.128,1.097,1.974,2.0
João Victor,MIR,Zagueiro,Provável,5.72,0.67,3.08,24,False,RBB,alta,0.0,3.1,2.12,0.688,1.0,2.981,-0.138,neutro,0.521,41,0.65,-26.2,53.4,neutro,3.92,False,TITULAR,1.194,0.809,0.853,1.406,4.0
Kannemann,GRE,Zagueiro,Provável,3.82,0.0,0.73,4,False,REM,estavel,0.0,0.7,0.73,1.0,0.5,2.034,-0.213,neutro,0.266,79,0.85,-22.2,53.7,neutro,3.82,False,WATCH,0.748,1.041,0.879,1.088,2.0
Lyanco,CAM,Zagueiro,Provável,7.8,0.0,3.04,9,False,CAP,estavel,0.0,3.0,2.04,0.671,1.0,3.54,-0.34,neutro,0.454,62,0.1,-37.8,29.2,desfavoravel,2.49,False,WATCH,1.041,1.024,1.418,2.047,4.0
Cacá,VIT,Zagueiro,Provável,5.31,0.38,2.5,19,True,CHA,estavel,0.0,2.5,1.24,0.496,1.0,2.555,-0.463,neutro,0.481,49,0.825,53.3,76.5,neutro,3.94,False,WATCH,1.631,0.967,0.966,1.081,1.0
Marllon,REM,Zagueiro,Provável,5.87,0.69,2.79,25,True,GRE,alta,0.0,2.8,1.87,0.67,1.0,2.765,-0.484,neutro,0.471,55,0.95,22.2,67.6,neutro,3.59,False,TITULAR,0.879,1.088,0.748,1.041,1.0
Zé Ivaldo,REM,Zagueiro,Provável,5.52,0.0,2.49,9,True,GRE,estavel,0.0,2.5,2.16,0.867,1.0,2.582,-0.539,armadilha_leve,0.468,56,0.95,22.2,67.6,neutro,3.1,False,WATCH,0.879,1.088,0.748,1.041,1.0
Kanu,BAH,Zagueiro,Provável,3.14,-0.08,0.94,5,False,PAL,estavel,0.0,0.9,0.34,0.362,0.625,1.266,-0.67,armadilha_leve,0.252,81,0.225,-29.7,37.7,desfavoravel,2.12,False,WATCH,1.214,1.289,0.483,0.276,-2.0
Guzmán Rodríguez,RBB,Zagueiro,Provável,5.58,-0.89,1.5,2,True,MIR,baixa,0.0,1.5,1.5,1.0,0.25,2.449,-0.738,armadilha_leve,0.11,92,0.75,26.2,57.9,neutro,3.75,False,WATCH,0.853,1.406,1.194,0.809,1.0
Danilo,FLA,Zagueiro,Provável,4.85,0.0,1.4,9,False,SAN,estavel,0.0,1.4,1.07,0.764,1.0,2.005,-0.902,armadilha_leve,0.413,67,0.575,11.1,55.4,neutro,2.57,False,WATCH,0.916,0.928,1.418,0.944,6.0
