abr_casa,abr_vis,odd_casa,odd_vis,odd_empate,prob_casa,prob_vis,prob_over_25,forca_casa,forca_vis,commence_time
VAS,REM,1.28,9.5,5.4,0.729,0.098,,favorito_forte,zebra,2026-10-10T21:00:00Z
SAO,VIT,1.62,4.9,3.45,0.556,0.184,0.452,favorito,zebra,2026-10-11T00:00:00Z
CAM,SAN,1.92,3.5,3.3,0.469,0.257,0.482,favorito,zebra,2026-10-11T19:00:00Z
PAL,COR,1.5,5.6,3.75,0.6,0.161,0.476,favorito,zebra,2026-10-11T20:30:00Z
FLA,FLU,1.43,6.75,4.35,0.649,0.138,0.553,favorito_forte,zebra,2026-10-11T20:30:00Z
GRE,INT,2.75,2.45,3.3,0.338,0.38,0.491,zebra,equilibrado,2026-10-11T20:30:00Z
BAH,MIR,1.63,4.4,3.7,0.552,0.205,0.554,favorito,zebra,2026-10-11T22:30:00Z
CFC,BOT,2.65,2.48,3.4,0.351,0.375,0.531,zebra,equilibrado,2026-10-12T19:00:00Z
CHA,CAP,3.45,1.95,3.25,0.261,0.462,0.496,zebra,favorito,2026-10-12T22:30:00Z
RBB,CRU,1.97,3.2,3.4,0.456,0.28,0.551,favorito,zebra,2026-10-13T00:00:00Z
CAM,CFC,1.53,6.0,4.0,0.611,0.156,0.513,favorito,zebra,2026-10-17T21:30:00Z
CAP,PAL,3.0,2.17,3.15,0.3,0.415,0.466,zebra,equilibrado,2026-10-17T22:30:00Z
SAO,VAS,2.25,2.88,3.1,0.399,0.312,0.448,equilibrado,zebra,2026-10-18T00:00:00Z
BAH,FLA,3.5,2.0,3.5,0.267,0.467,0.542,zebra,equilibrado,2026-10-18T21:30:00Z
REM,RBB,2.95,2.25,3.5,0.317,0.416,0.555,zebra,equilibrado,2026-10-18T22:30:00Z
COR,VIT,1.68,5.71,3.67,0.571,0.168,0.459,favorito,zebra,2026-10-19T23:00:00Z
